prior,n_windows,replicate,seed,window_cycles,n_samples_per_window,n_samples_total,zeta_true,f_n_hz,noise_sd,prior_mu,prior_sd,zeta_mean,zeta_sd,zeta_q025,zeta_q975,zeta_mle,profile_q025,profile_q975,sensitivity,cv_zeta,lambda_zeta,response_half_width_nonlinear,zeta_credible_half_width,profile_response_half_width,lambda_profile,accept_lambda,accept_nonlinear,accept_profile,response_bias_relative,response_bias_mle_relative,credible_coverage,zeta_error_sq,false_accept,false_reject,profile_false_accept,profile_false_reject
debil,20,0,20260728,5,250,5000,0.03,1.0,0.5,0.03,0.03,0.029757717403643455,0.001773461069864966,0.02604205612033603,0.03302001139212159,0.029648535564853556,0.026686192468619245,0.03310460251046025,1.0,0.05959667691608054,1.1680948675551786,0.12073837086476903,0.11724614454015876,0.10770248367032653,1.0568757266701587,False,False,False,0.008141840755799237,0.011854360711261619,True,5.870085649726799e-08,False,True,False,True
debil,20,1,20260729,5,250,5000,0.03,1.0,0.5,0.03,0.03,0.02993818390207771,0.0017391911670488226,0.026292121965901562,0.03311383607555417,0.030142259414225936,0.026686192468619245,0.03310460251046025,1.0,0.05809274112075057,1.1386177259667112,0.11728806947809702,0.11392999207909833,0.10949600513139039,1.0505049106481794,False,False,False,0.002064791175192013,0.004719600222098776,True,3.8212299623378484e-09,False,True,False,True
debil,20,2,20260730,5,250,5000,0.03,1.0,0.5,0.03,0.03,0.0310971832855826,0.0017185602697773147,0.027484524736531023,0.034259987437071884,0.03112970711297071,0.028167364016736397,0.03409205020920502,1.0,0.05526417791588476,1.0831778871513413,0.11188054817615582,0.10894013516140749,0.09603091470890145,0.9335560097674731,False,False,True,0.03528240083696843,0.03629032258064519,True,1.203811162161831e-06,False,True,False,False
debil,20,3,20260731,5,250,5000,0.03,1.0,0.5,0.03,0.03,0.02972034670427666,0.001781230992537412,0.02598486498139594,0.03300136811796658,0.029648535564853556,0.026686192468619245,0.03310460251046025,1.0,0.059933048906226215,1.1746877585620337,0.12158841309887908,0.11804208084088376,0.10770248367032653,1.0582046541366668,False,False,False,0.009409489684152915,0.011854360711261619,True,7.820596580892553e-08,False,True,False,True
debil,20,4,20260732,5,250,5000,0.03,1.0,0.5,0.03,0.03,0.032211166897686216,0.0018361668325942578,0.028370355675184873,0.03558151793158562,0.032117154811715475,0.028661087866108784,0.03557322175732217,1.0,0.05700404578407722,1.1172792973679135,0.11505155108792796,0.11193575009725491,0.10886877626045903,1.051481809849568,False,False,False,0.06864597314060826,0.06591974986972371,True,4.889259049423292e-06,False,True,False,True
debil,20,5,20260733,5,250,5000,0.03,1.0,0.5,0.03,0.03,0.03127978647608433,0.0017524367712892497,0.0276218013261325,0.034501540113369686,0.03112970711297071,0.028167364016736397,0.034585774058577406,1.0,0.05602457589117864,1.098081687467101,0.11290554046845909,0.10997099984197856,0.10254837698227356,1.005448334152374,False,False,False,0.0409141691891925,0.03629032258064519,True,1.6378534243683467e-06,False,True,False,True
debil,20,6,20260734,5,250,5000,0.03,1.0,0.5,0.03,0.03,0.030624793656208776,0.001787923447384544,0.026876043225927314,0.033926503757813455,0.030635983263598322,0.02717991631799163,0.03409205020920502,1.0,0.058381567152928915,1.1442787161974066,0.11840123270786085,0.11511033528966737,0.11426487143026415,1.1059488742083006,False,False,False,0.020401562969620597,0.020759355367385834,True,3.9036711283873115e-07,False,True,False,True
debil,20,7,20260735,5,250,5000,0.03,1.0,0.5,0.03,0.03,0.029300921673048846,0.0017756370239244816,0.025585863144023738,0.03256032531885629,0.02915481171548117,0.02619246861924686,0.03261087866108786,1.0,0.06060003994883623,1.1877607829971901,0.12265159524276148,0.11901438208422811,0.10953899985324994,1.0733522158775295,False,False,False,0.023858578059480277,0.028989667049368603,True,4.887105072128224e-07,False,True,False,True
debil,20,8,20260736,5,250,5000,0.03,1.0,0.5,0.03,0.03,0.03193336693346868,0.001796154369317565,0.028194369890105164,0.03524985778668642,0.032117154811715475,0.028661087866108784,0.035079497907949786,1.0,0.05624694611939131,1.1024401439400695,0.1133501253055803,0.11047203245559661,0.10251525324566771,0.98486981565538,False,False,False,0.06054378598713821,0.06591974986972371,True,3.7379076994300995e-06,False,True,False,True
debil,20,9,20260737,5,250,5000,0.03,1.0,0.5,0.03,0.03,0.028371626513857648,0.0018161189906584897,0.024574547083731788,0.03171561430789588,0.028167364016736397,0.025205020920502086,0.031623430962343095,1.0,0.0640118038270184,1.2546313550095605,0.12997466589003323,0.12584874576500146,0.11340902597601138,1.1085092068887772,False,False,False,0.05739443543524011,0.06506238859180051,True,2.6516002103713933e-06,False,True,False,True
debil,20,10,20260738,5,250,5000,0.03,1.0,0.5,0.03,0.03,0.03159171044958552,0.0017789659604019678,0.02786059538803464,0.0348779200048238,0.031623430962343095,0.028167364016736397,0.035079497907949786,1.0,0.05631116312112527,1.1036987971740553,0.11407060405765909,0.11106275217335101,0.11060927812022338,1.0720994711886507,False,False,False,0.05038380090643052,0.05133633236305904,True,2.5335421553197313e-06,False,True,False,True
debil,20,11,20260739,5,250,5000,0.03,1.0,0.5,0.03,0.03,0.02972865738136686,0.0017727044054075926,0.02601110763967347,0.03299357072293028,0.029648535564853556,0.026686192468619245,0.03310460251046025,1.0,0.05962948082945303,1.1687378242572795,0.12093883551621946,0.11743656959821591,0.10770248367032653,1.057908831925019,False,False,False,0.009127308211477114,0.011854360711261619,True,7.362681668668888e-08,False,True,False,True
debil,20,12,20260740,5,250,5000,0.03,1.0,0.5,0.03,0.03,0.030167351169213097,0.0018045976104002872,0.02638636660574476,0.03349498661190293,0.030142259414225936,0.026686192468619245,0.033598326359832634,1.0,0.059819557914714966,1.1724633351284133,0.12132019005037661,0.11781975762944641,0.11618597084389168,1.1227189247397578,False,False,False,0.005547426695648596,0.004719600222098776,True,2.800641383699096e-08,False,True,False,True
debil,20,13,20260741,5,250,5000,0.03,1.0,0.5,0.03,0.03,0.029828965103649213,0.0017908361663637575,0.02608607793179263,0.03310593522717715,0.029648535564853556,0.026686192468619245,0.03310460251046025,1.0,0.06003681858022859,1.1767216441724804,0.12123327170736616,0.11766846873486947,0.10770248367032653,1.054351335882362,False,False,False,0.005733852842580304,0.011854360711261619,True,2.9252935769724015e-08,False,True,False,True
debil,20,14,20260742,5,250,5000,0.03,1.0,0.5,0.03,0.03,0.03266267055022895,0.0018160259097579064,0.028861015118712884,0.03600666128092295,0.03261087866108786,0.02915481171548117,0.03606694560669456,1.0,0.0555994313742719,1.0897488549357293,0.11229715305452476,0.10938551627646956,0.10718278587430509,1.0369469334989263,False,False,False,0.08152029535166981,0.08006158583525777,True,7.089814459056548e-06,False,True,False,True
debil,20,15,20260743,5,250,5000,0.03,1.0,0.5,0.03,0.03,0.030507753658243892,0.0017533228755822687,0.02682909218495391,0.0337351676512881,0.030635983263598322,0.02717991631799163,0.033598326359832634,1.0,0.0574713856425965,1.1264391585948912,0.11639188575043949,0.11318557806153019,0.10766226864774327,1.0308923284662206,False,False,False,0.01664342986153258,0.020759355367385834,True,2.578137774600562e-07,False,True,False,True
debil,20,16,20260744,5,250,5000,0.03,1.0,0.5,0.03,0.03,0.028385630999685718,0.0017478666573192796,0.024738003037372978,0.03158600125098829,0.028167364016736397,0.025205020920502086,0.031623430962343095,1.0,0.06157575490707364,1.2068847961786433,0.1243864029177304,0.12062437882200207,0.11340902597601138,1.1079623068928484,False,False,False,0.05687275369471812,0.06506238859180051,True,2.60618726917573e-06,False,True,False,True
debil,20,17,20260745,5,250,5000,0.03,1.0,0.5,0.03,0.03,0.030625299451263147,0.0018249730220634875,0.026811436552866615,0.033993156286829626,0.030635983263598322,0.02717991631799163,0.03409205020920502,1.0,0.059590373147787,1.1679713136966252,0.12066108493867887,0.11725142060066943,0.11426487143026415,1.1059306088041743,False,False,False,0.020417741621049073,0.020759355367385834,True,3.909994037499936e-07,False,True,False,True
debil,20,18,20260746,5,250,5000,0.03,1.0,0.5,0.03,0.03,0.028195082529378718,0.0017250874467257468,0.024573332907920277,0.031373519291552174,0.028167364016736397,0.025205020920502086,0.03112970711297071,1.0,0.06118398287815756,1.199206064411888,0.12434745140066278,0.12059170914903755,0.10634558540033424,1.0296462978197194,False,False,False,0.06401532851484269,0.06506238859180051,True,3.2577270757539235e-06,False,True,False,True
debil,20,19,20260747,5,250,5000,0.03,1.0,0.5,0.03,0.03,0.030289672696672546,0.0017993487875003656,0.02652302122759954,0.033586692881838714,0.030142259414225936,0.02717991631799163,0.033598326359832634,1.0,0.05940469563733622,1.1643320344917898,0.1200894490229428,0.11660198056572511,0.1059272034059468,1.0383145938871716,False,False,False,0.009563414552986343,0.004719600222098776,True,8.391027119754559e-08,False,True,False,True
debil,20,20,20260748,5,250,5000,0.03,1.0,0.5,0.03,0.03,0.03149150938506101,0.0018002089726970277,0.027736131470601937,0.03482006333438446,0.031623430962343095,0.028167364016736397,0.034585774058577406,1.0,0.057164899614212,1.120432032438555,0.11549479505055947,0.11247367944743564,0.10417481629462683,0.9986885296752508,False,False,False,0.04736227047181674,0.05133633236305904,True,2.2246002457250807e-06,False,True,False,True
debil,20,21,20260749,5,250,5000,0.03,1.0,0.5,0.03,0.03,0.02978474625310054,0.0017660308520566442,0.026090300916398152,0.03303052264522729,0.029648535564853556,0.026686192468619245,0.03310460251046025,1.0,0.059293130686745514,1.162145361460212,0.11993411113336243,0.11650630946883878,0.10770248367032653,1.0559166406108629,False,False,False,0.007226979376298956,0.011854360711261619,True,4.633417555425572e-08,False,True,False,True
debil,20,22,20260750,5,250,5000,0.03,1.0,0.5,0.03,0.03,0.029816304561295706,0.001763176875481417,0.02613550283896486,0.03305187453601878,0.029648535564853556,0.026686192468619245,0.03310460251046025,1.0,0.05913465472747357,1.159039232658482,0.11936450171875088,0.11598304683994949,0.10770248367032653,1.054799032534909,False,False,False,0.006160905632240627,0.011854360711261619,True,3.3744014200762563e-08,False,True,False,True
debil,20,23,20260751,5,250,5000,0.03,1.0,0.5,0.03,0.03,0.030298241911638997,0.0017622190205455318,0.026617602784808667,0.03353484426866949,0.030142259414225936,0.02717991631799163,0.033598326359832634,1.0,0.05816241832396815,1.1399833991497756,0.11739649664283318,0.11415252251325485,0.1059272034059468,1.0380209286314857,False,False,False,0.009843538529687165,0.004719600222098776,True,8.894823785808396e-08,False,True,False,True
debil,20,24,20260752,5,250,5000,0.03,1.0,0.5,0.03,0.03,0.02943147898271148,0.0017948805230550984,0.02570084221952722,0.03273948523456802,0.029648535564853556,0.02619246861924686,0.03261087866108786,1.0,0.06098506038753404,1.195307183595667,0.1230982356169187,0.1195767806839645,0.11139399439726308,1.0685908521109408,False,False,False,0.019316766840785673,0.011854360711261619,True,3.232161470987739e-07,False,True,False,True
debil,20,25,20260753,5,250,5000,0.03,1.0,0.5,0.03,0.03,0.02886171964250008,0.0017983066435033614,0.02510503773053294,0.03216272596719628,0.028661087866108784,0.025698744769874472,0.032117154811715475,1.0,0.062307674864088156,1.2212304273361279,0.12613655028292092,0.12226728559636134,0.11144001381920231,1.0896859090374218,False,False,False,0.03943910382331324,0.046715328467153226,True,1.2956821722701468e-06,False,True,False,True
debil,20,26,20260754,5,250,5000,0.03,1.0,0.5,0.03,0.03,0.030162508581793146,0.0017720226344060726,0.02644366674193622,0.03343285148852663,0.030142259414225936,0.02717991631799163,0.033598326359832634,1.0,0.05874917961816049,1.1514839205159455,0.11922542762386418,0.11585881074244035,0.1059272034059468,1.0426920930577057,False,False,False,0.005387767444888211,0.004719600222098776,True,2.6409039156419977e-08,False,True,False,True
debil,20,27,20260755,5,250,5000,0.03,1.0,0.5,0.03,0.03,0.031263169970496836,0.001814268243537641,0.027465138865003173,0.034588033413344925,0.03112970711297071,0.028167364016736397,0.034585774058577406,1.0,0.05803212678847898,1.137429685054188,0.11720654442511112,0.11391830315133834,0.10254837698227356,1.0059827341469407,False,False,False,0.04040441105904797,0.03629032258064519,True,1.5955983743649804e-06,False,True,False,True
debil,20,28,20260756,5,250,5000,0.03,1.0,0.5,0.03,0.03,0.03272738441399285,0.0018368428385985326,0.028885387963868105,0.03610610989345349,0.03261087866108786,0.02915481171548117,0.03606694560669456,1.0,0.05612556186473539,1.1000610125488135,0.11329298459325218,0.11031620856474719,0.10718278587430509,1.0348965147506395,False,False,False,0.0833364615849576,0.08006158583525777,True,7.438625741691139e-06,False,True,False,True
debil,20,29,20260757,5,250,5000,0.03,1.0,0.5,0.03,0.03,0.030325570975882073,0.0017883276815214206,0.026589200814875938,0.033597620890072906,0.030142259414225936,0.02717991631799163,0.033598326359832634,1.0,0.05897094840996325,1.1558305888352798,0.11895571358934758,0.11555297805885938,0.1059272034059468,1.0370854758195076,False,False,False,0.010735856421005323,0.004719600222098776,True,1.0599646033680588e-07,False,True,False,True
debil,20,30,20260758,5,250,5000,0.03,1.0,0.5,0.03,0.03,0.030863166224853248,0.0017682287471140839,0.027184127242054084,0.03409582780400978,0.030635983263598322,0.02767364016736401,0.03409205020920502,1.0,0.05729252579698639,1.122933505620933,0.1150744117855981,0.11197329061445896,0.1042101155832105,1.0190208281253712,False,False,False,0.027967520200768304,0.020759355367385834,True,7.450559317274099e-07,False,True,False,True
debil,20,31,20260759,5,250,5000,0.03,1.0,0.5,0.03,0.03,0.03137381322226382,0.001738103775294385,0.02773790742002705,0.034555178961437186,0.03112970711297071,0.028167364016736397,0.034585774058577406,1.0,0.05539982542067833,1.0858365782452952,0.11157350161268567,0.10864588714661548,0.10254837698227356,1.002435023827544,False,False,False,0.04378853193684854,0.03629032258064519,True,1.8873627696669e-06,False,True,False,True
debil,20,32,20260760,5,250,5000,0.03,1.0,0.5,0.03,0.03,0.03087420942928698,0.0017869361851788215,0.027154542293354397,0.03415711656037056,0.030635983263598322,0.02767364016736401,0.03409205020920502,1.0,0.05787795762905433,1.1344079695294647,0.11654667422001894,0.1134049162142041,0.1042101155832105,1.0186563408871474,False,False,False,0.028315200468184896,0.020759355367385834,True,7.642421262542703e-07,False,True,False,True
debil,20,33,20260761,5,250,5000,0.03,1.0,0.5,0.03,0.03,0.029870246381725113,0.0017764661214143076,0.026170892404986348,0.03312175922972928,0.029648535564853556,0.026686192468619245,0.03310460251046025,1.0,0.05947276425885679,1.165666179473593,0.11976112006596616,0.11635101257476627,0.10770248367032653,1.0528942012430949,False,False,False,0.004343908537502798,0.011854360711261619,True,1.683600145542482e-08,False,True,False,True
debil,20,34,20260762,5,250,5000,0.03,1.0,0.5,0.03,0.03,0.030768754855875196,0.0017440027071693202,0.027126238881586596,0.03397819503191193,0.030635983263598322,0.02767364016736401,0.03409205020920502,1.0,0.05668096467791606,1.1109469076871548,0.11436802309821582,0.11134600965201184,0.1042101155832105,1.02214760890838,False,False,False,0.02498491926228887,0.020759355367385834,True,5.90984028431695e-07,False,True,False,True
debil,20,35,20260763,5,250,5000,0.03,1.0,0.5,0.03,0.03,0.026970662194373624,0.001751443668817102,0.023304137036589352,0.030174180926446487,0.02717991631799163,0.023723849372384934,0.030142259414225936,1.0,0.06493884563140138,1.272801374375467,0.13175060251466253,0.12736142406044265,0.12197887319116268,1.166089619096626,False,False,False,0.11231974149519863,0.10375615763546782,True,9.17688754059722e-06,False,False,False,False
debil,20,36,20260764,5,250,5000,0.03,1.0,0.5,0.03,0.03,0.02884943662865904,0.001758327823282781,0.02518471013560477,0.0320723883380103,0.028661087866108784,0.025698744769874472,0.032117154811715475,1.0,0.06094842841873929,1.1945891970072902,0.1230019314043456,0.11937283717289836,0.11144001381920231,1.0901498566449737,False,False,False,0.03988165821574448,0.046715328467153226,True,1.3237960714714718e-06,False,True,False,True
debil,20,37,20260765,5,250,5000,0.03,1.0,0.5,0.03,0.03,0.030567451660757763,0.0017560374900941612,0.026880052884644002,0.03380723210818088,0.030635983263598322,0.02717991631799163,0.033598326359832634,1.0,0.05744795181433287,1.1259798555609242,0.11650536594581573,0.11330972729450543,0.10766226864774327,1.0288790035250606,False,False,False,0.01856391782525513,0.020759355367385834,True,3.220013872967451e-07,False,True,False,True
debil,20,38,20260766,5,250,5000,0.03,1.0,0.5,0.03,0.03,0.03159743748220063,0.0018417239133816442,0.027757854447922482,0.034996150533416315,0.031623430962343095,0.028167364016736397,0.035079497907949786,1.0,0.05828712896161653,1.142427727647684,0.1177204847042746,0.11453928961124278,0.11060927812022338,1.0719051532588626,False,False,False,0.05055591875450332,0.05133633236305904,True,2.5518065095395e-06,False,True,False,True
debil,20,39,20260767,5,250,5000,0.03,1.0,0.5,0.03,0.03,0.030538021221470292,0.0017549756626672043,0.026853664069633333,0.03377253468915169,0.030635983263598322,0.02717991631799163,0.033598326359832634,1.0,0.05746854552034098,1.126383492198683,0.11648738560512442,0.11328289035724948,0.10766226864774327,1.029870566168488,False,False,False,0.017618077398283773,0.020759355367385834,True,2.894668347523862e-07,False,True,False,True
debil,20,40,20260768,5,250,5000,0.03,1.0,0.5,0.03,0.03,0.03116103497842782,0.0018343824834899838,0.027326713494436463,0.03453788040656483,0.03112970711297071,0.02767364016736401,0.034585774058577406,1.0,0.05886782915778925,1.1538094514926693,0.11904313112303197,0.1157080776861314,0.11240700883702771,1.0869169169250252,False,False,False,0.03725919178331466,0.03629032258064519,True,1.3480022211328878e-06,False,True,False,True
debil,20,41,20260769,5,250,5000,0.03,1.0,0.5,0.03,0.03,0.02989348614582198,0.001774272350247803,0.026200896911986668,0.03314586598444506,0.029648535564853556,0.026686192468619245,0.03310460251046025,1.0,0.059353142741291866,1.1633215977293205,0.11952846901699524,0.11616191297629973,0.10770248367032653,1.0520756612863802,False,False,False,0.0035631125007781605,0.011854360711261619,True,1.1345201131856303e-08,False,True,False,True
debil,20,42,20260770,5,250,5000,0.03,1.0,0.5,0.03,0.03,0.028051361061996655,0.0017558126001906667,0.024365823123256372,0.03128429973788354,0.028167364016736397,0.024711297071129706,0.03112970711297071,1.0,0.06259277745240682,1.2268184380671736,0.12729955759944048,0.12331802010135193,0.11750953104005762,1.1211651775296185,False,False,False,0.06946682314974424,0.06506238859180051,True,3.797193710702801e-06,False,True,False,True
debil,20,43,20260771,5,250,5000,0.03,1.0,0.5,0.03,0.03,0.028807148659166885,0.0017183431132181885,0.025220396150202513,0.0319688438667571,0.028661087866108784,0.025698744769874472,0.032117154811715475,1.0,0.059649885295793924,1.1691377517975607,0.12055780471316316,0.11713147657199884,0.11144001381920231,1.0917501616395817,False,False,False,0.04140817110871985,0.046715328467153226,True,1.4228943213273566e-06,False,True,False,True
debil,20,44,20260772,5,250,5000,0.03,1.0,0.5,0.03,0.03,0.031124845079678644,0.0017575479531003891,0.027434076735109184,0.03436907517223351,0.03112970711297071,0.028167364016736397,0.03409205020920502,1.0,0.05646768517565696,1.1067666294428762,0.11446306615227345,0.11140615189201658,0.09603091470890145,0.9327263242203417,False,False,True,0.03613978083422033,0.03629032258064519,True,1.2652764532772572e-06,False,True,False,False
debil,20,45,20260773,5,250,5000,0.03,1.0,0.5,0.03,0.03,0.030170791742481974,0.0017913262787123696,0.026414862148252997,0.03347521365543597,0.030142259414225936,0.026686192468619245,0.033598326359832634,1.0,0.05937286280061697,1.1637081108920926,0.12045125481958535,0.11700640088343538,0.11618597084389168,1.1225908937369953,False,False,False,0.005660830645073673,0.004719600222098776,True,2.9169819300029335e-08,False,True,False,True
debil,20,46,20260774,5,250,5000,0.03,1.0,0.5,0.03,0.03,0.028588933927393555,0.0018179638708249485,0.024793339255836773,0.03194884104501584,0.028661087866108784,0.025205020920502086,0.032117154811715475,1.0,0.06358977482133388,1.246359586498144,0.1291272578066453,0.12514460677952655,0.12236316156253921,1.184705108380845,False,False,False,0.04935707208215902,0.046715328467153226,True,1.991107461260975e-06,False,True,False,True
debil,20,47,20260775,5,250,5000,0.03,1.0,0.5,0.03,0.03,0.0332861286693995,0.0018150946517761094,0.029491943310225192,0.03662685359054369,0.03310460251046025,0.030142259414225936,0.036560669456066945,1.0,0.054530061750459935,1.0687892103090146,0.1099306524219267,0.10717542960887702,0.0964041873433404,0.9448443078913424,False,False,True,0.0987236666071202,0.09378159757330631,True,1.079864163184933e-05,False,True,False,False
debil,20,48,20260776,5,250,5000,0.03,1.0,0.5,0.03,0.03,0.028660073758134133,0.001777618134596405,0.024929090078426072,0.03194098798164542,0.028661087866108784,0.025205020920502086,0.032117154811715475,1.0,0.0620241995745699,1.21567431166157,0.12619092381862254,0.12232867860692916,0.12236316156253921,1.181764441807585,False,False,False,0.04675236543958917,0.046715328467153226,True,1.7954023336407828e-06,False,True,False,True
debil,20,49,20260777,5,250,5000,0.03,1.0,0.5,0.03,0.03,0.026002397104572417,0.0017752085177778932,0.022294182825414764,0.029266919195433377,0.02619246861924686,0.022736401673640168,0.02915481171548117,1.0,0.06827095635216378,1.33811074450241,0.13893704873156157,0.13407872247271552,0.12680661836199922,1.2095119184027272,False,False,False,0.15373978327269752,0.1453674121405752,False,1.598082890953099e-05,False,False,False,False
debil,20,50,20260778,5,250,5000,0.03,1.0,0.5,0.03,0.03,0.029378560898146874,0.001781457781061584,0.025667830391429287,0.03264377582333508,0.02915481171548117,0.02619246861924686,0.03261087866108786,1.0,0.060638020604132245,1.188505203840992,0.12229650604593403,0.11872510461099234,0.10953899985324994,1.0705156496281854,False,False,False,0.021152809492868057,0.028989667049368603,True,3.8618655731201814e-07,False,True,False,True
debil,20,51,20260779,5,250,5000,0.03,1.0,0.5,0.03,0.03,0.029785904317249194,0.0017368066099943224,0.026161885718559652,0.032981982889705795,0.029648535564853556,0.026686192468619245,0.03310460251046025,1.0,0.05830968203938423,1.1428697679719308,0.11771330422205051,0.11448531322912671,0.10770248367032653,1.0558755869905856,False,False,False,0.007187818790743207,0.011854360711261619,True,4.583696137253324e-08,False,True,False,True
debil,20,52,20260780,5,250,5000,0.03,1.0,0.5,0.03,0.03,0.03079019810855714,0.0017928299504755307,0.02703900516688378,0.03407588752582183,0.030635983263598322,0.02767364016736401,0.03409205020920502,1.0,0.05822729506820781,1.141254983336873,0.11757768182379684,0.11427146935086424,0.1042101155832105,1.0214357534867686,False,False,False,0.025663950123709325,0.020759355367385834,True,6.244130507672838e-07,False,True,False,True
debil,20,53,20260781,5,250,5000,0.03,1.0,0.5,0.03,0.03,0.026494559138759696,0.001651484453905699,0.023005708068806047,0.029520778036072098,0.026686192468619245,0.023723849372384934,0.029648535564853556,1.0,0.06233296599714665,1.221726133544074,0.1270815145080115,0.1229510922062288,0.11239152543132225,1.095732983932764,False,False,False,0.13230795209240098,0.12417685794920039,False,1.228811563165316e-05,False,False,False,False
debil,20,54,20260782,5,250,5000,0.03,1.0,0.5,0.03,0.03,0.028699085776635318,0.0017872444210598705,0.024949757442543474,0.031994182385046345,0.028661087866108784,0.025205020920502086,0.032117154811715475,1.0,0.06227530852271654,1.2205960470452442,0.12663281719689648,0.12272908268454188,0.12236316156253921,1.180158013762223,False,False,False,0.04532946566624737,0.046715328467153226,True,1.6923778165525315e-06,False,True,False,True
debil,20,55,20260783,5,250,5000,0.03,1.0,0.5,0.03,0.03,0.029802606387273837,0.0017088534434208753,0.026228979950090332,0.03294717458330624,0.029648535564853556,0.026686192468619245,0.03310460251046025,1.0,0.0573390602558366,1.1238455810143972,0.11584498953200764,0.11271152841324437,0.10770248367032653,1.0552838498867207,False,False,False,0.006623367438441576,0.011854360711261619,True,3.896423834508604e-08,False,True,False,True
debil,20,56,20260784,5,250,5000,0.03,1.0,0.5,0.03,0.03,0.028607746952588962,0.0017198114729251761,0.02498880253295344,0.031768451540638565,0.028661087866108784,0.025698744769874472,0.031623430962343095,1.0,0.060116984248196295,1.1782928912646473,0.12215728681850888,0.11849323574696217,0.1044737369767579,1.0147937337116646,False,False,False,0.04866699393413924,0.046715328467153226,True,1.9383685480253176e-06,False,True,False,True
debil,20,57,20260785,5,250,5000,0.03,1.0,0.5,0.03,0.03,0.03093006636998595,0.0018433386410617292,0.02708929275520691,0.03434417534740935,0.03112970711297071,0.02767364016736401,0.03409205020920502,1.0,0.05959698304593604,1.1681008677003464,0.1205953286212026,0.11727880738145562,0.1058895465636556,1.0168167384063467,False,False,False,0.030069976535468324,0.03629032258064519,True,8.650234525788454e-07,False,True,False,True
debil,20,58,20260786,5,250,5000,0.03,1.0,0.5,0.03,0.03,0.028594776715994988,0.0017543089706284483,0.024908844385531717,0.031829268952664594,0.028661087866108784,0.025205020920502086,0.031623430962343095,1.0,0.06135067911361395,1.2024733106268333,0.1247984552735829,0.1210085435509244,0.11539688472009478,1.0998585342136529,False,False,False,0.049142656295650365,0.046715328467153226,True,1.974652477909828e-06,False,True,False,True
debil,20,59,20260787,5,250,5000,0.03,1.0,0.5,0.03,0.03,0.03285890138453079,0.001792729044850932,0.029129406217595823,0.03615944024078107,0.03261087866108786,0.029648535564853556,0.03606694560669456,1.0,0.05455839876907471,1.0693446158738642,0.10965467181403339,0.10697305337321508,0.09786949594409547,0.9571290542241603,False,False,True,0.08700538557496322,0.08006158583525777,True,8.173317126472085e-06,False,True,False,False
debil,20,60,20260788,5,250,5000,0.03,1.0,0.5,0.03,0.03,0.028143052600773138,0.001760076564043344,0.024445829234975756,0.03139113207722774,0.028167364016736397,0.024711297071129706,0.03112970711297071,1.0,0.06254035726014284,1.2257910022987997,0.12735636127538535,0.1233928483305536,0.11750953104005762,1.117512362683674,False,False,False,0.06598244424898844,0.06506238859180051,True,3.4482536434954035e-06,False,True,False,True
debil,20,61,20260789,5,250,5000,0.03,1.0,0.5,0.03,0.03,0.03055867468995741,0.0018268512204816254,0.026750849392066272,0.03393660027804876,0.030635983263598322,0.02717991631799163,0.03409205020920502,1.0,0.05978175555767767,1.1717224089304823,0.12094022361378143,0.11757301255515451,0.11426487143026415,1.1083417854530262,False,False,False,0.018282032700227404,0.020759355367385834,True,3.1211740919901123e-07,False,True,False,True
debil,20,62,20260790,5,250,5000,0.03,1.0,0.5,0.03,0.03,0.030103151507572902,0.0017441141505084136,0.026437747000134154,0.03331941740449409,0.030142259414225936,0.02717991631799163,0.03310460251046025,1.0,0.05793792553811701,1.1355833405470934,0.11758556106981997,0.11430149435730584,0.09923723769344553,0.9643828266881971,False,False,True,0.003426601615015414,0.004719600222098776,True,1.0640233514562683e-08,False,True,False,False
debil,20,63,20260791,5,250,5000,0.03,1.0,0.5,0.03,0.03,0.029383531206172844,0.0017713964235484883,0.025699118138460875,0.032624301339033816,0.02915481171548117,0.02619246861924686,0.03261087866108786,1.0,0.06028534865735798,1.1815928336842163,0.12135168666955365,0.11784123480567425,0.10953899985324994,1.0703345688558323,False,False,False,0.020980078585573308,0.028989667049368603,True,3.8003377376270766e-07,False,True,False,True
debil,20,64,20260792,5,250,5000,0.03,1.0,0.5,0.03,0.03,0.033446118689690996,0.0018176179369045324,0.02966864127477825,0.0368105151220625,0.033598326359832634,0.030142259414225936,0.036560669456066945,1.0,0.054344659652983046,1.0651553291984677,0.10935996261269655,0.10676685557367184,0.0978419646571061,0.940324630693688,False,False,True,0.10303493573241386,0.10709838107098377,True,1.1875734023437593e-05,False,False,True,False
debil,20,65,20260793,5,250,5000,0.03,1.0,0.5,0.03,0.03,0.0280984407271121,0.0017583340710298095,0.024404642830058058,0.0313405846583419,0.028167364016736397,0.024711297071129706,0.03112970711297071,1.0,0.06257763867064689,1.226521717944679,0.12740254882189989,0.12342218373689635,0.11750953104005762,1.1192866362393803,False,False,False,0.06767490379112366,0.06506238859180051,True,3.61592766830596e-06,False,True,False,True
debil,20,66,20260794,5,250,5000,0.03,1.0,0.5,0.03,0.03,0.03229604583195682,0.0018095100228711478,0.02851318278411916,0.03562199828915281,0.032117154811715475,0.02915481171548117,0.03557322175732217,1.0,0.05602884118651591,1.0981652872557117,0.11301930273047968,0.11005705686111426,0.09938047939554168,0.9738099013316683,False,False,True,0.0710937135742138,0.06591974986972371,True,5.271826462446283e-06,False,True,False,False
debil,20,67,20260795,5,250,5000,0.03,1.0,0.5,0.03,0.03,0.029183701998023424,0.0017652037151692727,0.02547804589522844,0.03244026129054727,0.02915481171548117,0.02619246861924686,0.03261087866108786,1.0,0.060485942300563096,1.1855244690910367,0.12291570668023341,0.11928259471314456,0.10953899985324994,1.077663457746073,False,False,False,0.02797102307417553,0.028989667049368603,True,6.663424280309487e-07,False,True,False,True
debil,20,68,20260796,5,250,5000,0.03,1.0,0.5,0.03,0.03,0.030652401499920674,0.0018426737732748146,0.026804984703069603,0.03404511494807937,0.030635983263598322,0.02717991631799163,0.03409205020920502,1.0,0.06011515193286188,1.1782569778840928,0.12159354498093464,0.11810053846887833,0.11426487143026415,1.1049527739949918,False,False,False,0.021283862535937385,0.020759355367385834,True,4.2562771709874605e-07,False,True,False,True
debil,20,69,20260797,5,250,5000,0.03,1.0,0.5,0.03,0.03,0.031001862329615004,0.0017634751466161984,0.02730597138175198,0.03425239455372807,0.03112970711297071,0.02767364016736401,0.03409205020920502,1.0,0.05688287780478309,1.1149044049737484,0.11512521537760724,0.11203235305868081,0.1058895465636556,1.0144619336296339,False,False,False,0.03231619826457845,0.03629032258064519,True,1.0037281275016041e-06,False,True,False,True
debil,20,70,20260798,5,250,5000,0.03,1.0,0.5,0.03,0.03,0.02958223924416794,0.001761263663638274,0.025884158138635358,0.03283193670508088,0.029648535564853556,0.02619246861924686,0.03261087866108786,1.0,0.0595378750439084,1.1669423508606047,0.12092510457405833,0.11743158638363153,0.11139399439726308,1.0631449818735825,False,False,False,0.014122012616554044,0.011854360711261619,True,1.7452404911337388e-07,False,True,False,True
debil,20,71,20260799,5,250,5000,0.03,1.0,0.5,0.03,0.03,0.028817662969199485,0.001801300323737063,0.025046582955535624,0.032114723065817107,0.028661087866108784,0.025698744769874472,0.032117154811715475,1.0,0.06250681485387295,1.2251335711359097,0.12661385916911647,0.12263555371988281,0.11144001381920231,1.091351829557973,False,False,False,0.04102820662675526,0.046715328467153226,True,1.3979208544021745e-06,False,True,False,True
debil,20,72,20260800,5,250,5000,0.03,1.0,0.5,0.03,0.03,0.03141362898401468,0.0017875993864360168,0.027693076976446542,0.03470731656126566,0.031623430962343095,0.028167364016736397,0.034585774058577406,1.0,0.0569052173929241,1.1153422609013122,0.11462423773984586,0.11164325504048617,0.10417481629462683,1.0011644697600801,False,False,False,0.04500049913793887,0.05133633236305904,True,1.998346904446383e-06,False,True,False,True
debil,20,73,20260801,5,250,5000,0.03,1.0,0.5,0.03,0.03,0.030676687689232224,0.0017810535224458792,0.02693991723263979,0.033960915598333016,0.030635983263598322,0.02767364016736401,0.03409205020920502,1.0,0.058058860216223536,1.1379536602379812,0.11770683810260972,0.11443540510010237,0.1042101155832105,1.0252152880266872,False,False,False,0.022058694735473238,0.020759355367385834,True,4.579062287584491e-07,False,True,False,True
debil,20,74,20260802,5,250,5000,0.03,1.0,0.5,0.03,0.03,0.028969473825426802,0.0017276127124023282,0.02534023209669169,0.03212024107061426,0.02915481171548117,0.025698744769874472,0.032117154811715475,1.0,0.0596356262047806,1.1688582736136996,0.12065671463105163,0.11701988470311264,0.11335971040762068,1.0856327386042042,False,False,False,0.035572830241351876,0.028989667049368603,True,1.0619841964804663e-06,False,True,False,True
debil,20,75,20260803,5,250,5000,0.03,1.0,0.5,0.03,0.03,0.030689181904526623,0.001791796255510629,0.026932368726399265,0.033991266913517344,0.030635983263598322,0.02767364016736401,0.03409205020920502,1.0,0.05838527273502657,1.1443513456065206,0.1183178665899221,0.11500629454832256,0.1042101155832105,1.0247979011907797,False,False,False,0.02245683533274551,0.020759355367385834,True,4.74971697526945e-07,False,True,False,True
debil,20,76,20260804,5,250,5000,0.03,1.0,0.5,0.03,0.03,0.03054816138504865,0.0017748017606600461,0.02682860397098075,0.03382599794276256,0.030635983263598322,0.02717991631799163,0.033598326359832634,1.0,0.05809848056939678,1.1387302191601767,0.11777218007772453,0.11453052580779184,0.10766226864774327,1.0295287107005318,False,False,False,0.0179441694751862,0.020759355367385834,True,3.0048090405845554e-07,False,True,False,True
debil,20,77,20260805,5,250,5000,0.03,1.0,0.5,0.03,0.03,0.029632168292771946,0.001719897969859399,0.026016478589256615,0.032797732563621645,0.029648535564853556,0.026686192468619245,0.03261087866108786,1.0,0.058041583486785425,1.1376150363409943,0.11774734208570053,0.11442385699495292,0.10092284607089753,0.9797110375543331,False,False,False,0.012413256552601906,0.011854360711261619,True,1.3530016484230403e-07,False,True,False,True
debil,20,78,20260806,5,250,5000,0.03,1.0,0.5,0.03,0.03,0.031124545727979937,0.0017721768853319467,0.027405827156651377,0.034397255656764054,0.03112970711297071,0.02767364016736401,0.034585774058577406,1.0,0.05693824098897027,1.1159895233838173,0.11541765272506811,0.11231374364811396,0.11240700883702771,1.0881911775662678,False,False,False,0.036130510556143206,0.03629032258064519,True,1.2646030943179285e-06,False,True,False,True
debil,20,79,20260807,5,250,5000,0.03,1.0,0.5,0.03,0.03,0.03043874546466522,0.001839896047517877,0.026605748292215355,0.03384540597446168,0.030635983263598322,0.02717991631799163,0.033598326359832634,1.0,0.06044585673393531,1.184738791985132,0.12236003121091192,0.11892174877329412,0.10766226864774327,1.0332294818631682,False,False,False,0.014414045584583517,0.020759355367385834,True,1.9249758276430006e-07,False,True,False,True
debil,20,80,20260808,5,250,5000,0.03,1.0,0.5,0.03,0.03,0.027203532539435967,0.0017603168110887867,0.023505755362756377,0.030449753979430345,0.02717991631799163,0.02421757322175732,0.030635983263598322,1.0,0.06470912586580142,1.2682988669697077,0.1319614057776946,0.12763045767323614,0.11756637653429453,1.1561075444679358,False,False,False,0.10279795304194762,0.10375615763546782,True,7.820230257993444e-06,False,False,False,False
debil,20,81,20260809,5,250,5000,0.03,1.0,0.5,0.03,0.03,0.028022934204707604,0.0017576917645846391,0.024337280543871073,0.03125622889944397,0.028167364016736397,0.024711297071129706,0.03112970711297071,1.0,0.06272333053151025,1.2293772784176007,0.12744273212077808,0.12345153268087418,0.11750953104005762,1.1223025032024503,False,False,False,0.07055170528717375,0.06506238859180051,True,3.908789158915148e-06,False,True,False,True
debil,20,82,20260810,5,250,5000,0.03,1.0,0.5,0.03,0.03,0.029075844171668027,0.0017143023851144733,0.02546731730253112,0.0322202195480861,0.02915481171548117,0.02619246861924686,0.032117154811715475,1.0,0.05895967714618987,1.1556096720653213,0.11964129501919193,0.11612564377640863,0.10266729043847718,0.9984563877730661,False,False,False,0.03178431631685811,0.028989667049368603,True,8.540639950399531e-07,False,True,False,True
debil,20,83,20260811,5,250,5000,0.03,1.0,0.5,0.03,0.03,0.03066032467054176,0.0018377510241346098,0.026820712174601264,0.0340438274236198,0.030635983263598322,0.02717991631799163,0.03409205020920502,1.0,0.05993905948100768,1.1748055658277505,0.1212725786587989,0.11779254340314367,0.11426487143026415,1.104667234639141,False,False,False,0.021536780110361985,0.020759355367385834,True,4.3602867052608567e-07,False,True,False,True
debil,20,84,20260812,5,250,5000,0.03,1.0,0.5,0.03,0.03,0.0310934703506706,0.0018256927141098354,0.027281698840748794,0.034465898062892464,0.03112970711297071,0.02767364016736401,0.034585774058577406,1.0,0.05871627365873813,1.1508389637112673,0.11878362045646892,0.115525850622665,0.11240700883702771,1.0892787355341043,False,False,False,0.03516720193463449,0.03629032258064519,True,1.195677407795691e-06,False,True,False,True
debil,20,85,20260813,5,250,5000,0.03,1.0,0.5,0.03,0.03,0.02986122375779486,0.0017410206399962806,0.026225584831914544,0.033052128752040215,0.029648535564853556,0.026686192468619245,0.03310460251046025,1.0,0.058303727071527374,1.1427530506019363,0.11758552896951578,0.1143044902562591,0.10770248367032653,1.053212335171336,False,False,False,0.004647372905101079,0.011854360711261619,True,1.9258845400579143e-08,False,True,False,True
debil,20,86,20260814,5,250,5000,0.03,1.0,0.5,0.03,0.03,0.02787270233377862,0.0017801510540303154,0.02415745278604419,0.031127613995036815,0.02767364016736401,0.024711297071129706,0.03112970711297071,1.0,0.06386718563248064,1.2517968383966205,0.12917989648764713,0.12503561953778633,0.11544979772711544,1.1283516333795431,False,False,False,0.07632190236693802,0.08406410644088311,True,4.525395360710932e-06,False,True,False,True
debil,20,87,20260815,5,250,5000,0.03,1.0,0.5,0.03,0.03,0.026384738091651837,0.001783204902273276,0.02265887454932256,0.029644785818783766,0.02619246861924686,0.023230125523012547,0.029648535564853556,1.0,0.06758471113410386,1.3246603382284354,0.13720160920772512,0.1323854579339478,0.12204474708012966,1.1919848927729864,False,False,False,0.1370209511191637,0.1453674121405752,False,1.3070118665953195e-05,False,False,False,False
debil,20,88,20260816,5,250,5000,0.03,1.0,0.5,0.03,0.03,0.03045827023563328,0.0017893743163404708,0.026728002677193118,0.033759949534753676,0.030635983263598322,0.02717991631799163,0.033598326359832634,1.0,0.058748389271531025,1.151468429722008,0.11868136290460776,0.11543575526711705,0.10766226864774327,1.0325671471726308,False,False,False,0.01504583917891537,0.020759355367385834,True,2.1001160886738238e-07,False,True,False,True
debil,20,89,20260817,5,250,5000,0.03,1.0,0.5,0.03,0.03,0.03028619939920319,0.0018157199089497494,0.02648505861871323,0.033616795855917245,0.030142259414225936,0.02717991631799163,0.033598326359832634,1.0,0.059952055555624446,1.175060288890239,0.121297782095643,0.11773905902157612,0.1059272034059468,1.03843367041453,False,False,False,0.009449828795973829,0.004719600222098776,True,8.191009610426818e-08,False,True,False,True
debil,20,90,20260818,5,250,5000,0.03,1.0,0.5,0.03,0.03,0.028265432394232428,0.0017697397992938637,0.02455546630558725,0.03152232484901276,0.028167364016736397,0.025205020920502086,0.031623430962343095,1.0,0.06261145326243019,1.2271844839436314,0.1272026633040046,0.12323990742924383,0.11340902597601138,1.1126739108876456,False,False,False,0.06136709962807813,0.06506238859180051,True,3.008724778978243e-06,False,True,False,True
debil,20,91,20260819,5,250,5000,0.03,1.0,0.5,0.03,0.03,0.0264400192226084,0.0016995914554502908,0.022863804440984074,0.029555453794018822,0.02619246861924686,0.023230125523012547,0.029648535564853556,1.0,0.06428102192894776,1.2599080298073762,0.1309118070509249,0.12654395779169547,0.12204474708012966,1.1894926754867263,False,False,False,0.1346436531463456,0.1453674121405752,False,1.2673463135397699e-05,False,False,False,False
debil,20,92,20260820,5,250,5000,0.03,1.0,0.5,0.03,0.03,0.031700051458421204,0.0017713737469732338,0.02798657946770566,0.03496436471969548,0.031623430962343095,0.028661087866108784,0.035079497907949786,1.0,0.05587920730338952,1.0952324631464345,0.11302437318733252,0.1100595256310878,0.10093932829999436,0.9921185536961037,False,False,False,0.05362929649029265,0.05133633236305904,True,2.8901749612800655e-06,False,True,False,True
debil,20,93,20260821,5,250,5000,0.03,1.0,0.5,0.03,0.03,0.030871843069559226,0.0017975247983272027,0.027125945424122694,0.0341800494681731,0.030635983263598322,0.02767364016736401,0.03409205020920502,1.0,0.0582253801393422,1.141217450731107,0.11744021906169855,0.11424818447276337,0.1042101155832105,1.0187344219831178,False,False,False,0.028240719791002674,0.020759355367385834,True,7.601103379384552e-07,False,True,False,True
debil,20,94,20260822,5,250,5000,0.03,1.0,0.5,0.03,0.03,0.029280089789244696,0.0017547249004505818,0.02560880731875866,0.032507900063410165,0.02915481171548117,0.02619246861924686,0.03261087866108786,1.0,0.05992894533728977,1.1746073286108794,0.12132662680795625,0.11781201482492916,0.10953899985324994,1.0741158729838782,False,False,False,0.02458702196397432,0.028989667049368603,True,5.182707115497444e-07,False,True,False,True
debil,20,95,20260823,5,250,5000,0.03,1.0,0.5,0.03,0.03,0.030684370733108694,0.0018417465811471439,0.026835478745801247,0.034069523267285434,0.030635983263598322,0.02717991631799163,0.03409205020920502,1.0,0.06002230246683481,1.1764371283499624,0.12139281957830866,0.11787832614208693,0.11426487143026415,1.1038015529645575,False,False,False,0.022303560958160842,0.020759355367385834,True,4.683633003357332e-07,False,True,False,True
debil,20,96,20260824,5,250,5000,0.03,1.0,0.5,0.03,0.03,0.029028921692938803,0.0017881568973089409,0.02529044533188625,0.032331084472744714,0.02915481171548117,0.025698744769874472,0.032117154811715475,1.0,0.06159914984868021,1.207343337034132,0.12497876960660588,0.12126938808359318,0.11335971040762068,1.083409488567778,False,False,False,0.033452097095890705,0.028989667049368603,True,9.429930784448387e-07,False,True,False,True
debil,20,97,20260825,5,250,5000,0.03,1.0,0.5,0.03,0.03,0.026768279891265324,0.0017624364903174995,0.02307097183566796,0.03001357657183652,0.026686192468619245,0.023723849372384934,0.030142259414225936,1.0,0.06584048349302395,1.2904734764632693,0.13419281674539288,0.12967969485469213,0.11976312395523944,1.1749058711569782,False,False,False,0.12072946494366298,0.12417685794920039,True,1.0444014861200056e-05,False,False,False,False
debil,20,98,20260826,5,250,5000,0.03,1.0,0.5,0.03,0.03,0.031669060636946945,0.0018466579499157132,0.027811882952310053,0.035062540985903494,0.031623430962343095,0.028167364016736397,0.035079497907949786,1.0,0.058311105942981334,1.1428976764824341,0.11773587870635135,0.11447541998031995,0.11060927812022338,1.069480918781391,False,False,False,0.052703193696870404,0.05133633236305904,True,2.785763409805747e-06,False,True,False,True
debil,20,99,20260827,5,250,5000,0.03,1.0,0.5,0.03,0.03,0.028960307899191837,0.0017471425132744615,0.02529929648674834,0.03215825560073213,0.02915481171548117,0.025698744769874472,0.032117154811715475,1.0,0.060328865264696205,1.1824457591880455,0.12207604927766001,0.11841999639401614,0.11335971040762068,1.0859763409455516,False,False,False,0.0359005886410889,0.028989667049368603,True,1.0809596644828898e-06,False,True,False,True
debil,50,0,20261728,5,250,12500,0.03,1.0,0.5,0.03,0.03,0.03068844843930659,0.0011468547222460808,0.02820412168932063,0.03271179907241464,0.030635983263598322,0.028661087866108784,0.03261087866108786,1.0,0.037370892976692764,0.7324695023431782,0.07496883327889037,0.07344257550213028,0.06473225707965503,0.6306599349157185,True,True,True,0.0224334716910878,0.020759355367385834,True,4.7396125358368276e-07,False,False,False,False
debil,50,1,20261729,5,250,12500,0.03,1.0,0.5,0.03,0.03,0.03065764731081723,0.0011290359914855588,0.028206799681610474,0.03261870939622648,0.030635983263598322,0.028661087866108784,0.03261087866108786,1.0,0.036827222260045714,0.7218135562968959,0.07350465722014078,0.07195447305343793,0.06473225707965503,0.6312935464088475,True,True,True,0.02145133004335875,0.020759355367385834,True,4.324999854251348e-07,False,False,False,False
debil,50,2,20261730,5,250,12500,0.03,1.0,0.5,0.03,0.03,0.030014123406179302,0.001123538058385986,0.02755852425857026,0.032002982619889146,0.030142259414225936,0.028167364016736397,0.032117154811715475,1.0,0.03743364559348324,0.7336994536322714,0.07562547172625439,0.0740394497145944,0.06580162660228873,0.6448289238196737,True,True,True,0.00047055867626625056,0.004719600222098776,True,1.9947060210558263e-10,False,False,False,False
debil,50,3,20261731,5,250,12500,0.03,1.0,0.5,0.03,0.03,0.027933318464006436,0.0011107161111817226,0.0254852501051891,0.02990764936814076,0.028167364016736397,0.02619246861924686,0.029648535564853556,1.0,0.03976312777205255,0.7793573043322299,0.081036244411759,0.07915993347962136,0.06267851200991206,0.6062555029147043,True,True,True,0.07398625188971336,0.06506238859180051,False,4.271172571216712e-06,False,False,False,False
debil,50,4,20261732,5,250,12500,0.03,1.0,0.5,0.03,0.03,0.02788616964815695,0.0011166997620265953,0.02542344668867963,0.029869938593673165,0.02767364016736401,0.025698744769874472,0.029648535564853556,1.0,0.040044931810862744,0.7848806634929097,0.08164086877971316,0.07972575583336546,0.07172907479978277,0.6940348975706906,True,True,True,0.07580210471762484,0.08406410644088311,False,4.468278756372905e-06,False,False,False,False
debil,50,5,20261733,5,250,12500,0.03,1.0,0.5,0.03,0.03,0.030407537304425483,0.001126612749835227,0.027927493418041214,0.03241308274930441,0.030635983263598322,0.028661087866108784,0.03261087866108786,1.0,0.03705044372900468,0.7261886970884915,0.07533875978035348,0.07375785296842127,0.06473225707965503,0.6364861021671991,True,True,True,0.013402509395792989,0.020759355367385834,True,1.6608665449838986e-07,False,False,False,False
debil,50,6,20261734,5,250,12500,0.03,1.0,0.5,0.03,0.03,0.029909712329066068,0.0011141029744495927,0.027455061064331394,0.031891183156331104,0.030142259414225936,0.028167364016736397,0.031623430962343095,1.0,0.037248869604369766,0.7300778442456474,0.07576919706193636,0.07415855497360828,0.058475340708424556,0.5661949485557491,True,True,True,0.003018673999287742,0.004719600222098776,True,8.15186352267387e-09,False,False,False,False
debil,50,7,20261735,5,250,12500,0.03,1.0,0.5,0.03,0.03,0.02934898119363236,0.0011173445584515605,0.02688576375974481,0.03133248273833038,0.02915481171548117,0.02717991631799163,0.03112970711297071,1.0,0.03807098280787964,0.7461912630344409,0.07746143371308212,0.07575593423921546,0.06805047936861056,0.6594428190780459,True,True,True,0.02218198996661883,0.028989667049368603,True,4.2382548624434554e-07,False,False,False,False
debil,50,8,20261736,5,250,12500,0.03,1.0,0.5,0.03,0.03,0.02913606309197595,0.0011172408543899091,0.02671318115057157,0.031089469624778193,0.02915481171548117,0.02717991631799163,0.03112970711297071,1.0,0.03834563547116962,0.7515744552349246,0.07676581988154245,0.07510088889483231,0.06805047936861056,0.6642618405342329,True,True,True,0.029651806604646464,0.028989667049368603,True,7.463869810461515e-07,False,False,False,False
debil,50,9,20261737,5,250,12500,0.03,1.0,0.5,0.03,0.03,0.03106820868754227,0.0011210945427625448,0.028646626897159466,0.03303907972898297,0.03112970711297071,0.02915481171548117,0.03310460251046025,1.0,0.036084943101727045,0.7072648847938501,0.07209279959115396,0.07069047456194007,0.06369722515988155,0.6229511038130123,True,True,True,0.03438269319887119,0.03629032258064519,True,1.1410698001407806e-06,False,False,False,False
debil,50,10,20261738,5,250,12500,0.03,1.0,0.5,0.03,0.03,0.030479600704070027,0.0011460701301312345,0.027965580326573966,0.03250966527670237,0.030635983263598322,0.028661087866108784,0.03261087866108786,1.0,0.03760121863992124,0.7369838853424562,0.07617095232633886,0.07454305248693134,0.06473225707965503,0.6349812480585774,True,True,True,0.015735137370286763,0.020759355367385834,True,2.300168353444667e-07,False,False,False,False
debil,50,11,20261739,5,250,12500,0.03,1.0,0.5,0.03,0.03,0.02898651936209562,0.0011318929670598567,0.026501548863560587,0.03099538878258838,0.02915481171548117,0.02717991631799163,0.03112970711297071,1.0,0.039048943852844326,0.7653592995157488,0.07928943562467738,0.07751603189902456,0.06805047936861056,0.6676888195381543,True,True,True,0.03496386113986702,0.028989667049368603,True,1.0271430034070674e-06,False,False,False,False
debil,50,12,20261740,5,250,12500,0.03,1.0,0.5,0.03,0.03,0.029777159505536895,0.001118587001280337,0.027317976786032785,0.03175075390724706,0.029648535564853556,0.02767364016736401,0.031623430962343095,1.0,0.037565268811900684,0.7362792687132533,0.07608982648824597,0.07443250455756244,0.0669070787562576,0.6499604131750293,True,True,True,0.007483604822067278,0.011854360711261619,True,4.9657885972560835e-08,False,False,False,False
debil,50,13,20261741,5,250,12500,0.03,1.0,0.5,0.03,0.03,0.02781135511216158,0.0010930902874546772,0.02539453966817543,0.029720147317681543,0.02767364016736401,0.025698744769874472,0.029648535564853556,1.0,0.03930374061408757,0.7703533160361162,0.07969810163223116,0.07776693426230383,0.07172907479978277,0.6959019011243448,True,True,True,0.07869608938549517,0.08406410644088311,False,4.790166445061238e-06,False,False,False,False
debil,50,14,20261742,5,250,12500,0.03,1.0,0.5,0.03,0.03,0.02929371553198793,0.0011159468175243562,0.026837329553978235,0.03126315084295312,0.02915481171548117,0.02717991631799163,0.03112970711297071,1.0,0.0380950930006053,0.7466638228118638,0.07726206161213352,0.07554216337190157,0.06805047936861056,0.6606869270053323,True,True,True,0.024110443321565853,0.028989667049368603,True,4.9883774975509e-07,False,False,False,False
debil,50,15,20261743,5,250,12500,0.03,1.0,0.5,0.03,0.03,0.031341772219295114,0.0011369059466211648,0.02884274348016827,0.03336801654573668,0.03112970711297071,0.02915481171548117,0.03310460251046025,1.0,0.036274462677679885,0.7109794684825257,0.07368369315713773,0.07219236094732526,0.06369722515988155,0.6175137372570936,True,True,True,0.04281098751872981,0.03629032258064519,True,1.8003526884721377e-06,False,False,False,False
debil,50,16,20261744,5,250,12500,0.03,1.0,0.5,0.03,0.03,0.030085194991572813,0.0011343026818863829,0.027627167300191977,0.03207362718407046,0.030142259414225936,0.028167364016736397,0.032117154811715475,1.0,0.037703019116349865,0.7389791746804573,0.075483630322323,0.073897807295648,0.06580162660228873,0.6433056159622278,True,True,True,0.00283179123807173,0.004719600222098776,True,7.258186589091794e-09,False,False,False,False
debil,50,17,20261745,5,250,12500,0.03,1.0,0.5,0.03,0.03,0.030040062512181758,0.0011232505808733237,0.0275942117666717,0.03202353811091604,0.030142259414225936,0.028167364016736397,0.032117154811715475,1.0,0.037391752444517264,0.7328783479125384,0.07528721113315168,0.07372365391130879,0.06580162660228873,0.644272124518686,True,True,True,0.0013336361122921402,0.004719600222098776,True,1.6050048823136076e-09,False,False,False,False
debil,50,18,20261746,5,250,12500,0.03,1.0,0.5,0.03,0.03,0.0294015387757752,0.0011290569123790775,0.026915655861594598,0.03141197597515651,0.02915481171548117,0.02717991631799163,0.031623430962343095,1.0,0.03840128644250895,0.7526652142731755,0.07818025172083465,0.07646402706763372,0.07536153907320328,0.7405470143372826,True,True,True,0.020354758599161683,0.028989667049368603,True,3.5815583690064633e-07,False,False,False,False
debil,50,19,20261747,5,250,12500,0.03,1.0,0.5,0.03,0.03,0.030601472537464494,0.001123884909402778,0.02817520632548256,0.03256896574396134,0.030635983263598322,0.028661087866108784,0.03261087866108786,1.0,0.0367264976555242,0.7198393540482743,0.07326179081719196,0.07178999986192873,0.06473225707965503,0.63245240475611,True,True,True,0.019655019435033196,0.020759355367385834,True,3.6176921332397866e-07,False,False,False,False
debil,50,20,20261748,5,250,12500,0.03,1.0,0.5,0.03,0.03,0.03086204860357982,0.0011427371555303156,0.028351460996715525,0.032899277106204744,0.030635983263598322,0.028661087866108784,0.03310460251046025,1.0,0.03702726187132518,0.7257343326779734,0.07523775909353408,0.07367975094436373,0.07173769124604217,0.7055015056517214,True,True,True,0.027932319550550914,0.020759355367385834,True,7.431277949339214e-07,False,False,False,False
debil,50,21,20261749,5,250,12500,0.03,1.0,0.5,0.03,0.03,0.030760324254072005,0.0011277552357393378,0.028287154532339324,0.0327556185881471,0.030635983263598322,0.028661087866108784,0.03261087866108786,1.0,0.03666265759828742,0.7185880889264334,0.07417270437011463,0.07263356554533472,0.06473225707965503,0.6291863094660138,True,True,True,0.024717693083854894,0.020759355367385834,True,5.780929713301526e-07,False,False,False,False
debil,50,22,20261750,5,250,12500,0.03,1.0,0.5,0.03,0.03,0.031043686484041898,0.001132057126992327,0.028580562026223496,0.03303681788238158,0.03112970711297071,0.02915481171548117,0.03310460251046025,1.0,0.03646658162117004,0.7147449997749328,0.07325620845192908,0.0717739476342289,0.06369722515988155,0.623443188854083,True,True,True,0.033619927342663156,0.03629032258064519,True,1.0892814769717408e-06,False,False,False,False
debil,50,23,20261751,5,250,12500,0.03,1.0,0.5,0.03,0.03,0.031005617373738758,0.0011026415681025645,0.028607448411477422,0.032959709640325734,0.03112970711297071,0.02915481171548117,0.03310460251046025,1.0,0.035562638692577156,0.6970277183745123,0.07155876580001065,0.07018504383232511,0.06369722515988155,0.6242086607115901,True,True,True,0.032433393008019916,0.03629032258064519,True,1.0112663023652388e-06,False,False,False,False
debil,50,24,20261752,5,250,12500,0.03,1.0,0.5,0.03,0.03,0.03222999326958915,0.001130507142240416,0.02975482595335035,0.034229528687142574,0.032117154811715475,0.030142259414225936,0.03409205020920502,1.0,0.035076245061059774,0.6874944031967715,0.07080045926976423,0.06941830077908152,0.061723740996997,0.6004957783735902,True,True,True,0.06919000109420678,0.06591974986972371,True,4.972869982412904e-06,False,False,False,False
debil,50,25,20261753,5,250,12500,0.03,1.0,0.5,0.03,0.03,0.03081112288126693,0.001140167631221673,0.028310080736020492,0.03284217679285762,0.030635983263598322,0.028661087866108784,0.03261087866108786,1.0,0.03700506585285444,0.7252992907159469,0.07509371566722213,0.07354642792964597,0.06473225707965503,0.6281489632811998,True,True,True,0.026325651434147942,0.020759355367385834,True,6.579203285147693e-07,False,False,False,False
debil,50,26,20261754,5,250,12500,0.03,1.0,0.5,0.03,0.03,0.030872885102730493,0.0011480471008087475,0.028352177914708808,0.03291959391856794,0.030635983263598322,0.028661087866108784,0.03310460251046025,1.0,0.037186258977370754,0.7288506759564668,0.07553998521243466,0.07397131801354025,0.07173769124604217,0.7052538719614669,True,True,True,0.028273518973880838,0.020759355367385834,True,7.619284025688261e-07,False,False,False,False
debil,50,27,20261755,5,250,12500,0.03,1.0,0.5,0.03,0.03,0.029829312527928493,0.001117180320012722,0.0273671842942393,0.03181069944577294,0.029648535564853556,0.02767364016736401,0.031623430962343095,1.0,0.03745243270245441,0.7340676809681064,0.0761266254716942,0.07448235938011107,0.0669070787562576,0.6488240343211675,True,True,True,0.005722138983648932,0.011854360711261619,True,2.913421312216118e-08,False,False,False,False
debil,50,28,20261756,5,250,12500,0.03,1.0,0.5,0.03,0.03,0.030247695444156328,0.0011256304393716392,0.027781225746680835,0.03223257420695893,0.030142259414225936,0.028167364016736397,0.032117154811715475,1.0,0.0372137586960895,0.7293896704433541,0.07518089547504594,0.07358161332482717,0.06580162660228873,0.6398495690730894,True,True,True,0.008188903006301018,0.004719600222098776,True,6.135303305580107e-08,False,False,False,False
debil,50,29,20261757,5,250,12500,0.03,1.0,0.5,0.03,0.03,0.031092757970762573,0.0011064335931796894,0.028690246561681596,0.03303587055716107,0.03112970711297071,0.02915481171548117,0.03310460251046025,1.0,0.03558492926938489,0.6974646136799437,0.07127896100968834,0.06988161036672574,0.06369722515988155,0.6224592528458422,True,True,True,0.03514509622434033,0.03629032258064519,True,1.1941199826651392e-06,False,False,False,False
debil,50,30,20261758,5,250,12500,0.03,1.0,0.5,0.03,0.03,0.029954371009607933,0.0011127717926233266,0.027509553175341775,0.03193213089046158,0.030142259414225936,0.028167364016736397,0.032117154811715475,1.0,0.03714889530701221,0.7281183480174392,0.0754039757274715,0.07382190922488834,0.06580162660228873,0.6461152160127029,True,True,True,0.0015232832088989312,0.004719600222098776,True,2.0820047641992438e-09,False,False,False,False
debil,50,31,20261759,5,250,12500,0.03,1.0,0.5,0.03,0.03,0.02982800070868257,0.0011322444687978292,0.02733955668683045,0.0318423705580663,0.029648535564853556,0.02767364016736401,0.031623430962343095,1.0,0.03795911364814493,0.7439986275036405,0.07714029300962895,0.075479646041532,0.0669070787562576,0.6488525692492625,True,True,True,0.005766370096248465,0.011854360711261619,True,2.958375621369732e-08,False,False,False,False
debil,50,32,20261760,5,250,12500,0.03,1.0,0.5,0.03,0.03,0.027991226885579895,0.0011160898905504535,0.02554075446069074,0.02997374498643238,0.028167364016736397,0.02619246861924686,0.030142259414225936,1.0,0.039872846414082126,0.7815077897160096,0.08104272061596532,0.07918535589494581,0.07045925852339756,0.6914300317921388,True,True,True,0.07176438255569827,0.06506238859180051,False,4.035169425217043e-06,False,False,False,False
debil,50,33,20261761,5,250,12500,0.03,1.0,0.5,0.03,0.03,0.029204873906091326,0.001122828509970514,0.02675468351237219,0.031160790680529942,0.02915481171548117,0.02717991631799163,0.03112970711297071,1.0,0.03844661386250064,0.7535536317050124,0.07717419515840479,0.07543444944028263,0.06805047936861056,0.6626967456743846,True,True,True,0.027225801298283583,0.028989667049368603,True,6.322255052144634e-07,False,False,False,False
debil,50,34,20261762,5,250,12500,0.03,1.0,0.5,0.03,0.03,0.031294048220418265,0.0011284518759056919,0.028813928204968777,0.0332985422826531,0.03112970711297071,0.02915481171548117,0.03310460251046025,1.0,0.03605963242459046,0.7067687955219729,0.07313565179066524,0.07165282749769447,0.06369722515988155,0.6184554570593935,True,True,True,0.041351256676787074,0.03629032258064519,True,1.6745607967676811e-06,False,False,False,False
debil,50,35,20261763,5,250,12500,0.03,1.0,0.5,0.03,0.03,0.028797666759765514,0.0011144300940076218,0.02634407096560715,0.030762633410673302,0.028661087866108784,0.026686192468619245,0.030635983263598322,1.0,0.0386986245553977,0.7584930412857949,0.0785058292609316,0.0767173688397478,0.06923382574746274,0.6720674649391307,True,True,True,0.041751064427008155,0.046715328467153226,True,1.4456052205727557e-06,False,False,False,False
debil,50,36,20261764,5,250,12500,0.03,1.0,0.5,0.03,0.03,0.031117990170231657,0.0011398503259256816,0.028663485719840422,0.03310026001204304,0.03112970711297071,0.02915481171548117,0.03310460251046025,1.0,0.03662994684714871,0.7179469582041146,0.07275929310745059,0.0712895381085209,0.06369722515988155,0.621954528217315,True,True,True,0.035927454315515556,0.03629032258064519,True,1.2499020207346114e-06,False,False,False,False
debil,50,37,20261765,5,250,12500,0.03,1.0,0.5,0.03,0.03,0.030538542587612037,0.0011347293814980579,0.028064446461972432,0.03253841028069009,0.030635983263598322,0.028661087866108784,0.03261087866108786,1.0,0.03715728667282115,0.7282828187872945,0.07480970934361116,0.0732511023714099,0.06473225707965503,0.6337556823438071,True,True,True,0.017634849013079615,0.020759355367385834,True,2.9002811867187004e-07,False,False,False,False
debil,50,38,20261766,5,250,12500,0.03,1.0,0.5,0.03,0.03,0.031048802460942944,0.0011256193154793872,0.028605223422434524,0.033031166611105986,0.03112970711297071,0.02915481171548117,0.03310460251046025,1.0,0.03625322802370016,0.7105632692645231,0.07271959255188934,0.07127397577151269,0.06369722515988155,0.6233404628002424,True,True,True,0.03377915983272658,0.03629032258064519,True,1.0999866020799776e-06,False,False,False,False
debil,50,39,20261767,5,250,12500,0.03,1.0,0.5,0.03,0.03,0.028662897236363526,0.0011223132468039163,0.02622680935129467,0.030616933676238238,0.028661087866108784,0.026686192468619245,0.030635983263598322,1.0,0.039155610737775674,0.7674499704604032,0.07835374476796102,0.07658200580250457,0.06923382574746274,0.6752274459835075,True,True,True,0.04664925365395859,0.046715328467153226,True,1.7878438005242945e-06,False,False,False,False
debil,50,40,20261768,5,250,12500,0.03,1.0,0.5,0.03,0.03,0.029594435891675326,0.0011274485205703705,0.027157445584652246,0.03157233302406031,0.029648535564853556,0.02767364016736401,0.031623430962343095,1.0,0.03809663832408147,0.7466941111519968,0.07619107704135646,0.07458982248500869,0.0669070787562576,0.6539734349469937,True,True,True,0.013704066190318968,0.011854360711261619,True,1.644822459611869e-07,False,False,False,False
debil,50,41,20261769,5,250,12500,0.03,1.0,0.5,0.03,0.03,0.029238405315278986,0.0011219058092299932,0.02678173838140559,0.031205670822469153,0.02915481171548117,0.02717991631799163,0.03112970711297071,1.0,0.03837096439195074,0.7520709020822345,0.07738555228012814,0.0756527654870385,0.06805047936861056,0.6619367467788593,True,True,True,0.02604775043333262,0.028989667049368603,True,5.800264637952998e-07,False,False,False,False
debil,50,42,20261770,5,250,12500,0.03,1.0,0.5,0.03,0.03,0.02814821028282074,0.0011135083097954998,0.025730222686566436,0.03009625228177706,0.028167364016736397,0.02619246861924686,0.030142259414225936,1.0,0.039558760525357096,0.775351706296999,0.0793508352993101,0.07755430187821347,0.07045925852339756,0.6875739061537951,True,True,True,0.06578712104866703,0.06506238859180051,True,3.4291251566508437e-06,False,False,False,False
debil,50,43,20261771,5,250,12500,0.03,1.0,0.5,0.03,0.03,0.030426641962238602,0.0011321875325801384,0.02793644807493748,0.03244107423322133,0.030635983263598322,0.028661087866108784,0.03261087866108786,1.0,0.037210400476833924,0.7293238493459449,0.07561646460309623,0.07402437251988538,0.06473225707965503,0.6360864573690712,True,True,True,0.014021986480404038,0.020759355367385834,True,1.8202336394280573e-07,False,False,False,False
debil,50,44,20261772,5,250,12500,0.03,1.0,0.5,0.03,0.03,0.02771879083220375,0.0011197510087558398,0.025273977159303244,0.029662656139906495,0.02767364016736401,0.025698744769874472,0.029648535564853556,1.0,0.040396820176402164,0.7917776754574823,0.08113242822422964,0.07916432948266407,0.07172907479978277,0.6982257996951303,True,True,True,0.08229829293801422,0.08406410644088311,False,5.203915267237653e-06,False,False,False,False
debil,50,45,20261773,5,250,12500,0.03,1.0,0.5,0.03,0.03,0.03131284260150115,0.0011377291083636701,0.028814977861986203,0.033339471362246305,0.03112970711297071,0.02915481171548117,0.03310460251046025,1.0,0.03633426459688866,0.7121515860990176,0.07373700069877122,0.07224661072519804,0.06369722515988155,0.618084251937882,True,True,True,0.0419266502951799,0.03629032258064519,True,1.7235556963163049e-06,False,False,False,False
debil,50,46,20261774,5,250,12500,0.03,1.0,0.5,0.03,0.03,0.029651200306804237,0.0011079450330752092,0.027234787319941053,0.031585435057803646,0.029648535564853556,0.02767364016736401,0.031623430962343095,1.0,0.03736594207354778,0.7323724646415364,0.0749817120643376,0.0733637709914938,0.0669070787562576,0.6527214647346414,True,True,True,0.011763425749605146,0.011854360711261619,True,1.2166122597345737e-07,False,False,False,False
debil,50,47,20261775,5,250,12500,0.03,1.0,0.5,0.03,0.03,0.029466969505424757,0.0011245193636560504,0.02699634599730591,0.03146499201941941,0.029648535564853556,0.02767364016736401,0.031623430962343095,1.0,0.03816202963962856,0.7479757809367197,0.07750840866142848,0.075824662276364,0.0669070787562576,0.656802352608215,True,True,True,0.018089084270342608,0.011854360711261619,True,2.841215081471273e-07,False,False,False,False
debil,50,48,20261776,5,250,12500,0.03,1.0,0.5,0.03,0.03,0.028782746886326198,0.001104870455975258,0.026347026727364182,0.030718006529805164,0.028661087866108784,0.026686192468619245,0.030635983263598322,1.0,0.03838655359541615,0.7523764504701566,0.07772422533476273,0.07593055346148184,0.06923382574746274,0.6724158389688637,True,True,True,0.04229106827368454,0.046715328467153226,True,1.4817051427485636e-06,False,False,False,False
debil,50,49,20261777,5,250,12500,0.03,1.0,0.5,0.03,0.03,0.02936483035709238,0.0011284933645564776,0.02688053265039532,0.031373458953174574,0.02915481171548117,0.02717991631799163,0.03112970711297071,1.0,0.03843009991317443,0.7532299582982188,0.07822156893289313,0.07650182630280536,0.06805047936861056,0.6590868961285513,True,True,True,0.021630284772076108,0.028989667049368603,True,4.0344047527139025e-07,False,False,False,False
debil,50,50,20261778,5,250,12500,0.03,1.0,0.5,0.03,0.03,0.02862017857233061,0.0011141801652324158,0.02620834515658708,0.030575232088481334,0.028661087866108784,0.026686192468619245,0.030635983263598322,1.0,0.038929881671303825,0.763025680757555,0.07798389607726962,0.07629035089452706,0.06923382574746274,0.6762352948457315,True,True,True,0.04821148911360637,0.046715328467153226,True,1.9039071722555918e-06,False,False,False,False
debil,50,51,20261779,5,250,12500,0.03,1.0,0.5,0.03,0.03,0.029966154598348976,0.0011343585714380959,0.02747487928234086,0.031980496981079055,0.030142259414225936,0.028167364016736397,0.032117154811715475,1.0,0.037854659252829014,0.7419513213554486,0.0768306235367383,0.07517844313241377,0.06580162660228873,0.6458611441744284,True,True,True,0.0011294542828289165,0.004719600222098776,True,1.145511212919041e-09,False,False,False,False
debil,50,52,20261780,5,250,12500,0.03,1.0,0.5,0.03,0.03,0.030980319173746336,0.0011441327975463215,0.028471749687978158,0.03300611285393261,0.03112970711297071,0.02915481171548117,0.03310460251046025,1.0,0.03693095578291829,0.7238467333451983,0.07474181770982274,0.07318135007784246,0.06369722515988155,0.6247183828822082,True,True,True,0.03164328838087286,0.03629032258064519,True,9.61025682414701e-07,False,False,False,False
debil,50,53,20261781,5,250,12500,0.03,1.0,0.5,0.03,0.03,0.029117504361375057,0.0011199812026629413,0.026696997633001405,0.031080010285856264,0.02915481171548117,0.02717991631799163,0.03112970711297071,1.0,0.03846418940177505,0.7538981122747909,0.07690477414610739,0.0752642224837959,0.06805047936861056,0.6646852235410294,True,True,True,0.030308079554908145,0.028989667049368603,True,7.787985521920435e-07,False,False,False,False
debil,50,54,20261782,5,250,12500,0.03,1.0,0.5,0.03,0.03,0.03004094884078829,0.0011345120244072627,0.027566011857078448,0.03204132251911232,0.030142259414225936,0.028167364016736397,0.032117154811715475,1.0,0.037765519006073195,0.7402041725190346,0.07610662547706094,0.07448683937634969,0.06580162660228873,0.6442531159042318,True,True,True,0.0013631007797161485,0.004719600222098776,True,1.6768075619048981e-09,False,False,False,False
debil,50,55,20261783,5,250,12500,0.03,1.0,0.5,0.03,0.03,0.032324486973594066,0.0011421765149702248,0.029816717229035027,0.0343612303433963,0.032117154811715475,0.030142259414225936,0.03409205020920502,1.0,0.03533471438860796,0.692560402016716,0.07169031253842946,0.07029520867684136,0.061723740996997,0.5987403577729727,True,True,True,0.07191102446553742,0.06591974986972371,True,5.403239690408505e-06,False,False,False,False
debil,50,56,20261784,5,250,12500,0.03,1.0,0.5,0.03,0.03,0.028674795407910323,0.0011212726432160698,0.0262365957619038,0.0306235591699013,0.028661087866108784,0.026686192468619245,0.030635983263598322,1.0,0.03910307387604767,0.7664202479705342,0.0782836732926322,0.07649511261704241,0.06923382574746274,0.674947270593548,True,True,True,0.046214962416928025,0.046715328467153226,True,1.7561672108955642e-06,False,False,False,False
debil,50,57,20261785,5,250,12500,0.03,1.0,0.5,0.03,0.03,0.028460843747476886,0.0011279675062274325,0.02597998358486064,0.030466676826372656,0.028661087866108784,0.026686192468619245,0.030635983263598322,1.0,0.039632258138075374,0.7767922595062773,0.08066408181539286,0.07882221063649544,0.06923382574746274,0.68002112190062,True,True,True,0.05407978295301099,0.046715328467153226,True,2.369001969680994e-06,False,False,False,False
debil,50,58,20261786,5,250,12500,0.03,1.0,0.5,0.03,0.03,0.029395650838008415,0.0011134062471741528,0.026940664283840038,0.03137501673441285,0.02915481171548117,0.02767364016736401,0.03112970711297071,1.0,0.037876563894088874,0.7423806523241419,0.07710650654211904,0.07542531504080899,0.058481845287448334,0.5760963799303368,True,True,True,0.02055913527215267,0.028989667049368603,True,3.652379095999297e-07,False,False,False,False
debil,50,59,20261787,5,250,12500,0.03,1.0,0.5,0.03,0.03,0.02999963957086999,0.0011005277436139241,0.027598964176369385,0.031951826118707005,0.030142259414225936,0.028167364016736397,0.032117154811715475,1.0,0.03668469886160065,0.7190200976873726,0.0740410326924229,0.07254857065956721,0.06580162660228873,0.6451402474245196,True,True,True,1.2014448678812073e-05,0.004719600222098776,True,1.2990915775772338e-13,False,False,False,False
debil,50,60,20261788,5,250,12500,0.03,1.0,0.5,0.03,0.03,0.029426225518106846,0.0011350075137410878,0.026929286786470795,0.03144652355666882,0.029648535564853556,0.02767364016736401,0.031623430962343095,1.0,0.0385712912124147,0.7559973077633281,0.07848378254473577,0.07675528700441774,0.0669070787562576,0.6577117708653604,True,True,True,0.019498745482667914,0.011854360711261619,True,3.292171560717561e-07,False,False,False,False
debil,50,61,20261789,5,250,12500,0.03,1.0,0.5,0.03,0.03,0.030546703272313035,0.0011248758321436882,0.028101575258517638,0.03252985526010506,0.030635983263598322,0.028661087866108784,0.03261087866108786,1.0,0.0368247866918999,0.7217658191612378,0.07398720612275328,0.07248376301217964,0.06473225707965503,0.6335863717555263,True,True,True,0.017897292137857616,0.020759355367385834,True,2.9888446795778133e-07,False,False,False,False
debil,50,62,20261790,5,250,12500,0.03,1.0,0.5,0.03,0.03,0.030040304602112135,0.0011246559098126358,0.027590783981023246,0.03202588322807888,0.030142259414225936,0.028167364016736397,0.032117154811715475,1.0,0.037438232558186554,0.7337893581404564,0.07538978804999454,0.0738191457410156,0.06580162660228873,0.6442669324343901,True,True,True,0.001341684202140243,0.004719600222098776,True,1.6244609514175879e-09,False,False,False,False
debil,50,63,20261791,5,250,12500,0.03,1.0,0.5,0.03,0.03,0.029357692040854495,0.001125566852786935,0.026879134067717827,0.0313598660878963,0.02915481171548117,0.02717991631799163,0.03112970711297071,1.0,0.03833975951585648,0.7514592865107869,0.07802816840125641,0.07631274307842452,0.06805047936861056,0.659247152959581,True,True,True,0.021878693946774205,0.028989667049368603,True,4.125595143816628e-07,False,False,False,False
debil,50,64,20261792,5,250,12500,0.03,1.0,0.5,0.03,0.03,0.031302259900930544,0.0011625402100925047,0.028765887752122132,0.03337852126173919,0.03112970711297071,0.02915481171548117,0.03310460251046025,1.0,0.03713917825012836,0.7279278937025158,0.07518821472527812,0.0736789216531924,0.06369722515988155,0.6182932145043665,True,True,True,0.04160274386105378,0.03629032258064519,True,1.6958808495716342e-06,False,False,False,False
debil,50,65,20261793,5,250,12500,0.03,1.0,0.5,0.03,0.03,0.02884753764829511,0.0011152720971174018,0.02638834636167064,0.030825216759708937,0.028661087866108784,0.026686192468619245,0.030635983263598322,1.0,0.03866091139960136,0.7577538634321865,0.07867507783076506,0.0769020644349608,0.06923382574746274,0.6709056118188755,True,True,True,0.03995011171336486,0.046715328467153226,True,1.3281694720971596e-06,False,False,False,False
debil,50,66,20261794,5,250,12500,0.03,1.0,0.5,0.03,0.03,0.02993373118452533,0.0011182622344053344,0.027473065431000105,0.031922751890236675,0.030142259414225936,0.028167364016736397,0.032117154811715475,1.0,0.03735793000584692,0.7322154281145995,0.0759368933359896,0.07432562335458032,0.06580162660228873,0.6465607236228136,True,True,True,0.0022138508248822574,0.004719600222098776,True,4.391555904415628e-09,False,False,False,False
debil,50,67,20261795,5,250,12500,0.03,1.0,0.5,0.03,0.03,0.030680243080916703,0.001112263636166819,0.028247107448807766,0.032607117424433826,0.030635983263598322,0.028661087866108784,0.03261087866108786,1.0,0.036253416677087986,0.7105669668709245,0.07261559396985408,0.07105566217527809,0.06473225707965503,0.6308286034224991,True,True,True,0.022172023837054338,0.020759355367385834,True,4.6273064913505007e-07,False,False,False,False
debil,50,68,20261796,5,250,12500,0.03,1.0,0.5,0.03,0.03,0.030123346753195623,0.0011206843349385676,0.02769607322747591,0.0320817386419938,0.030142259414225936,0.028167364016736397,0.032117154811715475,1.0,0.037203181443299635,0.7291823562886729,0.07434172363001613,0.07279512217633378,0.06580162660228873,0.6424908578043148,True,True,True,0.004094722747980839,0.004719600222098776,True,1.521442152390213e-08,False,False,False,False
debil,50,69,20261797,5,250,12500,0.03,1.0,0.5,0.03,0.03,0.030026756960866575,0.0011457675056615443,0.02752060634318777,0.032047395483476196,0.030142259414225936,0.028167364016736397,0.032117154811715475,1.0,0.038158216924818286,0.7479010517264384,0.07705804036300806,0.07537925501225662,0.06580162660228873,0.6445576164159594,True,True,True,0.0008911039211276517,0.004719600222098776,True,7.159349548155108e-10,False,False,False,False
debil,50,70,20261798,5,250,12500,0.03,1.0,0.5,0.03,0.03,0.02845703113269528,0.0011007916265657457,0.026036334129828052,0.03041226643247105,0.028661087866108784,0.026686192468619245,0.030142259414225936,1.0,0.038682588546667035,0.7581787355146739,0.07863240613049392,0.07688666260085253,0.06157187855463036,0.5950982010212542,True,True,True,0.054221006404703544,0.046715328467153226,True,2.38075292547161e-06,False,False,False,False
debil,50,71,20261799,5,250,12500,0.03,1.0,0.5,0.03,0.03,0.030407976149384352,0.0011388752691885895,0.02790358482391456,0.03243595002382823,0.030635983263598322,0.028167364016736397,0.03261087866108786,1.0,0.037453175561361636,0.7340822410026879,0.07613700562657222,0.07452592664581908,0.07410026086157047,0.7160365310192799,True,True,True,0.013416747874968847,0.020759355367385834,True,1.6644453846648388e-07,False,False,False,False
debil,50,72,20261800,5,250,12500,0.03,1.0,0.5,0.03,0.03,0.029818623906695596,0.0011124243336463689,0.02736573242089691,0.03178714881895644,0.029648535564853556,0.02767364016736401,0.031623430962343095,1.0,0.037306360519090906,0.7312046661741818,0.07578100630602515,0.07413850504795971,0.0669070787562576,0.6490566082444766,True,True,True,0.006082644654291798,0.011854360711261619,True,3.289728722236745e-08,False,False,False,False
debil,50,73,20261801,5,250,12500,0.03,1.0,0.5,0.03,0.03,0.031867846822825216,0.0011187480397918802,0.029402772415991704,0.033858628777092295,0.031623430962343095,0.030142259414225936,0.033598326359832634,1.0,0.03510585594350797,0.6880747764927562,0.07131752443116786,0.06991147512842165,0.05395947180305947,0.5314048397315436,True,True,True,0.05861226938894972,0.05133633236305904,True,3.488851753538258e-06,False,False,False,False
debil,50,74,20261802,5,250,12500,0.03,1.0,0.5,0.03,0.03,0.02919966082325113,0.001109977374768065,0.026769560643303894,0.03112316525399307,0.02915481171548117,0.02717991631799163,0.03112970711297071,1.0,0.03801336534307314,0.7450619607242335,0.07629073402620581,0.07454889008886166,0.06805047936861056,0.6628150584539078,True,True,True,0.027409194291447888,0.028989667049368603,True,6.405427978390583e-07,False,False,False,False
debil,50,75,20261803,5,250,12500,0.03,1.0,0.5,0.03,0.03,0.02932067696500472,0.0011321635422246114,0.02683387886392077,0.031333278785381946,0.02915481171548117,0.02717991631799163,0.03112970711297071,1.0,0.03861314469566611,0.7568176360350557,0.0784529531763728,0.07672742220159806,0.06805047936861056,0.6600794012531547,True,True,True,0.02316873637692872,0.028989667049368603,True,4.614797858751984e-07,False,False,False,False
debil,50,76,20261804,5,250,12500,0.03,1.0,0.5,0.03,0.03,0.030269187985332995,0.0011325876546856677,0.027787852515186284,0.0322765310062266,0.030142259414225936,0.028167364016736397,0.032117154811715475,1.0,0.037417179979669944,0.7333767276015308,0.0757438606729723,0.07414600109549215,0.06580162660228873,0.6393952459106432,True,True,True,0.008893135338266446,0.004719600222098776,True,7.246217144763746e-08,False,False,False,False
debil,50,77,20261805,5,250,12500,0.03,1.0,0.5,0.03,0.03,0.031239531563747338,0.0011396135672342967,0.02875106387783373,0.033260351694167564,0.03112970711297071,0.02915481171548117,0.03310460251046025,1.0,0.03647985453651259,0.7150051489156467,0.07365491230478877,0.07217278221877606,0.06369722515988155,0.6195347345687239,True,True,True,0.039678301872675376,0.03629032258064519,True,1.5364384975259236e-06,False,False,False,False
debil,50,78,20261806,5,250,12500,0.03,1.0,0.5,0.03,0.03,0.0283969838446967,0.0011177088070301751,0.025932685283856036,0.03038435481999455,0.028167364016736397,0.026686192468619245,0.030142259414225936,1.0,0.03936012405905262,0.7714584315574313,0.08021722382840431,0.07838278812434316,0.06051122429631701,0.5963565752647862,True,True,True,0.056450225984217395,0.06506238859180051,True,2.5696607941633745e-06,False,False,False,False
debil,50,79,20261807,5,250,12500,0.03,1.0,0.5,0.03,0.03,0.029317120715953566,0.001132939208515022,0.026829556909683843,0.03133106464822031,0.02915481171548117,0.02717991631799163,0.03112970711297071,1.0,0.038644286370813616,0.7574280128679468,0.07849837520381896,0.07677267802234873,0.06805047936861056,0.6601594707377106,True,True,True,0.023292849617214628,0.028989667049368603,True,4.6632411657976897e-07,False,False,False,False
debil,50,80,20261808,5,250,12500,0.03,1.0,0.5,0.03,0.03,0.029311385818508694,0.0011323974471107877,0.02682531865932102,0.03132310311698294,0.02915481171548117,0.02717991631799163,0.03112970711297071,1.0,0.03863336432205585,0.7572139407122946,0.07845042954656571,0.07672418638803824,0.06805047936861056,0.6602886337491556,True,True,True,0.02349306122047906,0.028989667049368603,True,4.741894909509402e-07,False,False,False,False
debil,50,81,20261809,5,250,12500,0.03,1.0,0.5,0.03,0.03,0.03016232291704743,0.001146888287875161,0.027687845273092804,0.032173899344965624,0.030142259414225936,0.028167364016736397,0.032117154811715475,1.0,0.03802387140504194,0.7452678795388219,0.07594626762428641,0.07436519535001312,0.06580162660228873,0.6416606223806063,True,True,True,0.005381645090593849,0.004719600222098776,True,2.634872939878701e-08,False,False,False,False
debil,50,82,20261810,5,250,12500,0.03,1.0,0.5,0.03,0.03,0.03187791099987835,0.0011291633818508427,0.029392671882765134,0.03388900026955436,0.031623430962343095,0.030142259414225936,0.03409205020920502,1.0,0.03542149866266807,0.6942613737882941,0.07194822041638335,0.07052420070446877,0.060774887240138534,0.6071280798629298,True,True,True,0.05890947496169111,0.05133633236305904,True,3.526549723464105e-06,False,False,False,False
debil,50,83,20261811,5,250,12500,0.03,1.0,0.5,0.03,0.03,0.029495734820301607,0.0011197823026618723,0.02704238798919237,0.031482237867597025,0.029648535564853556,0.02767364016736401,0.031623430962343095,1.0,0.03796421107946556,0.7440985371575249,0.07691071961383134,0.07526257449515636,0.0669070787562576,0.6561618150321982,True,True,True,0.017096206714989532,0.011854360711261619,True,2.542833714562514e-07,False,False,False,False
debil,50,84,20261812,5,250,12500,0.03,1.0,0.5,0.03,0.03,0.029275738546402513,0.001137498894641629,0.026787756031961336,0.031293219582658245,0.02915481171548117,0.02717991631799163,0.03112970711297071,1.0,0.038854660928149605,0.7615513541917321,0.07867391502078193,0.0769487598674185,0.06805047936861056,0.6610926267400946,True,True,True,0.0247393059768423,0.028989667049368603,True,5.245546531671438e-07,False,False,False,False
debil,50,85,20261813,5,250,12500,0.03,1.0,0.5,0.03,0.03,0.02875298889823682,0.0011383143773956803,0.026269967337376972,0.030765510088073433,0.028661087866108784,0.026686192468619245,0.030635983263598322,1.0,0.03958942777825382,0.7759527844537748,0.07996712457896887,0.07817522495847616,0.06923382574746274,0.6731117576644109,True,True,True,0.04336979039558727,0.046715328467153226,True,1.5550366879206212e-06,False,False,False,False
debil,50,86,20261814,5,250,12500,0.03,1.0,0.5,0.03,0.03,0.030694001931407117,0.001150267577154775,0.028203382201043535,0.03272778216649138,0.030635983263598322,0.028661087866108784,0.03261087866108786,1.0,0.03747532106518125,0.7345162928775524,0.07522578737917913,0.07370169545761203,0.06473225707965503,0.630545829072678,True,True,True,0.022610343641667467,0.020759355367385834,True,4.816386807968098e-07,False,False,False,False
debil,50,87,20261815,5,250,12500,0.03,1.0,0.5,0.03,0.03,0.03204161309394807,0.0011521891443789024,0.029530503840361703,0.034060911540028875,0.032117154811715475,0.030142259414225936,0.03409205020920502,1.0,0.03595914915396456,0.7047993234177053,0.07215967022833956,0.07069568698654037,0.061723740996997,0.6040262342176848,True,True,True,0.06371755029816785,0.06591974986972371,True,4.168184025380208e-06,False,False,False,False
debil,50,88,20261816,5,250,12500,0.03,1.0,0.5,0.03,0.03,0.02961253571437701,0.0011308053250188874,0.027174622328660886,0.03158988258857131,0.029648535564853556,0.02767364016736401,0.031623430962343095,1.0,0.038186710382585594,0.7484595234986776,0.07615359000256276,0.0745505265489101,0.0669070787562576,0.6535737122302928,True,True,True,0.013084468326529474,0.011854360711261619,True,1.5012857263333214e-07,False,False,False,False
debil,50,89,20261817,5,250,12500,0.03,1.0,0.5,0.03,0.03,0.029691397215426123,0.00112780454403225,0.02723607447944952,0.03165859440757183,0.029648535564853556,0.02767364016736401,0.031623430962343095,1.0,0.03798421932957405,0.7444906988596512,0.07614375601683498,0.0744747695104189,0.0669070787562576,0.6518377951355614,True,True,True,0.010393676738578677,0.011854360711261619,True,9.523567864675024e-08,False,False,False,False
debil,50,90,20261818,5,250,12500,0.03,1.0,0.5,0.03,0.03,0.02962032512358687,0.0011424230806853757,0.027152421676520284,0.03161117908243326,0.029648535564853556,0.02767364016736401,0.031623430962343095,1.0,0.03856889064920008,0.7559502567243215,0.0769350790738793,0.07526516652517151,0.0669070787562576,0.6534018385904147,True,True,True,0.012818052294462774,0.011854360711261619,True,1.441530117793252e-07,False,False,False,False
debil,50,91,20261819,5,250,12500,0.03,1.0,0.5,0.03,0.03,0.03008755351953236,0.0011320830842787072,0.027637017781671772,0.03207225935772672,0.030142259414225936,0.028167364016736397,0.032117154811715475,1.0,0.03762629233193642,0.7374753297059539,0.07527546147462429,0.07370558681641666,0.06580162660228873,0.6432551879910471,True,True,True,0.002909958082019699,0.004719600222098776,True,7.66561878250373e-09,False,False,False,False
debil,50,92,20261820,5,250,12500,0.03,1.0,0.5,0.03,0.03,0.03245631704829566,0.001130541897609001,0.029977885793411152,0.034461508317002454,0.03261087866108786,0.030635983263598322,0.034585774058577406,1.0,0.0348327228849389,0.6827213685448025,0.07043086157102549,0.06907164662151255,0.06078232027373373,0.5963084125225423,True,True,True,0.07568070784619858,0.08006158583525777,True,6.033493441747897e-06,False,False,False,False
debil,50,93,20261821,5,250,12500,0.03,1.0,0.5,0.03,0.03,0.026775663707203565,0.001093023880005453,0.024363382453429772,0.028661406041132757,0.026686192468619245,0.024711297071129706,0.028661087866108784,1.0,0.04082154197773975,0.8001022227636991,0.08240317951463474,0.08025988888086219,0.07441191810382117,0.7228196136251368,True,True,True,0.12042040593484805,0.12417685794920039,False,1.0396344529044252e-05,True,False,True,False
debil,50,94,20261822,5,250,12500,0.03,1.0,0.5,0.03,0.03,0.030039687009695403,0.0011447028978411006,0.02753891460595589,0.03205537260314741,0.030142259414225936,0.028167364016736397,0.032117154811715475,1.0,0.03810635235552368,0.7468845061682641,0.07684502117665805,0.07517485111835255,0.06580162660228873,0.6442801780574785,True,True,True,0.0013211525700184267,0.004719600222098776,True,1.5750587385631115e-09,False,False,False,False
debil,50,95,20261823,5,250,12500,0.03,1.0,0.5,0.03,0.03,0.03009094338801726,0.0011279240389813977,0.02765401869061132,0.03206878775001052,0.030142259414225936,0.028167364016736397,0.032117154811715475,1.0,0.03748383772608993,0.7346832194313626,0.07489847977499223,0.07335710619756172,0.06580162660228873,0.6431827226495188,True,True,True,0.00302228437455625,0.004719600222098776,True,8.270699824057958e-09,False,False,False,False
debil,50,96,20261824,5,250,12500,0.03,1.0,0.5,0.03,0.03,0.030104748250608403,0.0011086630640299048,0.027699316089458637,0.03205113475176521,0.030142259414225936,0.028167364016736397,0.032117154811715475,1.0,0.036826850528720145,0.7218062703629148,0.07378419409797185,0.07227794476272731,0.06580162660228873,0.6428877841556554,True,True,True,0.003479459443952919,0.004719600222098776,True,1.0972196005520971e-08,False,False,False,False
debil,50,97,20261825,5,250,12500,0.03,1.0,0.5,0.03,0.03,0.030750727341713253,0.0011343020069988585,0.02826909594169713,0.03275958673687954,0.030635983263598322,0.028661087866108784,0.03261087866108786,1.0,0.03688699764379823,0.7229851538184452,0.07455364357498931,0.07301438345315284,0.06473225707965503,0.6293826705407347,True,True,True,0.02441331983373601,0.020759355367385834,True,5.635915415958497e-07,False,False,False,False
debil,50,98,20261826,5,250,12500,0.03,1.0,0.5,0.03,0.03,0.030981186335437144,0.0011376498686792816,0.02848725445056685,0.03299654511785434,0.03112970711297071,0.02915481171548117,0.03310460251046025,1.0,0.03672066835536269,0.7197250997651086,0.07431170303314813,0.07277466102273876,0.06369722515988155,0.6247008970492477,True,True,True,0.031670392631635166,0.03629032258064519,True,9.627266248485743e-07,False,False,False,False
debil,50,99,20261827,5,250,12500,0.03,1.0,0.5,0.03,0.03,0.03041744024291323,0.0011238700549091618,0.02794377338885764,0.03241742355352541,0.030635983263598322,0.028661087866108784,0.03261087866108786,1.0,0.036948212799431904,0.7241849708688652,0.0751088550043151,0.07353758450647496,0.06473225707965503,0.6362788828000292,True,True,True,0.013723713750386607,0.020759355367385834,True,1.7425635640345878e-07,False,False,False,False
debil,100,0,20262728,5,250,25000,0.03,1.0,0.5,0.03,0.03,0.03148571016282894,0.0008105368724659311,0.029666567808968824,0.032881107244094585,0.031623430962343095,0.030142259414225936,0.03261087866108786,1.0,0.025743007487340274,0.5045629467518693,0.05187863219978284,0.05104759299538918,0.03970953467672634,0.38418172075736995,True,True,True,0.047186808083589785,0.05133633236305904,True,2.2073346879331925e-06,False,False,False,False
debil,100,1,20262729,5,250,25000,0.03,1.0,0.5,0.03,0.03,0.028292515531350003,0.0007848524536902209,0.026465995748826954,0.029598107053423684,0.028167364016736397,0.02717991631799163,0.029648535564853556,1.0,0.027740638785566867,0.5437165201971106,0.05656223726944793,0.055352294516303094,0.04314385612927169,0.4275418456948444,True,True,True,0.06035110122173428,0.06506238859180051,False,2.9155032106809593e-06,False,False,False,False
debil,100,2,20262730,5,250,25000,0.03,1.0,0.5,0.03,0.03,0.029950663389054565,0.0007812966481098708,0.028187211952176258,0.03126626680860471,0.030142259414225936,0.028661087866108784,0.03112970711297071,1.0,0.026086121631462584,0.5112879839766666,0.05231975795396605,0.05140211447793325,0.04169963111215758,0.4038719995111689,True,True,True,0.001647262710163062,0.004719600222098776,True,2.4341011795810835e-09,False,False,False,False
debil,100,3,20262731,5,250,25000,0.03,1.0,0.5,0.03,0.03,0.030563814519509475,0.0008033315611960938,0.028728867697081148,0.03194385700281045,0.030635983263598322,0.02915481171548117,0.032117154811715475,1.0,0.02628374677131062,0.5151614367176881,0.05353665466924335,0.05259469991347308,0.04846072180485313,0.47492374233205015,True,True,True,0.018447125411966636,0.020759355367385834,True,3.178868124097017e-07,False,False,False,False
debil,100,4,20262732,5,250,25000,0.03,1.0,0.5,0.03,0.03,0.028978849510163482,0.0007867510286297121,0.027202579757534668,0.030314401176224855,0.02915481171548117,0.02767364016736401,0.030142259414225936,1.0,0.027149146426733824,0.532123269963983,0.05467725755949802,0.053691251918037794,0.043141204186029125,0.41741596074685544,True,True,True,0.035237785733294016,0.028989667049368603,True,1.0427483228933586e-06,False,False,False,False
debil,100,5,20262733,5,250,25000,0.03,1.0,0.5,0.03,0.03,0.029539457843842647,0.0007919859634051444,0.02773127271590835,0.030898779788327595,0.029648535564853556,0.028167364016736397,0.030635983263598322,1.0,0.026811120488124666,0.5254979615672434,0.05459828318312604,0.05361484779382123,0.042408150466861534,0.4094941204936444,True,True,True,0.015590745049958556,0.011854360711261619,True,2.12099077598063e-07,False,False,False,False
debil,100,6,20262734,5,250,25000,0.03,1.0,0.5,0.03,0.03,0.030034053221670493,0.0007871567563213981,0.028231691367780743,0.03138363022166434,0.030142259414225936,0.028661087866108784,0.03112970711297071,1.0,0.02620880873159805,0.5136926511393217,0.05342218641507174,0.05247275202285016,0.04169963111215758,0.402750645087611,True,True,True,0.0011338203811239822,0.004719600222098776,True,1.1596219061397768e-09,False,False,False,False
debil,100,7,20262735,5,250,25000,0.03,1.0,0.5,0.03,0.03,0.029358454908542303,0.000785473757617263,0.027555642864235327,0.030632878178145563,0.02915481171548117,0.028167364016736397,0.030635983263598322,1.0,0.026754601359784677,0.5243901866517796,0.05351377106576023,0.052407991556375565,0.041701946437071855,0.4120187641790319,True,True,True,0.021852140838346017,0.028989667049368603,True,4.115801043734634e-07,False,False,False,False
debil,100,8,20262736,5,250,25000,0.03,1.0,0.5,0.03,0.03,0.029096080661312775,0.0007831704490892678,0.027284211883305088,0.03043898082864866,0.02915481171548117,0.02767364016736401,0.030142259414225936,1.0,0.026916699132285542,0.5275673029927966,0.055262500627186725,0.054212953663176196,0.043141204186029125,0.41573414819773413,True,True,True,0.03106670445442866,0.028989667049368603,True,8.170701708527478e-07,False,False,False,False
debil,100,9,20262737,5,250,25000,0.03,1.0,0.5,0.03,0.03,0.029862110593686403,0.0007981281940978956,0.02802859824939205,0.03118121989018077,0.029648535564853556,0.028661087866108784,0.03112970711297071,1.0,0.026727119357284806,0.5238515394027822,0.05386018933264195,0.052786316474483584,0.04101659995290792,0.40506963738125323,True,True,True,0.004617537192523428,0.011854360711261619,True,1.9013488373515976e-08,False,False,False,False
debil,100,10,20262738,5,250,25000,0.03,1.0,0.5,0.03,0.03,0.027792186149510508,0.0007801430432494157,0.02597497209077304,0.02909416773082624,0.02767364016736401,0.026686192468619245,0.02915481171548117,1.0,0.028070589303503066,0.5501835503486601,0.05735539850606382,0.056116413859514554,0.04390293449173552,0.43523867624341156,True,True,True,0.0794400929316017,0.08406410644088311,False,4.874441998413231e-06,False,False,False,False
debil,100,11,20262739,5,250,25000,0.03,1.0,0.5,0.03,0.03,0.029776510168875118,0.0007901723584845113,0.027938886790181316,0.031087707653972802,0.029648535564853556,0.028661087866108784,0.03112970711297071,1.0,0.02653676854685493,0.5201206635183566,0.05397516247608788,0.052874242917205515,0.04101659995290792,0.4062341167927537,True,True,True,0.007505575027341109,0.011854360711261619,True,4.994770461622785e-08,False,False,False,False
debil,100,12,20262740,5,250,25000,0.03,1.0,0.5,0.03,0.03,0.03016681104162567,0.0007906548474000991,0.0283276625478997,0.03151067289974502,0.030142259414225936,0.028661087866108784,0.031623430962343095,1.0,0.026209427516521853,0.5137047793238283,0.05378597437347249,0.052756825165464795,0.04925830994566591,0.4811738685775881,True,True,True,0.00552962132442488,0.004719600222098776,True,2.7825923608241345e-08,False,False,False,False
debil,100,13,20262741,5,250,25000,0.03,1.0,0.5,0.03,0.03,0.029349364119302855,0.0007924040649791187,0.027523702090941782,0.03063555119288945,0.02915481171548117,0.028167364016736397,0.030635983263598322,1.0,0.026999019868303057,0.5291807894187398,0.05415701047860013,0.05301391010207661,0.041701946437071855,0.4121463845163115,True,True,True,0.022168653400883115,0.028989667049368603,True,4.233270492505479e-07,False,False,False,False
debil,100,14,20262742,5,250,25000,0.03,1.0,0.5,0.03,0.03,0.030022274139533567,0.000795466321327521,0.028213775364235097,0.03138805186990912,0.030142259414225936,0.028661087866108784,0.03112970711297071,1.0,0.026495871619533467,0.519319083742856,0.05380625672913538,0.05286535741631424,0.04169963111215758,0.4029086621954136,True,True,True,0.0007419204631217013,0.004719600222098776,True,4.961372919608541e-10,False,False,False,False
debil,100,15,20262743,5,250,25000,0.03,1.0,0.5,0.03,0.03,0.029110643362330445,0.0007996337914699727,0.027271959875883794,0.03048106656029924,0.02915481171548117,0.02767364016736401,0.030635983263598322,1.0,0.02746877770845523,0.5383880430857224,0.05619005466841534,0.055119130217645244,0.05093513820641687,0.49863141088566076,True,True,True,0.03055090973428612,0.028989667049368603,True,7.909552289668933e-07,False,False,False,False
debil,100,16,20262744,5,250,25000,0.03,1.0,0.5,0.03,0.03,0.028858663987283144,0.0007907674573258882,0.027038443700750665,0.03014164013600574,0.028661087866108784,0.02767364016736401,0.030142259414225936,1.0,0.027401388285831517,0.5370672104022977,0.05494231096288883,0.053765420960279524,0.04241062696244253,0.41915434182794314,True,True,True,0.03954916323291307,0.046715328467153226,True,1.3026478939244092e-06,False,False,False,False
debil,100,17,20262745,5,250,25000,0.03,1.0,0.5,0.03,0.03,0.029687357929058127,0.0007808979761549335,0.027863720678982788,0.031013511574419294,0.029648535564853556,0.028167364016736397,0.03112970711297071,1.0,0.026304057707694724,0.5155595310708165,0.05410447975741538,0.0530493636881286,0.05008265769650978,0.48894486354207706,True,True,True,0.010531151734316423,0.011854360711261619,True,9.774506452282271e-08,False,False,False,False
debil,100,18,20262746,5,250,25000,0.03,1.0,0.5,0.03,0.03,0.03022297836842541,0.0007959667760899812,0.028370634022042103,0.031558265275467005,0.030142259414225936,0.02915481171548117,0.031623430962343095,1.0,0.026336477046932764,0.5161949501198821,0.05380135046067307,0.05273522706079638,0.04035345186660591,0.40023303336181537,True,True,True,0.007377776131367781,0.004719600222098776,True,4.971935278565805e-08,False,False,False,False
debil,100,19,20262747,5,250,25000,0.03,1.0,0.5,0.03,0.03,0.030097740937321128,0.0007992533890648133,0.028259798789255726,0.031467723044986115,0.030142259414225936,0.028661087866108784,0.031623430962343095,1.0,0.026555261762976404,0.5204831305543375,0.05428672281161569,0.0532917779844495,0.04925830994566591,0.4822780952821932,True,True,True,0.00324745094738752,0.004719600222098776,True,9.55329082841294e-09,False,False,False,False
debil,100,20,20262748,5,250,25000,0.03,1.0,0.5,0.03,0.03,0.03130456967417514,0.0008015363939453084,0.02945047206556099,0.03260980779483794,0.03112970711297071,0.030142259414225936,0.03261087866108786,1.0,0.025604453352589603,0.5018472857107562,0.05149120103848939,0.05046125473309515,0.039089565757454876,0.3864047465122091,True,True,True,0.041673458148551064,0.03629032258064519,True,1.7019020347774252e-06,False,False,False,False
debil,100,21,20262749,5,250,25000,0.03,1.0,0.5,0.03,0.03,0.029954961708796086,0.0007935348323861341,0.028175970872484433,0.03130432515777212,0.030142259414225936,0.028661087866108784,0.03112970711297071,1.0,0.02649093128879272,0.5192222532603372,0.05312163927612626,0.052217631184103094,0.04169963111215758,0.4038140468085275,True,True,True,0.0015035335929234604,0.004719600222098776,True,2.0284476745684128e-09,False,False,False,False
debil,100,22,20262750,5,250,25000,0.03,1.0,0.5,0.03,0.03,0.03181488933465006,0.0007988366899078309,0.029971925554860886,0.03312119993766372,0.031623430962343095,0.030635983263598322,0.03310460251046025,1.0,0.025108894188036867,0.49213432608552254,0.05046499263744185,0.04949371895776036,0.03848689725190704,0.38020670706684645,True,True,True,0.05704528202376728,0.05133633236305904,True,3.2938232970265293e-06,False,False,False,False
debil,100,23,20262751,5,250,25000,0.03,1.0,0.5,0.03,0.03,0.029407520740836888,0.0007917279853248222,0.027613260904349183,0.03072966353789235,0.029648535564853556,0.028167364016736397,0.030635983263598322,1.0,0.026922636297774857,0.5276836714363872,0.05400158133464037,0.05298649044588719,0.042408150466861534,0.4113313195024272,True,True,True,0.020147201948254076,0.011854360711261619,True,3.5103167253846887e-07,False,False,False,False
debil,100,24,20262752,5,250,25000,0.03,1.0,0.5,0.03,0.03,0.030608244372329355,0.0007990180284629878,0.0287662347619124,0.03197537966364489,0.030635983263598322,0.02915481171548117,0.032117154811715475,1.0,0.026104667054518187,0.5116514742685564,0.05339480702574918,0.052422884218632906,0.04846072180485313,0.47423435970311517,True,True,True,0.019871913100616253,0.020759355367385834,True,3.6996121647033185e-07,False,False,False,False
debil,100,25,20262753,5,250,25000,0.03,1.0,0.5,0.03,0.03,0.029765355614053295,0.0007910771116971707,0.027924327952195106,0.0310818208642745,0.029648535564853556,0.028661087866108784,0.03112970711297071,1.0,0.026577109373545488,0.5209113437214915,0.0541419983424132,0.053039731038668096,0.04101659995290792,0.406386352861592,True,True,True,0.007883137328818533,0.011854360711261619,True,5.5057987856305915e-08,False,False,False,False
debil,100,26,20262754,5,250,25000,0.03,1.0,0.5,0.03,0.03,0.030017093504105967,0.0008023445032682769,0.02820230660908961,0.031396481787514,0.030142259414225936,0.028661087866108784,0.03112970711297071,1.0,0.026729586698942924,0.5238998992992813,0.05414168381188783,0.05320593711025803,0.04169963111215758,0.40297820000356854,True,True,True,0.0005694590018728007,0.004719600222098776,True,2.921878826207466e-10,False,False,False,False
debil,100,27,20262755,5,250,25000,0.03,1.0,0.5,0.03,0.03,0.03051358791474896,0.0007946642423169385,0.028706987866680692,0.0318775868711044,0.030635983263598322,0.02915481171548117,0.031623430962343095,1.0,0.026042963041158194,0.5104420756067005,0.0528605328181022,0.05195388712205783,0.04101443289384903,0.3964212384141372,True,True,True,0.016831449522876765,0.020759355367385834,True,2.63772546176185e-07,False,False,False,False
debil,100,28,20262756,5,250,25000,0.03,1.0,0.5,0.03,0.03,0.03152527393267379,0.0008036820828766303,0.029698886567788376,0.03290761678894383,0.031623430962343095,0.030142259414225936,0.03310460251046025,1.0,0.025493262472294293,0.4996679444569681,0.05175180230250932,0.05089139317247648,0.04694076541007159,0.46043949380258425,True,True,True,0.04838257507075777,0.05133633236305904,True,2.3264605696941783e-06,False,False,False,False
debil,100,29,20262757,5,250,25000,0.03,1.0,0.5,0.03,0.03,0.029593495227258904,0.0007933439873226866,0.027766548663447663,0.030954532341925065,0.029648535564853556,0.028167364016736397,0.03112970711297071,1.0,0.026808052959960214,0.5254378380152201,0.05488279333834867,0.05386291233927842,0.05008265769650978,0.4904956667023823,True,True,True,0.013736287978807552,0.011854360711261619,True,1.6524613026128954e-07,False,False,False,False
debil,100,30,20262758,5,250,25000,0.03,1.0,0.5,0.03,0.03,0.02979290210092956,0.0007849479186786717,0.027970444202182438,0.031091528714008304,0.029648535564853556,0.028661087866108784,0.03112970711297071,1.0,0.026346809586373955,0.5163974678929295,0.05346220942747626,0.052379665821955725,0.04101659995290792,0.40601060845448894,True,True,True,0.0069512496086770875,0.011854360711261619,True,4.288953979938993e-08,False,False,False,False
debil,100,31,20262759,5,250,25000,0.03,1.0,0.5,0.03,0.03,0.029873632774905394,0.0008005966126777543,0.028038231627609517,0.031207741936343302,0.029648535564853556,0.028661087866108784,0.03112970711297071,1.0,0.026799439449167888,0.5252690132036906,0.05410498062110517,0.05304862539845261,0.04101659995290792,0.40491340309252827,True,True,True,0.004230058863170925,0.011854360711261619,True,1.5968675578110543e-08,False,False,False,False
debil,100,32,20262760,5,250,25000,0.03,1.0,0.5,0.03,0.03,0.0296127980024092,0.0007929381534062307,0.027781355904662908,0.030971088805677716,0.029648535564853556,0.028167364016736397,0.03112970711297071,1.0,0.026776873747010325,0.5248267254414023,0.05489007887390086,0.05385733730320422,0.05008265769650978,0.49017594252212143,True,True,True,0.013075495181485194,0.011854360711261619,True,1.4992538693830462e-07,False,False,False,False
debil,100,33,20262761,5,250,25000,0.03,1.0,0.5,0.03,0.03,0.03031828093410846,0.0008015531019584359,0.028464216524199795,0.03162292608983887,0.030142259414225936,0.02915481171548117,0.031623430962343095,1.0,0.02643794691725672,0.5181837595782316,0.05319649094554484,0.052092491201991,0.04035345186660591,0.39897493977024967,True,True,True,0.010497987494745757,0.004719600222098776,True,1.0130275301695472e-07,False,False,False,False
debil,100,34,20262762,5,250,25000,0.03,1.0,0.5,0.03,0.03,0.03043659596984602,0.0007939585861784178,0.028662568681363274,0.031783343220800245,0.030635983263598322,0.02915481171548117,0.031623430962343095,1.0,0.026085656456622287,0.5112788665497967,0.05213312897930093,0.0512668128612143,0.04101443289384903,0.3974240194799493,True,True,True,0.014344441483488025,0.020759355367385834,True,1.906160408857876e-07,False,False,False,False
debil,100,35,20262763,5,250,25000,0.03,1.0,0.5,0.03,0.03,0.030925286480586654,0.0008010603578723348,0.029125652350264215,0.03228863094855167,0.03112970711297071,0.029648535564853556,0.032117154811715475,1.0,0.025903086083784554,0.5077004872421772,0.05200614908533598,0.051139034722815224,0.04035142138929783,0.391143807745057,True,True,True,0.029920061732249505,0.03629032258064519,True,8.561550711564377e-07,False,False,False,False
debil,100,36,20262764,5,250,25000,0.03,1.0,0.5,0.03,0.03,0.030315543747123,0.0007986769025699201,0.028467633457068584,0.03161818324591078,0.030142259414225936,0.02915481171548117,0.031623430962343095,1.0,0.026345458594841005,0.5163709884588836,0.05305586951272887,0.05196261388419247,0.04035345186660591,0.3990109631720324,True,True,True,0.010408645470954098,0.004719600222098776,True,9.956785634842399e-08,False,False,False,False
debil,100,37,20262765,5,250,25000,0.03,1.0,0.5,0.03,0.03,0.029540595090099393,0.0007895277953527708,0.027735109797581252,0.030895010624787764,0.029648535564853556,0.028167364016736397,0.030635983263598322,1.0,0.026726875100000373,0.5238467519600073,0.0544683799635377,0.05348404149558857,0.042408150466861534,0.4094783558939717,True,True,True,0.015551647097812732,0.011854360711261619,True,2.1105287124078422e-07,False,False,False,False
debil,100,38,20262766,5,250,25000,0.03,1.0,0.5,0.03,0.03,0.029047305945419637,0.0007977157532330614,0.027231419736970155,0.030418027276251654,0.02915481171548117,0.02767364016736401,0.030142259414225936,1.0,0.02746264162094696,0.5382677757705604,0.055873144441827546,0.054852032496046046,0.043141204186029125,0.41643222722108736,True,True,True,0.03279801770155515,0.028989667049368603,True,9.076259616327688e-07,False,False,False,False
debil,100,39,20262767,5,250,25000,0.03,1.0,0.5,0.03,0.03,0.03118460028555584,0.0008023243441373343,0.02932265542322391,0.032536614812769406,0.03112970711297071,0.029648535564853556,0.03261087866108786,1.0,0.025728222801975655,0.5042731669187228,0.05252607000429684,0.051531194245163135,0.04768860825007701,0.4654695278640915,True,True,True,0.03798670737186022,0.03629032258064519,True,1.4032778365389783e-06,False,False,False,False
debil,100,40,20262768,5,250,25000,0.03,1.0,0.5,0.03,0.03,0.030303916612135086,0.0008049848942965848,0.02843915800540831,0.0316187432178609,0.030142259414225936,0.02915481171548117,0.031623430962343095,1.0,0.02656372457064615,0.5206490015846645,0.053576938980803714,0.05246162159744295,0.04035345186660591,0.3991640573872072,True,True,True,0.01002895487157545,0.004719600222098776,True,9.23653071316689e-08,False,False,False,False
debil,100,41,20262769,5,250,25000,0.03,1.0,0.5,0.03,0.03,0.02950385303956199,0.000797144712947619,0.02770285768534224,0.030870654091951173,0.029648535564853556,0.028167364016736397,0.030635983263598322,1.0,0.027018325771848182,0.5295591851282243,0.05464313399386181,0.05368445271133243,0.042408150466861534,0.40998829181407187,True,True,True,0.01681634462362325,0.011854360711261619,True,2.4616180635187603e-07,False,False,False,False
debil,100,42,20262770,5,250,25000,0.03,1.0,0.5,0.03,0.03,0.029781743460861265,0.0007982577066284268,0.027927453853022328,0.03110064892900587,0.029648535564853556,0.028661087866108784,0.03112970711297071,1.0,0.026803592196591362,0.5253504070531907,0.05440215463937538,0.05327416576792607,0.04101659995290792,0.40616273273323056,True,True,True,0.007328534658340686,0.011854360711261619,True,4.763591687681758e-08,False,False,False,False
debil,100,43,20262771,5,250,25000,0.03,1.0,0.5,0.03,0.03,0.029405612709796913,0.000790614805708077,0.027613776298168816,0.030723395450487852,0.02915481171548117,0.028167364016736397,0.030635983263598322,1.0,0.02688652719161577,0.526975932955669,0.05389052651530051,0.052874585253634615,0.041701946437071855,0.41135800940455813,True,True,True,0.02021339585979973,0.028989667049368603,True,3.5329625075496705e-07,False,False,False,False
debil,100,44,20262772,5,250,25000,0.03,1.0,0.5,0.03,0.03,0.029816821999863387,0.0008032533432111186,0.02795708406072791,0.03112676031474697,0.029648535564853556,0.028661087866108784,0.03112970711297071,1.0,0.02693960285958037,0.5280162160477752,0.05430258068146984,0.05315248308544729,0.04101659995290792,0.4056848952473491,True,True,True,0.006143444802315016,0.011854360711261619,True,3.355417973404865e-08,False,False,False,False
debil,100,45,20262773,5,250,25000,0.03,1.0,0.5,0.03,0.03,0.027913374210115457,0.0007807604114369827,0.026146028200970145,0.029191842351463132,0.02767364016736401,0.026686192468619245,0.02915481171548117,1.0,0.027970835971311735,0.54822838503771,0.05569529542601591,0.05455832977349657,0.04390293449173552,0.4333490540616873,True,True,True,0.07475362076177702,0.08406410644088311,False,4.354007187011286e-06,False,False,False,False
debil,100,46,20262774,5,250,25000,0.03,1.0,0.5,0.03,0.03,0.02906283393274957,0.0007882348102283817,0.02725367170102062,0.030415379601364704,0.02915481171548117,0.02767364016736401,0.030142259414225936,1.0,0.027121746353171577,0.5315862285221629,0.05542573333136469,0.05439434962984289,0.043141204186029125,0.41620973156347096,True,True,True,0.03224620384299065,0.028989667049368603,True,8.782802376056386e-07,False,False,False,False
debil,100,47,20262775,5,250,25000,0.03,1.0,0.5,0.03,0.03,0.030715878628508424,0.0008042630349775735,0.028848543983929494,0.03206214311431692,0.030635983263598322,0.02915481171548117,0.032117154811715475,1.0,0.026183950155054668,0.5132054230390715,0.053359063818084466,0.05231169144230138,0.04846072180485313,0.47257255268862114,True,True,True,0.023306467549458247,0.020759355367385834,True,5.124822107551043e-07,False,False,False,False
debil,100,48,20262776,5,250,25000,0.03,1.0,0.5,0.03,0.03,0.030364281705372462,0.0007885494358217611,0.028561968868289538,0.03165717973032008,0.030142259414225936,0.02915481171548117,0.031623430962343095,1.0,0.025969639047389033,0.509004925328825,0.05197121783728381,0.050967957879980055,0.04035345186660591,0.3983705073939951,True,True,True,0.01199704669147529,0.004719600222098776,True,1.3270116086906982e-07,False,False,False,False
debil,100,49,20262777,5,250,25000,0.03,1.0,0.5,0.03,0.03,0.030100608298005024,0.0007877514523382557,0.028278079634469027,0.03145077373123718,0.030142259414225936,0.028661087866108784,0.031623430962343095,1.0,0.026170615707804996,0.5129440678729779,0.05368985484600682,0.0527014946900331,0.04925830994566591,0.4822321538435542,True,True,True,0.003342400824892735,0.004719600222098776,True,1.012202962746801e-08,False,False,False,False
debil,100,50,20262778,5,250,25000,0.03,1.0,0.5,0.03,0.03,0.028877322876034797,0.0007812954094369088,0.027093478999942876,0.030141468862700013,0.028661087866108784,0.02767364016736401,0.030142259414225936,1.0,0.027055673158861395,0.5302911939136833,0.05389038217112293,0.05277479972505788,0.04241062696244253,0.4188835080575305,True,True,True,0.03887746550414839,0.046715328467153226,True,1.2604039246747768e-06,False,False,False,False
debil,100,51,20262779,5,250,25000,0.03,1.0,0.5,0.03,0.03,0.03174979150374076,0.000798750258044751,0.02989394862702626,0.033072112011826124,0.031623430962343095,0.030635983263598322,0.03310460251046025,1.0,0.02515765364791899,0.49309001149921217,0.05103191759787386,0.05005014575332585,0.03848689725190704,0.3809862596482958,True,True,True,0.055111905334389345,0.05133633236305904,True,3.061770306563343e-06,False,False,False,False
debil,100,52,20262780,5,250,25000,0.03,1.0,0.5,0.03,0.03,0.03086288476473859,0.0008064387978989916,0.029012540507328145,0.03221589831808712,0.030635983263598322,0.029648535564853556,0.032117154811715475,1.0,0.026129728443932198,0.512142677501071,0.05288785669895251,0.05189660388485248,0.039711439168338525,0.39193466203274574,True,True,True,0.027958655560430683,0.020759355367385834,True,7.445701172179713e-07,False,False,False,False
debil,100,53,20262781,5,250,25000,0.03,1.0,0.5,0.03,0.03,0.029693415633490025,0.0008021479379857796,0.027832768700891717,0.031048118446074708,0.029648535564853556,0.028167364016736397,0.03112970711297071,1.0,0.02701433704652922,0.5294810061119727,0.05524165538528097,0.05414247025115773,0.05008265769650978,0.48884511471212116,True,True,True,0.010324994951547026,0.011854360711261619,True,9.399397378832194e-08,False,False,False,False
debil,100,54,20262782,5,250,25000,0.03,1.0,0.5,0.03,0.03,0.030145780234711664,0.0007944394738046601,0.028303786753973725,0.031499933664403304,0.030142259414225936,0.028661087866108784,0.031623430962343095,1.0,0.02635325633038002,0.5165238240754484,0.054034244521241406,0.05301151414136138,0.04925830994566591,0.48150955319557887,True,True,True,0.0048358421502656766,0.004719600222098776,True,2.1251876832588108e-08,False,False,False,False
debil,100,55,20262783,5,250,25000,0.03,1.0,0.5,0.03,0.03,0.029923729518800277,0.0007986539685700053,0.028122076921306336,0.03127596541453526,0.030142259414225936,0.028661087866108784,0.03112970711297071,1.0,0.026689653375867886,0.5231172061670105,0.053650520961621734,0.052698786948455464,0.04169963111215758,0.40423551823724685,True,True,True,0.0025488293881216605,0.004719600222098776,True,5.817186302437183e-09,False,False,False,False
debil,100,56,20262784,5,250,25000,0.03,1.0,0.5,0.03,0.03,0.0294308926453214,0.0007978373729448881,0.027632327713264973,0.030781086458875034,0.029648535564853556,0.028167364016736397,0.030635983263598322,1.0,0.02710884044734265,0.531333272767916,0.05447677755262047,0.05349410878488282,0.042408150466861534,0.41100466966455934,True,True,True,0.019337074194012514,0.011854360711261619,True,3.2388318114927183e-07,False,False,False,False
debil,100,57,20262785,5,250,25000,0.03,1.0,0.5,0.03,0.03,0.030319427702143707,0.0007942232622190011,0.02848340582001966,0.03161537635987713,0.030142259414225936,0.02915481171548117,0.031623430962343095,1.0,0.026195193063055285,0.5134257840358836,0.05272521973823655,0.05164956559579167,0.04035345186660591,0.3989598493895114,True,True,True,0.010535413309306064,0.004719600222098776,True,1.0203405689680966e-07,False,False,False,False
debil,100,58,20262786,5,250,25000,0.03,1.0,0.5,0.03,0.03,0.029318185158697177,0.0007980302611083187,0.027469405845560138,0.030624342485625424,0.02915481171548117,0.028167364016736397,0.030635983263598322,1.0,0.027219633711590252,0.5335048207471689,0.05497708267514015,0.05380511486280352,0.041701946437071855,0.41258468913227087,True,True,True,0.023255697363674128,0.028989667049368603,True,4.648714778207922e-07,False,False,False,False
debil,100,59,20262787,5,250,25000,0.03,1.0,0.5,0.03,0.03,0.030332431803451285,0.0007860945086911601,0.028522077994184505,0.0316135626870987,0.030142259414225936,0.02915481171548117,0.031623430962343095,1.0,0.025915973825801752,0.5079530869857143,0.05199837002474066,0.050960053465980946,0.04035345186660591,0.39878880757088186,True,True,True,0.010959615951842635,0.004719600222098776,True,1.1051090394587429e-07,False,False,False,False
debil,100,60,20262788,5,250,25000,0.03,1.0,0.5,0.03,0.03,0.030699702540183223,0.0007921605974337372,0.028854838573545198,0.03203533316178035,0.030635983263598322,0.02915481171548117,0.032117154811715475,1.0,0.025803526806061666,0.5057491253988086,0.0528142283428362,0.05180008803134436,0.04846072180485313,0.47282155755576444,True,True,True,0.022791834522415184,0.020759355367385834,True,4.895836447388569e-07,False,False,False,False
debil,100,61,20262789,5,250,25000,0.03,1.0,0.5,0.03,0.03,0.03000853018082763,0.0007888128502899728,0.028213201670872507,0.03135867987826054,0.030142259414225936,0.028661087866108784,0.03112970711297071,1.0,0.026286287450157864,0.5152112340230941,0.053344698418565165,0.05240973463934718,0.04169963111215758,0.4030931950593063,True,True,True,0.0002842585350308724,0.004719600222098776,True,7.276398495207148e-11,False,False,False,False
debil,100,62,20262790,5,250,25000,0.03,1.0,0.5,0.03,0.03,0.03013390846516574,0.0007879854685569747,0.028304058158308953,0.03148024239764114,0.030142259414225936,0.028661087866108784,0.031623430962343095,1.0,0.026149461145004535,0.5125294384420889,0.05370866774498229,0.05270116624605468,0.04925830994566591,0.481699252134112,True,True,True,0.004443780179412684,0.004719600222098776,True,1.7931477043044547e-08,False,False,False,False
debil,100,63,20262791,5,250,25000,0.03,1.0,0.5,0.03,0.03,0.029093048072795065,0.0007907325465434071,0.027271469284725573,0.030449835166326232,0.02915481171548117,0.02767364016736401,0.030635983263598322,1.0,0.027179432851617287,0.5327168838916988,0.05567620641377659,0.05462414721289984,0.05093513820641687,0.49893297997611885,True,True,True,0.03117418033805208,0.028989667049368603,True,8.225617982607438e-07,False,False,False,False
debil,100,64,20262792,5,250,25000,0.03,1.0,0.5,0.03,0.03,0.029351694312970425,0.0007944049754446634,0.027521588862429166,0.03064594878783053,0.02915481171548117,0.028167364016736397,0.030635983263598322,1.0,0.027065046636630383,0.5304749140779554,0.05436478370905362,0.053222820667301614,0.041701946437071855,0.41211366473921546,True,True,True,0.02208750473198712,0.028989667049368603,True,4.2030026383488784e-07,False,False,False,False
debil,100,65,20262793,5,250,25000,0.03,1.0,0.5,0.03,0.03,0.032104711979815174,0.0008113128834816808,0.03024159853182282,0.03348781410079303,0.032117154811715475,0.030635983263598322,0.033598326359832634,1.0,0.025270835134473976,0.4953083686356899,0.051454646031842396,0.050556684187217864,0.046216064246918945,0.4521293067719865,True,True,True,0.06555772813468777,0.06591974986972371,False,4.429812517977516e-06,False,False,False,False
debil,100,66,20262794,5,250,25000,0.03,1.0,0.5,0.03,0.03,0.03138918699034163,0.000803267351047227,0.02956330120979264,0.03274794364678553,0.031623430962343095,0.030142259414225936,0.03261087866108786,1.0,0.025590575228800615,0.501575274484492,0.051626631200631434,0.050728335811513654,0.03970953467672634,0.3853630969590073,True,True,True,0.04425686433895468,0.05133633236305904,True,1.9298404941344325e-06,False,False,False,False
debil,100,67,20262795,5,250,25000,0.03,1.0,0.5,0.03,0.03,0.030136028698721524,0.0007890539351656824,0.02830414835339482,0.03148371238782513,0.030142259414225936,0.028661087866108784,0.031623430962343095,1.0,0.02618307617948203,0.5131882931178477,0.05376350485339563,0.05275353408734305,0.04925830994566591,0.48166536197133114,True,True,True,0.0045138229751983516,0.004719600222098776,True,1.8503806875871397e-08,False,False,False,False
debil,100,68,20262796,5,250,25000,0.03,1.0,0.5,0.03,0.03,0.029468076797767,0.0007918749990600145,0.027687948742635454,0.030815234422470826,0.029648535564853556,0.028167364016736397,0.030635983263598322,1.0,0.02687229996360062,0.5266970792865722,0.05400489118045442,0.05306226295827267,0.042408150466861534,0.4104860453784363,True,True,True,0.01805082855876442,0.011854360711261619,True,2.829422930738067e-07,False,False,False,False
debil,100,69,20262797,5,250,25000,0.03,1.0,0.5,0.03,0.03,0.030576387835367688,0.0008004891633809585,0.028741174758363925,0.031950271108892606,0.030635983263598322,0.02915481171548117,0.032117154811715475,1.0,0.026179978082794764,0.5131275704227773,0.05342688776942714,0.05247670797164472,0.04846072180485313,0.47472844894902994,True,True,True,0.018850749750792345,0.020759355367385834,True,3.3222293675985055e-07,False,False,False,False
debil,100,70,20262798,5,250,25000,0.03,1.0,0.5,0.03,0.03,0.030389897027688767,0.000794993097459276,0.028582379353693576,0.03171934513151358,0.030142259414225936,0.02915481171548117,0.031623430962343095,1.0,0.026159782533482886,0.5127317376562646,0.052575864478402845,0.05161198432100412,0.04035345186660591,0.3980347251128341,True,True,True,0.012829823915939186,0.004719600222098776,True,1.52019692200536e-07,False,False,False,False
debil,100,71,20262799,5,250,25000,0.03,1.0,0.5,0.03,0.03,0.028940083550120503,0.0007996391004994314,0.02713749598736954,0.030296099817371688,0.02915481171548117,0.02767364016736401,0.030142259414225936,1.0,0.02763084975599878,0.541564655217576,0.05559150701034078,0.054571435920906214,0.043141204186029125,0.4179750997841561,True,True,True,0.03662451243597324,0.028989667049368603,True,1.1234228807251537e-06,False,False,False,False
debil,100,72,20262800,5,250,25000,0.03,1.0,0.5,0.03,0.03,0.0301671793466345,0.0007893137647483472,0.028330211918269493,0.0315089810706827,0.030142259414225936,0.028661087866108784,0.031623430962343095,1.0,0.026164652507905225,0.5128271891549424,0.05371301329489587,0.05268588613949811,0.04925830994566591,0.4811679940228649,True,True,True,0.005541762612723459,0.004719600222098776,True,2.794893394113907e-08,False,False,False,False
debil,100,73,20262801,5,250,25000,0.03,1.0,0.5,0.03,0.03,0.030297147894858215,0.0007973035754992993,0.028448398209507283,0.03160611872134612,0.030142259414225936,0.02915481171548117,0.031623430962343095,1.0,0.02631612646399007,0.5157960786942053,0.053200590643060146,0.05211250449707738,0.04035345186660591,0.39925323504382754,True,True,True,0.009807784412229948,0.004719600222098776,True,8.829687141866961e-08,False,False,False,False
debil,100,74,20262802,5,250,25000,0.03,1.0,0.5,0.03,0.03,0.030489359997094335,0.0008002028023988792,0.028685682411986,0.03186265833528947,0.030635983263598322,0.02915481171548117,0.031623430962343095,1.0,0.02624531320024885,0.5144081387248775,0.0529889170167292,0.05209974764321454,0.04101443289384903,0.39673624867088764,True,True,True,0.016050189218172334,0.020759355367385834,True,2.3947320675616844e-07,False,False,False,False
debil,100,75,20262803,5,250,25000,0.03,1.0,0.5,0.03,0.03,0.030693892199220325,0.0007953026345158971,0.028843762965477693,0.032035534802278894,0.030635983263598322,0.02915481171548117,0.032117154811715475,1.0,0.025910778253665043,0.5078512537718348,0.05301147761692449,0.0519935988581187,0.04846072180485313,0.4729110624789647,True,True,True,0.022606849425174998,0.020759355367385834,True,4.814863841388202e-07,False,False,False,False
debil,100,76,20262804,5,250,25000,0.03,1.0,0.5,0.03,0.03,0.028592314316793276,0.0007877966272833699,0.02677668022160585,0.029943988124566837,0.028661087866108784,0.02717991631799163,0.029648535564853556,1.0,0.027552740871370076,0.5400337210788534,0.0564733075235296,0.055387400052130734,0.04390009127829934,0.4230589442883567,True,True,True,0.04923300952871578,0.046715328467153226,False,1.9815789827051774e-06,False,False,False,False
debil,100,77,20262805,5,250,25000,0.03,1.0,0.5,0.03,0.03,0.03126520017627875,0.0008047287510297357,0.02939781990892758,0.03259090208271654,0.03112970711297071,0.030142259414225936,0.03261087866108786,1.0,0.025738800535180715,0.504480490489542,0.05209905028780077,0.05106447673109071,0.039089565757454876,0.3868913117914715,True,True,True,0.04046672239887563,0.03629032258064519,True,1.600731486055779e-06,False,False,False,False
debil,100,78,20262806,5,250,25000,0.03,1.0,0.5,0.03,0.03,0.030324430981937635,0.0008114420445194236,0.028448853407804515,0.03166678360876773,0.030142259414225936,0.02915481171548117,0.031623430962343095,1.0,0.02675868988284558,0.5244703217037733,0.054158990739942584,0.05305837730112614,0.04035345186660591,0.39889402432079935,True,True,True,0.010698666765779663,0.004719600222098776,True,1.0525546204101865e-07,False,False,False,False
debil,100,79,20262807,5,250,25000,0.03,1.0,0.5,0.03,0.03,0.029756545215630335,0.0008000330056587556,0.02789670875644425,0.031087317433205208,0.029648535564853556,0.028661087866108784,0.03112970711297071,1.0,0.026885950632418148,0.5269646323953956,0.0547381149851112,0.0536118802374446,0.04101659995290792,0.406506676832551,True,True,True,0.008181554095257794,0.011854360711261619,True,5.927023203247938e-08,False,False,False,False
debil,100,80,20262808,5,250,25000,0.03,1.0,0.5,0.03,0.03,0.031051883944204065,0.0008022360090090151,0.029220217998053865,0.03243047773773902,0.03112970711297071,0.029648535564853556,0.03261087866108786,1.0,0.02583534095549636,0.5063726827277286,0.05259704348827551,0.05169186747982102,0.04768860825007701,0.4674589534609365,True,True,True,0.03387504429986137,0.03629032258064519,True,1.1064598320743018e-06,False,False,False,False
debil,100,81,20262809,5,250,25000,0.03,1.0,0.5,0.03,0.03,0.030918569050678864,0.000795914826023798,0.02913167931894547,0.032266353139065444,0.03112970711297071,0.029648535564853556,0.032117154811715475,1.0,0.025742291783271337,0.5045489189521182,0.05155447207089674,0.05069241424112974,0.04035142138929783,0.3912287884279627,True,True,True,0.029709300232272466,0.03629032258064519,True,8.43769100865071e-07,False,False,False,False
debil,100,82,20262810,5,250,25000,0.03,1.0,0.5,0.03,0.03,0.030689117916742933,0.0008016402209170967,0.02882847822866631,0.03204073512476745,0.030635983263598322,0.02915481171548117,0.032117154811715475,1.0,0.0261213184129919,0.5119778408946412,0.05336303117131703,0.0523354386531364,0.04846072180485313,0.4729846328893324,True,True,True,0.022454797124259258,0.020759355367385834,True,4.7488350317612205e-07,False,False,False,False
debil,100,83,20262811,5,250,25000,0.03,1.0,0.5,0.03,0.03,0.03016422016496824,0.0007922801936170004,0.028322772786423814,0.031511106388465125,0.030142259414225936,0.028661087866108784,0.031623430962343095,1.0,0.02626556195664986,0.5148050143503372,0.05387985797361969,0.052849594397009134,0.04925830994566591,0.48121519774630006,True,True,True,0.005444203896872466,0.004719600222098776,True,2.6968262582195994e-08,False,False,False,False
debil,100,84,20262812,5,250,25000,0.03,1.0,0.5,0.03,0.03,0.029816976279463146,0.0007930110940280509,0.027981362545200176,0.031115260034682714,0.029648535564853556,0.028661087866108784,0.03112970711297071,1.0,0.02659595951633259,0.5212808065201188,0.053663142014496255,0.05255223501051401,0.04101659995290792,0.4056827961443857,True,True,True,0.006138238794619468,0.011854360711261619,True,3.349768227915218e-08,False,False,False,False
debil,100,85,20262813,5,250,25000,0.03,1.0,0.5,0.03,0.03,0.031073554535558795,0.0007986233277430562,0.02923986183679078,0.03244394907527707,0.03112970711297071,0.029648535564853556,0.03261087866108786,1.0,0.02570106122970764,0.5037408001022697,0.05247545885366725,0.051556496937286554,0.04768860825007701,0.4671329491750744,True,True,True,0.034548816561371536,0.03629032258064519,True,1.1525193408188624e-06,False,False,False,False
debil,100,86,20262814,5,250,25000,0.03,1.0,0.5,0.03,0.03,0.030478525182515495,0.0008031401434894608,0.028675988351100114,0.03185679467638039,0.030635983263598322,0.02915481171548117,0.031623430962343095,1.0,0.026351017271340784,0.5164799385182793,0.053061644691807665,0.05218110630735174,0.04101443289384903,0.3968772844875918,True,True,True,0.015700404781725154,0.020759355367385834,True,2.28986350301489e-07,False,False,False,False
debil,100,87,20262815,5,250,25000,0.03,1.0,0.5,0.03,0.03,0.02938222693421433,0.0007933133982474018,0.02756857179779943,0.03069456484426507,0.02915481171548117,0.028167364016736397,0.030635983263598322,1.0,0.02699977098480656,0.5291955113022085,0.05427089353448578,0.0531953049961907,0.041701946437071855,0.4116854157006694,True,True,True,0.021025399714216346,0.028989667049368603,True,3.8164356081022647e-07,False,False,False,False
debil,100,88,20262816,5,250,25000,0.03,1.0,0.5,0.03,0.03,0.03130986936622016,0.0008007054697229145,0.02945903368991216,0.032613939521142735,0.03112970711297071,0.030142259414225936,0.03261087866108786,1.0,0.025573580661016296,0.5012421809559194,0.051406247417260915,0.05038197052706906,0.039089565757454876,0.38633934137949205,True,True,True,0.04183567011727508,0.03629032258064519,True,1.715757756562013e-06,False,False,False,False
debil,100,89,20262817,5,250,25000,0.03,1.0,0.5,0.03,0.03,0.032112139962358274,0.0008016598604878285,0.030261129104553055,0.03347919059308671,0.032117154811715475,0.030635983263598322,0.033598326359832634,1.0,0.024964386099074403,0.48930196754185823,0.05100039177279562,0.05010661843629629,0.046216064246918945,0.4520247230039205,True,True,True,0.06577387756886079,0.06591974986972371,False,4.461135220590817e-06,False,False,False,False
debil,100,90,20262818,5,250,25000,0.03,1.0,0.5,0.03,0.03,0.029637983975910186,0.0007837062723387866,0.027815101731099735,0.03097765799003194,0.029648535564853556,0.028167364016736397,0.03112970711297071,1.0,0.026442630948710435,0.5182755665947245,0.05439108094600873,0.0533530934746226,0.05008265769650978,0.4897593973782541,True,True,True,0.012214596795249619,0.011854360711261619,True,1.310556016977962e-07,False,False,False,False
debil,100,91,20262819,5,250,25000,0.03,1.0,0.5,0.03,0.03,0.03071925791760679,0.0007998852218642543,0.0288597130187722,0.032058789957638834,0.030635983263598322,0.02915481171548117,0.032117154811715475,1.0,0.026038559395205926,0.5103557641460361,0.053108773939912875,0.05206956736140876,0.04846072180485313,0.47252056708142415,True,True,True,0.02341390926616576,0.020759355367385834,True,5.173319520400561e-07,False,False,False,False
debil,100,92,20262820,5,250,25000,0.03,1.0,0.5,0.03,0.03,0.030611735463960663,0.0008041754159266928,0.02876156644076195,0.03198638994431644,0.030635983263598322,0.02915481171548117,0.032117154811715475,1.0,0.026270167428875512,0.51489528160596,0.05365202813909596,0.0526729937829087,0.04846072180485313,0.4741802760133359,True,True,True,0.01998369104818849,0.020759355367385834,True,3.742202778671685e-07,False,False,False,False
debil,100,93,20262821,5,250,25000,0.03,1.0,0.5,0.03,0.03,0.031329481836677546,0.0007943863484754259,0.029500852711425073,0.03262638574264589,0.03112970711297071,0.030142259414225936,0.03261087866108786,1.0,0.025355872548949557,0.4969751019594113,0.050867895864491114,0.04988165855270775,0.039089565757454876,0.3860974903026428,True,True,True,0.04243548755795625,0.03629032258064519,True,1.767521954055504e-06,False,False,False,False
debil,100,94,20262822,5,250,25000,0.03,1.0,0.5,0.03,0.03,0.029992051414253415,0.0007973282835227462,0.02819310987650044,0.0313585461098381,0.030142259414225936,0.028661087866108784,0.03112970711297071,1.0,0.02658465313058993,0.5210592013595626,0.05369215589212284,0.052771252449796045,0.04169963111215758,0.4033146696952787,True,True,True,0.0002650230768411887,0.004719600222098776,True,6.318001537079608e-11,False,False,False,False
debil,100,95,20262823,5,250,25000,0.03,1.0,0.5,0.03,0.03,0.028333256163229775,0.0007948974609025548,0.026492233121461223,0.02963467416708137,0.028167364016736397,0.02717991631799163,0.029648535564853556,1.0,0.028055280915229002,0.5498835059384884,0.056704158089954354,0.055454993021563315,0.04314385612927169,0.4269270796104839,True,True,True,0.05882641328508107,0.06506238859180051,False,2.778035017411528e-06,False,False,False,False
debil,100,96,20262824,5,250,25000,0.03,1.0,0.5,0.03,0.03,0.02958019864310049,0.0007932504957089706,0.027757170257421464,0.030941955730620294,0.029648535564853556,0.028167364016736397,0.03112970711297071,1.0,0.02681694282313396,0.5256120793334256,0.05484389925152952,0.05383306433511178,0.05008265769650978,0.4907161492282211,True,True,True,0.014191972202912309,0.011854360711261619,True,1.7623317925466758e-07,False,False,False,False
debil,100,97,20262825,5,250,25000,0.03,1.0,0.5,0.03,0.03,0.03046507999991284,0.0008033479708292662,0.028668106078440607,0.031841787228821555,0.030635983263598322,0.02915481171548117,0.031623430962343095,1.0,0.026369468612311688,0.516841584801309,0.05295892743689144,0.0520871954117637,0.04101443289384903,0.39705243871534357,True,True,True,0.015266002909369475,0.020759355367385834,True,2.1629940631892745e-07,False,False,False,False
debil,100,98,20262826,5,250,25000,0.03,1.0,0.5,0.03,0.03,0.030038681588895427,0.0007981393249223398,0.028220920520294016,0.03141037078859572,0.030142259414225936,0.028661087866108784,0.03112970711297071,1.0,0.026570384674185987,0.5207795396140453,0.05404088687972122,0.05308905217532533,0.04169963111215758,0.40268858917213984,True,True,True,0.0012877259203590084,0.004719600222098776,True,1.496265319474875e-09,False,False,False,False
debil,100,99,20262827,5,250,25000,0.03,1.0,0.5,0.03,0.03,0.030812280767507035,0.0008021128120790981,0.02895705820073335,0.03211818651313673,0.030635983263598322,0.029648535564853556,0.032117154811715475,1.0,0.026032244030599738,0.5102319829997548,0.052363723463868465,0.05129656477324022,0.039711439168338525,0.3925783489023452,True,True,True,0.026362240875191033,0.020759355367385834,True,6.598000452618189e-07,False,False,False,False
debil,300,0,20263728,5,250,75000,0.03,1.0,0.5,0.03,0.03,0.030207059564096896,0.00045882200120818455,0.029039323962320396,0.030946299494999628,0.030142259414225936,0.029648535564853556,0.030635983263598322,1.0,0.015189230856270601,0.2977089247829037,0.032050023416636764,0.03156506393203859,0.016384184841741718,0.16017758079307476,True,True,True,0.006854674605369411,0.004719600222098776,True,4.287366308399687e-08,False,False,False,False
debil,300,1,20263729,5,250,75000,0.03,1.0,0.5,0.03,0.03,0.0299244468809475,0.0004531545779216701,0.028737934276893206,0.030590036920806918,0.030142259414225936,0.02915481171548117,0.030635983263598322,1.0,0.015143290023856303,0.2968084844675835,0.031522861900545214,0.030946313749460164,0.02499246565483256,0.2425354966341902,True,True,True,0.0025247958417771344,0.004719600222098776,True,5.708273798561168e-09,False,False,False,False
debil,300,2,20263730,5,250,75000,0.03,1.0,0.5,0.03,0.03,0.02980347291023566,0.0004556997007596924,0.028679469550943658,0.03052417785765814,0.029648535564853556,0.02915481171548117,0.030635983263598322,1.0,0.015290154343160042,0.2996870251259368,0.03140143476605663,0.03094787497199591,0.024583094340664014,0.24351996183912708,True,True,True,0.006594100303553603,0.011854360711261619,True,3.862289701124104e-08,False,False,False,False
debil,300,3,20263731,5,250,75000,0.03,1.0,0.5,0.03,0.03,0.029941773352615518,0.00045923702663720187,0.028741669680977012,0.030602906088192112,0.030142259414225936,0.02915481171548117,0.030635983263598322,1.0,0.015337669590538328,0.30061832397455124,0.031679214066778684,0.03108093140135461,0.02499246565483256,0.24239514808631255,True,True,True,0.0019446626189691329,0.004719600222098776,True,3.3903424656366712e-09,False,False,False,False
debil,300,4,20263732,5,250,75000,0.03,1.0,0.5,0.03,0.03,0.029905693593089606,0.0004568988423767126,0.028724278754454068,0.03058445297525017,0.030142259414225936,0.02915481171548117,0.030635983263598322,1.0,0.015277988485854398,0.29944857432274613,0.0316612207039345,0.03110067009490692,0.02499246565483256,0.24268758600038326,True,True,True,0.003153459946241952,0.004719600222098776,True,8.893698384348646e-09,False,False,False,False
debil,300,5,20263733,5,250,75000,0.03,1.0,0.5,0.03,0.03,0.0302153726355193,0.0004587700769551323,0.029057216732754375,0.030954533398870665,0.030142259414225936,0.029648535564853556,0.030635983263598322,1.0,0.01518333341405927,0.29759333491556167,0.03186834468947505,0.03139654587423363,0.016384184841741718,0.16013351158084085,True,True,True,0.007127915916089833,0.004719600222098776,True,4.638537213053021e-08,False,False,False,False
debil,300,6,20263734,5,250,75000,0.03,1.0,0.5,0.03,0.03,0.029760855161530125,0.00045604071927526555,0.02866294696118145,0.030492007826362466,0.029648535564853556,0.02915481171548117,0.030635983263598322,1.0,0.015323508575276392,0.30034076807541726,0.03114129765396688,0.030729306252350614,0.024583094340664014,0.24386868409465742,True,True,True,0.00803554995889364,0.011854360711261619,True,5.719025376678191e-08,False,False,False,False
debil,300,7,20263735,5,250,75000,0.03,1.0,0.5,0.03,0.03,0.03039850139618388,0.00045890325907365503,0.02921569623293857,0.031079523732337935,0.030635983263598322,0.029648535564853556,0.03112970711297071,1.0,0.01509624613045116,0.2958864241568427,0.031198757479663258,0.030656568807588363,0.024582661859368315,0.23875323625937547,True,True,True,0.013109244794347247,0.020759355367385834,True,1.5880336276050158e-07,False,False,False,False
debil,300,8,20263736,5,250,75000,0.03,1.0,0.5,0.03,0.03,0.03013818451155767,0.00046108044627368467,0.028914973879502533,0.03086828373234262,0.030142259414225936,0.029648535564853556,0.030635983263598322,1.0,0.015298879270477135,0.29985803370135183,0.03297789604223308,0.03240589777547838,0.016384184841741718,0.16054363599751145,True,True,True,0.004585031042751737,0.004719600222098776,True,1.9094959234432042e-08,False,False,False,False
debil,300,9,20263737,5,250,75000,0.03,1.0,0.5,0.03,0.03,0.029791811476183556,0.00045860988770342933,0.028672668481553913,0.03051954633012993,0.029648535564853556,0.02915481171548117,0.030635983263598322,1.0,0.01539382350314802,0.3017189406617012,0.031438288924046764,0.030996400639357956,0.024583094340664014,0.24361528306447877,True,True,True,0.0069881122865884035,0.011854360711261619,True,4.33424614488697e-08,False,False,False,False
debil,300,10,20263738,5,250,75000,0.03,1.0,0.5,0.03,0.03,0.029899473695957326,0.0004594297020939126,0.0287188068035531,0.03058370016008559,0.030142259414225936,0.02915481171548117,0.030635983263598322,1.0,0.015365812347259864,0.30116992200629333,0.03174176928106564,0.031186056575715587,0.02499246565483256,0.24273807156529836,True,True,True,0.0033621429281635072,0.004719600222098776,True,1.0105537804479949e-08,False,False,False,False
debil,300,11,20263739,5,250,75000,0.03,1.0,0.5,0.03,0.03,0.030075743596645943,0.0004621298547833839,0.028839380247616717,0.030767412775159295,0.030142259414225936,0.029648535564853556,0.030635983263598322,1.0,0.015365533799633829,0.301164462472823,0.03267561973438142,0.03205294860536039,0.016384184841741718,0.16087694418265164,True,True,True,0.002518428061555724,0.004719600222098776,True,5.737092432863475e-09,False,False,False,False
debil,300,12,20263740,5,250,75000,0.03,1.0,0.5,0.03,0.03,0.03011102912975674,0.00045662830956451047,0.0288899432660153,0.030812703438177175,0.030142259414225936,0.029648535564853556,0.030635983263598322,1.0,0.015164819096576639,0.29723045429290207,0.03251952758860166,0.03192783886389551,0.016384184841741718,0.1606884209436664,True,True,True,0.003687324311576674,0.004719600222098776,True,1.2327467654539484e-08,False,False,False,False
debil,300,13,20263741,5,250,75000,0.03,1.0,0.5,0.03,0.03,0.030578541692612045,0.0004590355224683354,0.02934820093170704,0.03126705385642136,0.030635983263598322,0.030142259414225936,0.03112970711297071,1.0,0.01501168783922881,0.29422908164888467,0.03197127949109841,0.031375808303800296,0.016120002029935625,0.15823167018518725,True,True,True,0.018919858848331826,0.020759355367385834,True,3.3471049009041107e-07,False,False,False,False
debil,300,14,20263742,5,250,75000,0.03,1.0,0.5,0.03,0.03,0.029195821489991718,0.00046057418776736307,0.027999618565814215,0.029936650476648882,0.02915481171548117,0.028661087866108784,0.029648535564853556,1.0,0.015775346068794372,0.30919678294836966,0.03373433531672642,0.03317310169708152,0.016939415852374663,0.1657255551280862,True,True,True,0.027544301511911652,0.028989667049368603,False,6.467030759591394e-07,False,False,False,False
debil,300,15,20263743,5,250,75000,0.03,1.0,0.5,0.03,0.03,0.02972450062898018,0.00045414717675896447,0.028590764543289838,0.03045540535154131,0.029648535564853556,0.02915481171548117,0.030142259414225936,1.0,0.015278546893944768,0.2994595191213174,0.03182655289070234,0.03136538493153901,0.01665717349272091,0.1627779650276788,True,True,True,0.00926842722973177,0.011854360711261619,True,7.589990343231507e-08,False,False,False,False
debil,300,16,20263744,5,250,75000,0.03,1.0,0.5,0.03,0.03,0.030461700416636355,0.0004629304840095511,0.029247189166371087,0.031110595885393184,0.030635983263598322,0.029648535564853556,0.03112970711297071,1.0,0.015197132060189463,0.29786378837971345,0.03119172120680951,0.03058605878095393,0.024582661859368315,0.23825789389650429,True,True,True,0.01515675127525732,0.020759355367385834,True,2.1316727472218498e-07,False,False,False,False
debil,300,17,20263745,5,250,75000,0.03,1.0,0.5,0.03,0.03,0.030096626040567516,0.0004570818263333305,0.028871559429534496,0.030788494668141708,0.030142259414225936,0.029648535564853556,0.030635983263598322,1.0,0.015187145087865521,0.2976680437221642,0.0324516333028275,0.03184634776043264,0.016384184841741718,0.16076532024976828,True,True,True,0.003210527334102977,0.004719600222098776,True,9.336591715755451e-09,False,False,False,False
debil,300,18,20263746,5,250,75000,0.03,1.0,0.5,0.03,0.03,0.029357240334865524,0.000457197685240547,0.028204309720711283,0.030062229533217827,0.02915481171548117,0.028661087866108784,0.030142259414225936,1.0,0.01557359206878739,0.3052424045482328,0.03216440611380981,0.031643298064021774,0.024992927692239045,0.24722148618153791,True,True,True,0.021894417111512823,0.028989667049368603,True,4.131399871237824e-07,False,False,False,False
debil,300,19,20263747,5,250,75000,0.03,1.0,0.5,0.03,0.03,0.030190974506943677,0.00046375534455199544,0.02899000631591855,0.03093880848516873,0.030142259414225936,0.029648535564853556,0.030635983263598322,1.0,0.015360727903808985,0.3010702669146561,0.032799180742012816,0.03227458207422173,0.016384184841741718,0.1602629197257789,True,True,True,0.006325549607541134,0.004719600222098776,True,3.647126230238092e-08,False,False,False,False
debil,300,20,20263748,5,250,75000,0.03,1.0,0.5,0.03,0.03,0.0299246739828896,0.00046178744846193254,0.028729646881017926,0.03059750237858749,0.030142259414225936,0.02915481171548117,0.030635983263598322,1.0,0.015431661802764316,0.3024605713341806,0.03179262896639556,0.03120928733655662,0.02499246565483256,0.24253365600319968,True,True,True,0.0025171875607890824,0.004719600222098776,True,5.674008853716343e-09,False,False,False,False
debil,300,21,20263749,5,250,75000,0.03,1.0,0.5,0.03,0.03,0.030103795406412337,0.00046289806452348464,0.02886775533729375,0.03082076913611891,0.030142259414225936,0.029648535564853556,0.030635983263598322,1.0,0.01537673433778665,0.3013839930206183,0.03304000326607167,0.032437999469149194,0.016384184841741718,0.16072703320388354,True,True,True,0.0034479176134126275,0.004719600222098776,True,1.0773486392302434e-08,False,False,False,False
debil,300,22,20263750,5,250,75000,0.03,1.0,0.5,0.03,0.03,0.030774596629946444,0.0004604341506884699,0.02965694541644565,0.031505977779060404,0.030635983263598322,0.030142259414225936,0.031623430962343095,1.0,0.01496150075417808,0.29324541478189037,0.030450014641457555,0.03004153693464629,0.023802490427901744,0.2358354415833885,True,True,True,0.025170001064861863,0.020759355367385834,True,5.999999391243893e-07,False,False,False,False
debil,300,23,20263751,5,250,75000,0.03,1.0,0.5,0.03,0.03,0.029986418315117648,0.00045916239874732064,0.028769796856136745,0.03062124800440718,0.030142259414225936,0.02915481171548117,0.030635983263598322,1.0,0.015312345539975142,0.30012197258351275,0.031509910866451635,0.03087149536857201,0.02499246565483256,0.24203426062775413,True,True,True,0.00045292788020304895,0.004719600222098776,True,1.844621642434774e-10,False,False,False,False
debil,300,24,20263752,5,250,75000,0.03,1.0,0.5,0.03,0.03,0.029697221652765674,0.00045767381730151495,0.028517838681651107,0.030433113448394587,0.029648535564853556,0.02915481171548117,0.030142259414225936,1.0,0.015411334523237874,0.30206215665546227,0.032768300587680585,0.032246699525258646,0.01665717349272091,0.16292748797929207,True,True,True,0.010195510905853666,0.011854360711261619,True,9.16747275539493e-08,False,False,False,False
debil,300,25,20263753,5,250,75000,0.03,1.0,0.5,0.03,0.03,0.0294143965154531,0.0004559643169207141,0.02823267415281012,0.030091059675038567,0.029648535564853556,0.028661087866108784,0.030142259414225936,1.0,0.015501399686414421,0.30382743385372263,0.03217186684908364,0.03158972718090828,0.025416171875316574,0.24674110114620676,True,True,True,0.019908737010438028,0.011854360711261619,True,3.429314411134709e-07,False,False,False,False
debil,300,26,20263754,5,250,75000,0.03,1.0,0.5,0.03,0.03,0.02956975207243526,0.0004594383332908257,0.028338295699068983,0.030237334202913215,0.029648535564853556,0.02915481171548117,0.030142259414225936,1.0,0.01553744286273916,0.3045338801096875,0.032766815075366766,0.032111167168264905,0.01665717349272091,0.16362983740941697,True,True,True,0.014550271727364644,0.011854360711261619,True,1.8511327917375246e-07,False,False,False,False
debil,300,27,20263755,5,250,75000,0.03,1.0,0.5,0.03,0.03,0.030014196901949227,0.0004591905338905555,0.028789944615720722,0.030631948309399644,0.030142259414225936,0.02915481171548117,0.030635983263598322,1.0,0.015299111130330929,0.2998625781544862,0.031345252923169524,0.03068554024111329,0.02499246565483256,0.24181025431010955,True,True,True,0.00047300622420806346,0.004719600222098776,True,2.0155202495599812e-10,False,False,False,False
debil,300,28,20263756,5,250,75000,0.03,1.0,0.5,0.03,0.03,0.030261832530411575,0.0004570839852582804,0.029158576043052428,0.03099320847374822,0.030142259414225936,0.029648535564853556,0.03112970711297071,1.0,0.015104306218036686,0.29604440187351905,0.030717187250900092,0.030312645951828598,0.02418649222000674,0.2398314966048534,True,True,True,0.008652236448286742,0.004719600222098776,True,6.855627398172877e-08,False,False,False,False
debil,300,29,20263757,5,250,75000,0.03,1.0,0.5,0.03,0.03,0.029503746354069722,0.0004592615256467179,0.02828368388668125,0.030131899221707153,0.029648535564853556,0.028661087866108784,0.030142259414225936,1.0,0.015566210478330246,0.3050977253752728,0.031991695573599516,0.03132170594279397,0.025416171875316574,0.24599386459858574,True,True,True,0.016820021429645348,0.011854360711261619,True,2.462676810990923e-07,False,False,False,False
debil,300,30,20263758,5,250,75000,0.03,1.0,0.5,0.03,0.03,0.02977705329679544,0.0004558100409652361,0.028669172199081397,0.030504795848151935,0.029648535564853556,0.02915481171548117,0.030635983263598322,1.0,0.015307426037830602,0.30002555034147976,0.03125014888529592,0.030822788789313906,0.024583094340664014,0.24373602429475824,True,True,True,0.007487198312821306,0.011854360711261619,True,4.9705232469781594e-08,False,False,False,False
debil,300,31,20263759,5,250,75000,0.03,1.0,0.5,0.03,0.03,0.02946205146708777,0.0004558443148280349,0.02825987343143401,0.03011238764143296,0.029648535564853556,0.028661087866108784,0.030142259414225936,1.0,0.015472253021391305,0.30325615921926957,0.032068535804125047,0.03143898876268685,0.025416171875316574,0.24634199671674964,True,True,True,0.018259031741668607,0.011854360711261619,True,2.893886240624186e-07,False,False,False,False
debil,300,32,20263760,5,250,75000,0.03,1.0,0.5,0.03,0.03,0.02968179902905198,0.0004597377178178079,0.028482636793144646,0.030419676963754014,0.029648535564853556,0.02915481171548117,0.030142259414225936,1.0,0.015488876444713655,0.3035819783163876,0.03317905880398931,0.032630100498851664,0.01665717349272091,0.16301214488763052,True,True,True,0.010720407163884145,0.011854360711261619,True,1.0125185791226111e-07,False,False,False,False
debil,300,33,20263761,5,250,75000,0.03,1.0,0.5,0.03,0.03,0.03088032430859036,0.00046093169480990897,0.02970167451855482,0.03156929279535394,0.030635983263598322,0.030142259414225936,0.031623430962343095,1.0,0.014926387760820437,0.2925572001120806,0.03075347418778637,0.030239615655195395,0.023802490427901744,0.23502799106792752,True,True,True,0.028507612154366768,0.020759355367385834,True,7.749708882950952e-07,False,False,False,False
debil,300,34,20263762,5,250,75000,0.03,1.0,0.5,0.03,0.03,0.030239162928765873,0.0004602391388778548,0.029105536513423895,0.030978927423672985,0.030142259414225936,0.029648535564853556,0.03112970711297071,1.0,0.015219969546182082,0.2983114031051688,0.03141421354322286,0.03097623625796489,0.02418649222000674,0.2400112927355509,True,True,True,0.007909045939177304,0.004719600222098776,True,5.719890649587068e-08,False,False,False,False
debil,300,35,20263763,5,250,75000,0.03,1.0,0.5,0.03,0.03,0.0299828533705574,0.0004601420308703504,0.028766219539529694,0.030620610850179343,0.030142259414225936,0.02915481171548117,0.030635983263598322,1.0,0.015346839247868291,0.3007980492582185,0.031560778553921,0.030924196702216245,0.02499246565483256,0.24206303836648882,True,True,True,0.0005718811759068387,0.004719600222098776,True,2.940069012417642e-10,False,False,False,False
debil,300,36,20263764,5,250,75000,0.03,1.0,0.5,0.03,0.03,0.030498935762572833,0.0004572100203776067,0.029279474773899486,0.031120752001439295,0.030635983263598322,0.029648535564853556,0.03112970711297071,1.0,0.014991015553358356,0.2938239048458237,0.03081488184708573,0.030185925861048506,0.024582661859368315,0.23796701112044952,True,True,True,0.016359120411837864,0.020759355367385834,True,2.4893689517413506e-07,False,False,False,False
debil,300,37,20263765,5,250,75000,0.03,1.0,0.5,0.03,0.03,0.03021055062566687,0.0004590991920367407,0.029045496990754247,0.03095033707287338,0.030142259414225936,0.029648535564853556,0.030635983263598322,1.0,0.015196650922565119,0.29785435808227634,0.03200685269536505,0.03152607355161512,0.016384184841741718,0.1601590710411802,True,True,True,0.006969440189150048,0.004719600222098776,True,4.433156596871159e-08,False,False,False,False
debil,300,38,20263766,5,250,75000,0.03,1.0,0.5,0.03,0.03,0.030530706012304863,0.00045806932361231313,0.029303837892116946,0.03115544720289062,0.030635983263598322,0.029648535564853556,0.03112970711297071,1.0,0.015003561444917008,0.29406980432037333,0.030959769240376096,0.030323722452199702,0.024582661859368315,0.23771938267162707,True,True,True,0.017382697016275088,0.020759355367385834,True,2.816488714965308e-07,False,False,False,False
debil,300,39,20263767,5,250,75000,0.03,1.0,0.5,0.03,0.03,0.03033067802558584,0.00046292804276675307,0.02918112065579426,0.03104750144003081,0.030142259414225936,0.029648535564853556,0.03112970711297071,1.0,0.015262700107668021,0.2991489221102932,0.031240915732341976,0.030767211709908666,0.02418649222000674,0.23928711978188166,True,True,True,0.010902427743517363,0.004719600222098776,True,1.093479566053494e-07,False,False,False,False
debil,300,40,20263768,5,250,75000,0.03,1.0,0.5,0.03,0.03,0.030470816551421483,0.0004576347627443721,0.02925903656539837,0.03111007208051213,0.030635983263598322,0.029648535564853556,0.03112970711297071,1.0,0.015018788944237306,0.2943682633070512,0.030981882983477586,0.03037390730881824,0.024582661859368315,0.2381866128702569,True,True,True,0.015451392667044315,0.020759355367385834,True,2.2166822509241867e-07,False,False,False,False
debil,300,41,20263769,5,250,75000,0.03,1.0,0.5,0.03,0.03,0.03013961525411541,0.0004597138664544986,0.028920496225896195,0.030866696891105886,0.030142259414225936,0.029648535564853556,0.030635983263598322,1.0,0.015252811377269556,0.29895510299448325,0.032854845358795695,0.03228642185377512,0.016384184841741718,0.16053601491109545,True,True,True,0.004632283887444401,0.004719600222098776,True,1.9492419181711045e-08,False,False,False,False
debil,300,42,20263770,5,250,75000,0.03,1.0,0.5,0.03,0.03,0.030203325993938778,0.00046057665752872735,0.029024785499170383,0.030945700797784626,0.030142259414225936,0.029648535564853556,0.030635983263598322,1.0,0.015249203270565505,0.2988843841030839,0.0322971089690612,0.031799731244826046,0.016384184841741718,0.1601973810705597,True,True,True,0.006731907405813046,0.004719600222098776,True,4.134145981119249e-08,False,False,False,False
debil,300,43,20263771,5,250,75000,0.03,1.0,0.5,0.03,0.03,0.029479930813257053,0.000454900973727515,0.028272454855519078,0.030119047834168453,0.029648535564853556,0.028661087866108784,0.030142259414225936,1.0,0.015430869787623354,0.3024450478374177,0.03196412988088505,0.031319493087462846,0.025416171875316574,0.24619259223329848,True,True,True,0.017641465647845675,0.011854360711261619,True,2.704719589994687e-07,False,False,False,False
debil,300,44,20263772,5,250,75000,0.03,1.0,0.5,0.03,0.03,0.03002258358319481,0.0004583815437486641,0.028797660035366136,0.030634462324016877,0.030142259414225936,0.02915481171548117,0.030635983263598322,1.0,0.01526789133514958,0.29925067016893175,0.031254533137867545,0.030590343491938742,0.02499246565483256,0.24174270564231445,True,True,True,0.0007522198458448059,0.004719600222098776,True,5.100182299169732e-10,False,False,False,False
debil,300,45,20263773,5,250,75000,0.03,1.0,0.5,0.03,0.03,0.029991489623365866,0.00046358659888367354,0.02876797270535917,0.030626687698468484,0.030142259414225936,0.02915481171548117,0.030635983263598322,1.0,0.015457271536206092,0.30296252210963937,0.03163527072389896,0.030987373692522774,0.02499246565483256,0.24199333467316878,True,True,True,0.00028375971787347965,0.004719600222098776,True,7.242651045480324e-11,False,False,False,False
debil,300,46,20263774,5,250,75000,0.03,1.0,0.5,0.03,0.03,0.02974121152067958,0.0004572549006901688,0.028616165642942847,0.030476731897035352,0.029648535564853556,0.02915481171548117,0.030635983263598322,1.0,0.015374454412263318,0.301339306480361,0.031724439961041656,0.03127926131722679,0.024583094340664014,0.2440297558398928,True,True,True,0.008701342887140981,0.011854360711261619,True,6.697147702897522e-08,False,False,False,False
debil,300,47,20263775,5,250,75000,0.03,1.0,0.5,0.03,0.03,0.029674890725350914,0.0004528306365402021,0.028493653721481063,0.03039522263906482,0.029648535564853556,0.02915481171548117,0.030142259414225936,1.0,0.01525972380930637,0.29909058666240484,0.032577498369512646,0.03204003234895268,0.01665717349272091,0.16305009405530457,True,True,True,0.0109557025047895,0.011854360711261619,True,1.0569604046285433e-07,False,False,False,False
debil,300,48,20263776,5,250,75000,0.03,1.0,0.5,0.03,0.03,0.02987644210967605,0.0004584399026704488,0.028708546499363066,0.03057117997089682,0.029648535564853556,0.02915481171548117,0.030635983263598322,1.0,0.015344528005962744,0.30075274891686976,0.0317031837699873,0.031172277219222607,0.024583094340664014,0.24292519702081555,True,True,True,0.004135629331978947,0.011854360711261619,True,1.526655226130521e-08,False,False,False,False
debil,300,49,20263777,5,250,75000,0.03,1.0,0.5,0.03,0.03,0.02926433748486338,0.0004540440123800961,0.028169686351083988,0.029992888819892295,0.02915481171548117,0.028661087866108784,0.030142259414225936,1.0,0.015515267093093935,0.3040992350246411,0.03157499511664614,0.031150585072211814,0.024992927692239045,0.24800631791264788,True,True,True,0.025138533052973883,0.028989667049368603,False,5.41199336177136e-07,False,False,False,False
debil,300,50,20263778,5,250,75000,0.03,1.0,0.5,0.03,0.03,0.02972366131604983,0.00046003740051200605,0.028562395108229922,0.030464953916383045,0.029648535564853556,0.02915481171548117,0.030142259414225936,1.0,0.015477144474917041,0.303352031708374,0.032494903391323555,0.03200411261458227,0.01665717349272091,0.1627825614214195,True,True,True,0.009296926142842138,0.011854360711261619,True,7.6363068247311e-08,False,False,False,False
debil,300,51,20263779,5,250,75000,0.03,1.0,0.5,0.03,0.03,0.03072688328121977,0.0004591486152422738,0.029590037523886423,0.03146564560936298,0.030635983263598322,0.030142259414225936,0.031623430962343095,1.0,0.014942895803652979,0.2928807577515984,0.030949130226670906,0.03052063673869134,0.023802490427901744,0.23620165180273917,True,True,True,0.023656264599541853,0.020759355367385834,True,5.283593045168204e-07,False,False,False,False
debil,300,52,20263780,5,250,75000,0.03,1.0,0.5,0.03,0.03,0.03020855076475403,0.00045719789229853476,0.02904918273041117,0.030944839115331628,0.030142259414225936,0.029648535564853556,0.030635983263598322,1.0,0.015134717843928235,0.2966404697409934,0.03185204829533092,0.03137615570642047,0.016384184841741718,0.16016967386249747,True,True,True,0.006903699762961181,0.004719600222098776,True,4.34934214794919e-08,False,False,False,False
debil,300,53,20263781,5,250,75000,0.03,1.0,0.5,0.03,0.03,0.030856135864327172,0.00045658908897951573,0.02969399205034568,0.03155273047238417,0.030635983263598322,0.030142259414225936,0.031623430962343095,1.0,0.014797351521496867,0.29002808982133854,0.030607248052042794,0.03011942957166222,0.023802490427901744,0.23521223194265115,True,True,True,0.027746049216647178,0.020759355367385834,True,7.32968618187236e-07,False,False,False,False
debil,300,54,20263782,5,250,75000,0.03,1.0,0.5,0.03,0.03,0.03006524088448524,0.00046201494386849276,0.02882936523513442,0.030745739855285083,0.030142259414225936,0.029648535564853556,0.030635983263598322,1.0,0.015367079400548203,0.30119475625074477,0.03250087656431084,0.03187026885155577,0.016384184841741718,0.1609331434409425,True,True,True,0.0021699771086452556,0.004719600222098776,True,4.256373008416384e-09,False,False,False,False
debil,300,55,20263783,5,250,75000,0.03,1.0,0.5,0.03,0.03,0.029138846055143337,0.0004559191111642953,0.027924204977162352,0.029848309395929654,0.02915481171548117,0.028661087866108784,0.029648535564853556,1.0,0.015646436729220458,0.30667015989272095,0.03363337389390796,0.03301613960837813,0.016939415852374663,0.16604959972309327,True,True,True,0.02955346767085359,0.028989667049368603,False,7.415861167421901e-07,False,False,False,False
debil,300,56,20263784,5,250,75000,0.03,1.0,0.5,0.03,0.03,0.030536871659542983,0.0004594968664081073,0.02930701592785733,0.03117826480952495,0.030635983263598322,0.029648535564853556,0.03112970711297071,1.0,0.015047280269277727,0.29492669327784343,0.031268176895162286,0.030639171270231306,0.024582661859368315,0.23767138515991212,True,True,True,0.017581095585971977,0.020759355367385834,True,2.882311788204377e-07,False,False,False,False
debil,300,57,20263785,5,250,75000,0.03,1.0,0.5,0.03,0.03,0.02968270280071194,0.0004562461627539559,0.028495940518597537,0.030413101350516617,0.029648535564853556,0.02915481171548117,0.030142259414225936,1.0,0.01537077555966409,0.30126720096941617,0.03283131597748181,0.03229424296013059,0.01665717349272091,0.16300718153379554,True,True,True,0.010689632996643609,0.011854360711261619,True,1.0067751267604647e-07,False,False,False,False
debil,300,58,20263786,5,250,75000,0.03,1.0,0.5,0.03,0.03,0.029857315020470898,0.00045955929706894253,0.02869889493755937,0.030561950247918898,0.029648535564853556,0.02915481171548117,0.030635983263598322,1.0,0.015391849426308345,0.30168024875564353,0.031710293688755525,0.031199310940755603,0.024583094340664014,0.2430808189148275,True,True,True,0.004778895203110806,0.011854360711261619,True,2.0359003383219902e-08,False,False,False,False
debil,300,59,20263787,5,250,75000,0.03,1.0,0.5,0.03,0.03,0.029772932509821954,0.0004611663324167671,0.028663550029135614,0.03050890407962725,0.029648535564853556,0.02915481171548117,0.030635983263598322,1.0,0.015489449427416344,0.30359320877736035,0.03141338483433515,0.030990465079025416,0.024583094340664014,0.2437697591051788,True,True,True,0.007626641752643479,0.011854360711261619,True,5.155964509575653e-08,False,False,False,False
debil,300,60,20263788,5,250,75000,0.03,1.0,0.5,0.03,0.03,0.03097491208453243,0.0004628771452535377,0.029753568040309732,0.03161203321512211,0.03112970711297071,0.030142259414225936,0.031623430962343095,1.0,0.01494361449647759,0.2928948441309608,0.030601522264525723,0.02999952299687752,0.024186086968531684,0.23431028846723637,True,True,True,0.031474248639409765,0.03629032258064519,True,9.5045357256737e-07,False,False,False,False
debil,300,61,20263789,5,250,75000,0.03,1.0,0.5,0.03,0.03,0.029669835254880685,0.00046114754765067104,0.0284585272328214,0.03040829833178603,0.029648535564853556,0.02915481171548117,0.030142259414225936,1.0,0.015542639306526393,0.3046357304079173,0.033424446901849834,0.03285780123507585,0.01665717349272091,0.16307787631053394,True,True,True,0.011127960175141283,0.011854360711261619,True,1.0900875891970179e-07,False,False,False,False
debil,300,62,20263790,5,250,75000,0.03,1.0,0.5,0.03,0.03,0.03030194782141862,0.0004572171532192856,0.029173914273015314,0.031023028102822828,0.030142259414225936,0.029648535564853556,0.03112970711297071,1.0,0.01508870505334665,0.2957386190455943,0.030954607985876355,0.030511468119229068,0.02418649222000674,0.23951399522389732,True,True,True,0.009964634062408067,0.004719600222098776,True,9.117248685945141e-08,False,False,False,False
debil,300,63,20263791,5,250,75000,0.03,1.0,0.5,0.03,0.03,0.030040275236312388,0.00045855484448156206,0.028812212928391992,0.030672598453920702,0.030142259414225936,0.02915481171548117,0.030635983263598322,1.0,0.015264668544956122,0.29918750348114,0.0316191127258472,0.03096485486391107,0.02499246565483256,0.2416003358384999,True,True,True,0.0013407079660743902,0.004719600222098776,True,1.6220946600187884e-09,False,False,False,False
debil,300,64,20263792,5,250,75000,0.03,1.0,0.5,0.03,0.03,0.030008529752609966,0.00046016717994381076,0.028784356587629064,0.03063056414167457,0.030142259414225936,0.02915481171548117,0.030635983263598322,1.0,0.015334546002000918,0.30055710163921795,0.03141837537725821,0.0307613796688079,0.02499246565483256,0.24185592048683455,True,True,True,0.0002842442692222846,0.004719600222098776,True,7.275667958724871e-11,False,False,False,False
debil,300,65,20263793,5,250,75000,0.03,1.0,0.5,0.03,0.03,0.029994993709440046,0.000459656392049679,0.02877516998821513,0.030624984849951346,0.030142259414225936,0.02915481171548117,0.030635983263598322,1.0,0.015324437021135817,0.300358965614262,0.03148134388931456,0.030835393393565544,0.02499246565483256,0.24196506443973295,True,True,True,0.00016690420436319184,0.004719600222098776,True,2.506294517067394e-11,False,False,False,False
debil,300,66,20263794,5,250,75000,0.03,1.0,0.5,0.03,0.03,0.029891875192488742,0.0004593480647610964,0.028715124844005298,0.03057989178469509,0.029648535564853556,0.02915481171548117,0.030635983263598322,1.0,0.015366987243293514,0.30119294996855284,0.03173957249293426,0.031191869507711148,0.024583094340664014,0.24279977549209683,True,True,True,0.003617197208772893,0.011854360711261619,True,1.1690973999346354e-08,False,False,False,False
debil,300,67,20263795,5,250,75000,0.03,1.0,0.5,0.03,0.03,0.029713621872422883,0.00046023517207704047,0.02854045046438097,0.03045541749623902,0.029648535564853556,0.02915481171548117,0.030142259414225936,1.0,0.015489029713479098,0.3035849823841903,0.03273116906634013,0.03222372284469511,0.01665717349272091,0.16283756132536445,True,True,True,0.009637940766921602,0.011854360711261619,True,8.201243195457485e-08,False,False,False,False
debil,300,68,20263796,5,250,75000,0.03,1.0,0.5,0.03,0.03,0.030402588376426957,0.0004585376260546793,0.029218128722112224,0.031081147011992907,0.030635983263598322,0.029648535564853556,0.03112970711297071,1.0,0.01508219038383628,0.295610931523191,0.031185179406461778,0.030639139451119866,0.024582661859368315,0.23872114097368857,True,True,True,0.013241911229476527,0.020759355367385834,True,1.6207740083409396e-07,False,False,False,False
debil,300,69,20263797,5,250,75000,0.03,1.0,0.5,0.03,0.03,0.03057136511519788,0.0004575521611609443,0.029343398727963012,0.0312469366730123,0.030635983263598322,0.030142259414225936,0.03112970711297071,1.0,0.014966690543154134,0.293347134645821,0.031734269996684855,0.031132694563629205,0.016120002029935625,0.1582688148081433,True,True,True,0.018689551907312064,0.020759355367385834,True,3.2645809486508644e-07,False,False,False,False
debil,300,70,20263798,5,250,75000,0.03,1.0,0.5,0.03,0.03,0.03022210529653824,0.00045942304780675105,0.029069273526484047,0.0309621529013396,0.030142259414225936,0.029648535564853556,0.030635983263598322,1.0,0.015201556718134232,0.2979505116754309,0.03177988551865791,0.03131614022720599,0.016384184841741718,0.16009783820068857,True,True,True,0.007349100744602523,0.004719600222098776,True,4.9330762750340454e-08,False,False,False,False
debil,300,71,20263799,5,250,75000,0.03,1.0,0.5,0.03,0.03,0.02989664591497426,0.00046073770287345276,0.028716226433587663,0.030583496958336828,0.029648535564853556,0.02915481171548117,0.030635983263598322,1.0,0.015411016479366477,0.3020559229955829,0.03178229124498882,0.03122876275251181,0.024583094340664014,0.24276103100043334,True,True,True,0.003457046162291135,0.011854360711261619,True,1.0682066891507865e-08,False,False,False,False
debil,300,72,20263800,5,250,75000,0.03,1.0,0.5,0.03,0.03,0.029792122151242252,0.00046303218626438255,0.028669386324804015,0.03052527940952708,0.029648535564853556,0.02915481171548117,0.030635983263598322,1.0,0.01554210149628684,0.30462518932722205,0.031589761939290396,0.031147379755316968,0.024583094340664014,0.2436127426213381,True,True,True,0.006977611319611156,0.011854360711261619,True,4.3213200004148644e-08,False,False,False,False
debil,300,73,20263801,5,250,75000,0.03,1.0,0.5,0.03,0.03,0.029442662319092577,0.0004568452244554236,0.02824727080557679,0.030104829236266617,0.029648535564853556,0.028661087866108784,0.030142259414225936,1.0,0.015516437321606437,0.30412217150348614,0.0321571020887854,0.03154535433239782,0.025416171875316574,0.24650422258409846,True,True,True,0.018929595254230946,0.011854360711261619,True,3.106252905592636e-07,False,False,False,False
debil,300,74,20263802,5,250,75000,0.03,1.0,0.5,0.03,0.03,0.029529646244472164,0.0004574452918784275,0.028305884245721048,0.030140306501561943,0.029648535564853556,0.028661087866108784,0.030142259414225936,1.0,0.015491052215502227,0.3036246234238436,0.03174703484385418,0.031060687971910476,0.025416171875316574,0.24577810806428693,True,True,True,0.01592818795165499,0.011854360711261619,True,2.2123265533913788e-07,False,False,False,False
debil,300,75,20263803,5,250,75000,0.03,1.0,0.5,0.03,0.03,0.030073062522529167,0.00046153140511559206,0.028837768769231657,0.030759760297989523,0.030142259414225936,0.029648535564853556,0.030635983263598322,1.0,0.01534700381013197,0.3008012746785866,0.03258025871847565,0.03195536748739856,0.016384184841741718,0.16089128668636943,True,True,True,0.0024295005696355074,0.004719600222098776,True,5.338132198325178e-09,False,False,False,False
debil,300,76,20263804,5,250,75000,0.03,1.0,0.5,0.03,0.03,0.02961382270027632,0.0004531908869171541,0.02839972500316038,0.03030098127644126,0.029648535564853556,0.02915481171548117,0.030142259414225936,1.0,0.015303356527251899,0.2999457879341372,0.03271404964966912,0.032100824883765186,0.01665717349272091,0.16338632714932155,True,True,True,0.01304044073040508,0.011854360711261619,True,1.4913290682187132e-07,False,False,False,False
debil,300,77,20263805,5,250,75000,0.03,1.0,0.5,0.03,0.03,0.03031865331265564,0.0004551197770013417,0.029182350043988364,0.031031618039414028,0.030142259414225936,0.029648535564853556,0.03112970711297071,1.0,0.015011213470070757,0.29421978401338683,0.030956730143097,0.030497198809515406,0.02418649222000674,0.23938202369775152,True,True,True,0.010510140716660031,0.004719600222098776,True,1.0153993366641278e-07,False,False,False,False
debil,300,78,20263806,5,250,75000,0.03,1.0,0.5,0.03,0.03,0.03019191756714468,0.00046020998306693363,0.029004170226630592,0.0309329837502431,0.030142259414225936,0.029648535564853556,0.030635983263598322,1.0,0.015242820600694186,0.298759283773606,0.03245403386456549,0.031942547526551845,0.016384184841741718,0.16025791383037816,True,True,True,0.0063565875442615286,0.004719600222098776,True,3.683235257873341e-08,False,False,False,False
debil,300,79,20263807,5,250,75000,0.03,1.0,0.5,0.03,0.03,0.029808072479444066,0.0004583870592226377,0.028679211365336764,0.030530585505293754,0.029648535564853556,0.02915481171548117,0.030635983263598322,1.0,0.015377950370281265,0.3014078272575128,0.03151343564535765,0.03105491207513863,0.024583094340664014,0.2434823852088743,True,True,True,0.00643877663301744,0.011854360711261619,True,3.683617314674814e-08,False,False,False,False
debil,300,80,20263808,5,250,75000,0.03,1.0,0.5,0.03,0.03,0.03065670574152346,0.00046103668970722504,0.0294454639351226,0.03139482909694244,0.030635983263598322,0.030142259414225936,0.03112970711297071,1.0,0.015038689857754892,0.29475832121199586,0.032323037445927356,0.03179345455861377,0.016120002029935625,0.15782823388280143,True,True,True,0.02142127556236332,0.020759355367385834,True,4.31262430949879e-07,False,False,False,False
debil,300,81,20263809,5,250,75000,0.03,1.0,0.5,0.03,0.03,0.0293367416260143,0.00046051411366452314,0.02819289058200477,0.030053592258842462,0.02915481171548117,0.028661087866108784,0.030142259414225936,1.0,0.01569752086087717,0.30767140887319255,0.032212366634044934,0.03171282108555163,0.024992927692239045,0.24739422933521213,True,True,True,0.02260845401445522,0.028989667049368603,True,4.399116706621546e-07,False,False,False,False
debil,300,82,20263810,5,250,75000,0.03,1.0,0.5,0.03,0.03,0.030070031979405686,0.0004574288748787844,0.028842029546750293,0.03073664112168143,0.030142259414225936,0.029648535564853556,0.030635983263598322,1.0,0.015212118004798516,0.2981575128940509,0.032132303234883114,0.03150331825767124,0.016384184841741718,0.160907501766647,True,True,True,0.0023289625848635608,0.004719600222098776,True,4.904478139478522e-09,False,False,False,False
debil,300,83,20263811,5,250,75000,0.03,1.0,0.5,0.03,0.03,0.030001979770192155,0.0004572384886822974,0.028783283715201776,0.030625800950554394,0.030142259414225936,0.02915481171548117,0.030635983263598322,1.0,0.015240277214524929,0.2987094334046886,0.03135477460648996,0.03070659418921435,0.02499246565483256,0.24190872206989564,True,True,True,6.598798503695491e-05,0.004719600222098776,True,3.919490013748436e-12,False,False,False,False
debil,300,84,20263812,5,250,75000,0.03,1.0,0.5,0.03,0.03,0.029701417263852944,0.0004614429710754945,0.02851198121945346,0.03044506777772406,0.029648535564853556,0.02915481171548117,0.030142259414225936,1.0,0.01553605900271558,0.3045067564532254,0.033071518542849794,0.03254199187025319,0.01665717349272091,0.16290447290331392,True,True,True,0.010052811066037464,0.011854360711261619,True,8.915165032506195e-08,False,False,False,False
debil,300,85,20263813,5,250,75000,0.03,1.0,0.5,0.03,0.03,0.030634000092190767,0.0004620970026817209,0.029409025813552696,0.03136760825417287,0.030635983263598322,0.030142259414225936,0.03112970711297071,1.0,0.015084448693969903,0.29565519440181004,0.03252022383899246,0.03196746155784362,0.016120002029935625,0.1579452147707872,True,True,True,0.02069596168579977,0.020759355367385834,True,4.019561168979024e-07,False,False,False,False
debil,300,86,20263814,5,250,75000,0.03,1.0,0.5,0.03,0.03,0.029669606229740055,0.00045938329109896774,0.028463479021171485,0.030403973716201446,0.029648535564853556,0.02915481171548117,0.030142259414225936,1.0,0.015483295853063721,0.3034725987200489,0.03326411063520579,0.03270172647395737,0.01665717349272091,0.16307913513861771,True,True,True,0.011135765257604503,0.011854360711261619,True,1.0916004342658091e-07,False,False,False,False
debil,300,87,20263815,5,250,75000,0.03,1.0,0.5,0.03,0.03,0.02948589456189555,0.0004560782830640806,0.028275098381888977,0.030122391984056678,0.029648535564853556,0.028661087866108784,0.030142259414225936,1.0,0.015467676658298436,0.30316646250264934,0.03197618576245657,0.03132503913506745,0.025416171875316574,0.24614279789066265,True,True,True,0.017435639845528924,0.011854360711261619,True,2.643044014885678e-07,False,False,False,False
debil,300,88,20263816,5,250,75000,0.03,1.0,0.5,0.03,0.03,0.029880555348661113,0.0004553101350290384,0.028713211376040795,0.03057036793413454,0.029648535564853556,0.02915481171548117,0.030635983263598322,1.0,0.015237673119400035,0.2986583931402407,0.03161001861532638,0.03107633938565607,0.024583094340664014,0.2428917568996672,True,True,True,0.003997403995512982,0.011854360711261619,True,1.4267024733467899e-08,False,False,False,False
debil,300,89,20263817,5,250,75000,0.03,1.0,0.5,0.03,0.03,0.02990096762379113,0.0004566697303811339,0.02872207107743554,0.030581955716881697,0.030142259414225936,0.02915481171548117,0.030635983263598322,1.0,0.015272740873368197,0.2993457211180166,0.0316563068536619,0.03110074334126757,0.02499246565483256,0.24272594375839932,True,True,True,0.0033120124223027145,0.004719600222098776,True,9.807411537574866e-09,False,False,False,False
debil,300,90,20263818,5,250,75000,0.03,1.0,0.5,0.03,0.03,0.03009707454031489,0.00045801348873213414,0.028870125293977627,0.03079263225972032,0.030142259414225936,0.029648535564853556,0.030635983263598322,1.0,0.015217874020234997,0.2982703307966059,0.03254368488711356,0.031938435796600474,0.016384184841741718,0.16076292456159524,True,True,True,0.003225381263712705,0.004719600222098776,True,9.423466377347708e-09,False,False,False,False
debil,300,91,20263819,5,250,75000,0.03,1.0,0.5,0.03,0.03,0.029361931247753645,0.000456521621138401,0.028206946951876373,0.03006422752888777,0.02915481171548117,0.028661087866108784,0.030142259414225936,1.0,0.015548078812878752,0.3047423447324235,0.032153333671724425,0.03162735722898828,0.024992927692239045,0.2471819896495842,True,True,True,0.02173115749309467,0.028989667049368603,True,4.0713173259321916e-07,False,False,False,False
debil,300,92,20263820,5,250,75000,0.03,1.0,0.5,0.03,0.03,0.02944306448858981,0.00045530555854744823,0.028249070233346243,0.030103722273120834,0.029648535564853556,0.028661087866108784,0.030142259414225936,1.0,0.015463932388012622,0.3030930748050474,0.032106362067645076,0.03149556732610718,0.025416171875316574,0.24650085552700082,True,True,True,0.018915677463737523,0.011854360711261619,True,3.1017716386972985e-07,False,False,False,False
debil,300,93,20263821,5,250,75000,0.03,1.0,0.5,0.03,0.03,0.030230770329314732,0.000459200791824297,0.029090308187925115,0.030969829045484967,0.030142259414225936,0.029648535564853556,0.03112970711297071,1.0,0.015189847523634245,0.29772101146323116,0.031534012645256855,0.03108622170532789,0.02418649222000674,0.24007792413864573,True,True,True,0.007633623847519288,0.004719600222098776,True,5.3254944892030505e-08,False,False,False,False
debil,300,94,20263822,5,250,75000,0.03,1.0,0.5,0.03,0.03,0.02993401504880075,0.0004584862531609938,0.028738009441591775,0.030598886941936382,0.030142259414225936,0.02915481171548117,0.030635983263598322,1.0,0.01531656386266707,0.30020465170827454,0.03167309109112433,0.031082991996076365,0.02499246565483256,0.24245797210771475,True,True,True,0.0022043468305762556,0.004719600222098776,True,4.354013784767326e-09,False,False,False,False
debil,300,95,20263823,5,250,75000,0.03,1.0,0.5,0.03,0.03,0.03005554898070165,0.00045674399058822176,0.028829004749818487,0.030700893225277213,0.030142259414225936,0.029648535564853556,0.030635983263598322,1.0,0.015196661051890692,0.2978545566170575,0.03178293347833739,0.03114048052591963,0.016384184841741718,0.16098503896754965,True,True,True,0.001848210483106527,0.004719600222098776,True,3.0856892569923783e-09,False,False,False,False
debil,300,96,20263824,5,250,75000,0.03,1.0,0.5,0.03,0.03,0.02989561228634159,0.00045732540034512805,0.028718782514478482,0.030579912518284277,0.029648535564853556,0.02915481171548117,0.030635983263598322,1.0,0.015297408728907898,0.29982921108659477,0.03167757326360439,0.031127143106817877,0.024583094340664014,0.24276942436432014,True,True,True,0.0034917402814358665,0.011854360711261619,True,1.0896794762829697e-08,False,False,False,False
debil,300,97,20263825,5,250,75000,0.03,1.0,0.5,0.03,0.03,0.030340712350669853,0.00045988388389858867,0.029187843403370835,0.031050168965979084,0.030142259414225936,0.029648535564853556,0.03112970711297071,1.0,0.015157319926551938,0.29708347056041795,0.031173488602964164,0.030690208276654616,0.02418649222000674,0.23920798239312963,True,True,True,0.011229543549669855,0.004719600222098776,True,1.1608490589897772e-07,False,False,False,False
debil,300,98,20263826,5,250,75000,0.03,1.0,0.5,0.03,0.03,0.02970110834495674,0.0004602108415304675,0.028515886881131637,0.030442377721213557,0.029648535564853556,0.02915481171548117,0.030142259414225936,1.0,0.015494736296890129,0.3036968314190465,0.03295673312764206,0.03243129545381156,0.01665717349272091,0.16290616725994772,True,True,True,0.010063316546030805,0.011854360711261619,True,8.933622145449809e-08,False,False,False,False
debil,300,99,20263827,5,250,75000,0.03,1.0,0.5,0.03,0.03,0.02985398979010232,0.00045563970727516333,0.02870067247614764,0.030556112912043843,0.029648535564853556,0.02915481171548117,0.030635983263598322,1.0,0.015262271826267737,0.2991405277948476,0.03158124322803989,0.031075250727648975,0.024583094340664014,0.24310789401355823,True,True,True,0.004890810606027855,0.011854360711261619,True,2.131898139436387e-08,False,False,False,False
informativo,20,0,20260728,5,250,5000,0.03,1.0,0.5,0.03,0.01,0.02976365198080623,0.0017492141453371698,0.026103015103783676,0.03298313868990336,0.029648535564853556,0.026686192468619245,0.03310460251046025,1.0,0.05877014509056854,1.1518948437751433,0.11892408152915218,0.11557929098479729,0.10770248367032653,1.0566649961268963,False,False,False,0.007940827266297176,0.011854360711261619,True,5.586038617681816e-08,False,True,False,True
informativo,20,1,20260729,5,250,5000,0.03,1.0,0.5,0.03,0.01,0.02993919464562101,0.001716244762703591,0.026331217960020192,0.033075065835916594,0.030142259414225936,0.026686192468619245,0.03310460251046025,1.0,0.0573243463298908,1.1235571880658597,0.11591675580891773,0.11262573953175416,0.10949600513139039,1.0504694457310961,False,False,False,0.002030961590607916,0.004719600222098776,True,3.6972911211543808e-09,False,True,False,True
informativo,20,2,20260730,5,250,5000,0.03,1.0,0.5,0.03,0.01,0.031068513524157012,0.0016960056412686822,0.027500043955876487,0.03417385183605798,0.03112970711297071,0.028167364016736397,0.03409205020920502,1.0,0.05458921103354269,1.0699485362574366,0.11031558171673465,0.10740468601744235,0.09603091470890145,0.9344174873549554,False,False,True,0.034392167598433686,0.03629032258064519,True,1.1417211513064398e-06,False,True,False,False
informativo,20,3,20260731,5,250,5000,0.03,1.0,0.5,0.03,0.01,0.02972734529908087,0.0017566822600432674,0.02604381161617578,0.03296407220109866,0.029648535564853556,0.026686192468619245,0.03310460251046025,1.0,0.05909314277375389,1.158225598365576,0.11981278915692817,0.11639553608469787,0.10770248367032653,1.0579555250765464,False,False,False,0.009171848282313988,0.011854360711261619,True,7.434058593329965e-08,False,True,False,True
informativo,20,4,20260732,5,250,5000,0.03,1.0,0.5,0.03,0.01,0.032146065744268384,0.0018082438662228278,0.028358480132516073,0.035479613335550726,0.032117154811715475,0.028661087866108784,0.03557322175732217,1.0,0.056250860699656104,1.1025168697132597,0.11375882902966022,0.11076212653338995,0.10886877626045903,1.0536112361738852,False,False,False,0.06675982564525884,0.06591974986972371,True,4.60559817872222e-06,False,True,False,True
informativo,20,5,20260733,5,250,5000,0.03,1.0,0.5,0.03,0.01,0.03124513335854283,0.001728472810240552,0.02763581194682681,0.034428643601156106,0.03112970711297071,0.028167364016736397,0.034585774058577406,1.0,0.05531974501136078,1.0842670022226713,0.1115349808099369,0.10870223494296666,0.10254837698227356,1.0065634492298317,False,False,False,0.039850473488294326,0.03629032258064519,True,1.5503570805561472e-06,False,True,False,True
informativo,20,6,20260734,5,250,5000,0.03,1.0,0.5,0.03,0.01,0.030606841978573617,0.0017627567416953415,0.026904911024220313,0.03386053785686562,0.030635983263598322,0.02717991631799163,0.03409205020920502,1.0,0.05759355189043558,1.1288336170525373,0.11684210897565021,0.1136286265259678,0.11426487143026415,1.1065975408588702,False,False,False,0.019827004007745754,0.020759355367385834,True,3.682571869591438e-07,False,True,False,True
informativo,20,7,20260735,5,250,5000,0.03,1.0,0.5,0.03,0.01,0.029319329757112156,0.001751466518022714,0.02566507874686029,0.032535502122558485,0.02915481171548117,0.02619246861924686,0.03261087866108786,1.0,0.05973760425399394,1.170857043378281,0.12061669605266657,0.11716542350412355,0.10953899985324994,1.0726783137800704,False,False,False,0.023215750446093607,0.028989667049368603,True,4.6331197955299527e-07,False,True,False,True
informativo,20,8,20260736,5,250,5000,0.03,1.0,0.5,0.03,0.01,0.0318787737158317,0.001770119216990564,0.028190463696271293,0.035124008474820625,0.032117154811715475,0.028661087866108784,0.035079497907949786,1.0,0.055526578053768864,1.0883209298538696,0.11161450646260676,0.1087486118562017,0.10251525324566771,0.9865564304753054,False,False,False,0.05893494312482484,0.06591974986972371,True,3.5297906753000523e-06,False,True,False,True
informativo,20,9,20260737,5,250,5000,0.03,1.0,0.5,0.03,0.01,0.02841732848894828,0.001790622084614692,0.024689090759223594,0.03170906461854086,0.028167364016736397,0.025205020920502086,0.031623430962343095,1.0,0.06301162635013628,1.235027876462671,0.12740903300669387,0.12351572495717512,0.11340902597601138,1.1067264545030042,False,False,False,0.055693888032692124,0.06506238859180051,True,2.5048491118947316e-06,False,True,False,True
informativo,20,10,20260738,5,250,5000,0.03,1.0,0.5,0.03,0.01,0.03154749029522637,0.00175380090131446,0.027863860623289386,0.034781252676206985,0.031623430962343095,0.028167364016736397,0.035079497907949786,1.0,0.05559240639753323,1.0896111653916514,0.11258763639168123,0.10963458563872368,0.11060927812022338,1.0736022342820273,False,False,False,0.04905272276002666,0.05133633236305904,True,2.394726213819797e-06,False,True,False,True
informativo,20,11,20260739,5,250,5000,0.03,1.0,0.5,0.03,0.01,0.02973538267516473,0.0017484982609147462,0.026070825328019253,0.032956362397348477,0.029648535564853556,0.026686192468619245,0.03310460251046025,1.0,0.05880194245406865,1.1525180720997454,0.11914815103685959,0.11578019937641644,0.10770248367032653,1.0576695631796396,False,False,False,0.008899072452707272,0.011854360711261619,True,7.002232860297376e-08,False,True,False,True
informativo,20,12,20260740,5,250,5000,0.03,1.0,0.5,0.03,0.01,0.030161926573939464,0.0017789085273615596,0.02642888932782974,0.03344417791055133,0.030142259414225936,0.026686192468619245,0.033598326359832634,1.0,0.058978610766149596,1.155980771016532,0.11969477324155656,0.11629377462882202,0.11618597084389168,1.122920844725135,False,False,False,0.0053685752978185515,0.004719600222098776,True,2.622021534777307e-08,False,True,False,True
informativo,20,13,20260741,5,250,5000,0.03,1.0,0.5,0.03,0.01,0.029833017641990166,0.0017658520819396149,0.02614931983697527,0.03306916996798494,0.029648535564853556,0.026686192468619245,0.03310460251046025,1.0,0.059191198930347785,1.1601474990348164,0.11936587518328007,0.11597636910303591,0.10770248367032653,1.0542081120467859,False,False,False,0.005597233240488606,0.011854360711261619,True,2.788310788652408e-08,False,True,False,True
informativo,20,14,20260742,5,250,5000,0.03,1.0,0.5,0.03,0.01,0.03258611072388955,0.0017887947847308524,0.028837075226161656,0.03589084111873126,0.03261087866108786,0.02915481171548117,0.03606694560669456,1.0,0.05489439350058582,1.0759301126114822,0.1110423714864119,0.10823270614185854,0.10718278587430509,1.039383200834557,False,False,False,0.07936236225925604,0.08006158583525777,True,6.687968676216522e-06,False,True,False,True
informativo,20,15,20260743,5,250,5000,0.03,1.0,0.5,0.03,0.01,0.03049360842209284,0.0017296137157035505,0.02685738043815213,0.03366158414039958,0.030635983263598322,0.02717991631799163,0.033598326359832634,1.0,0.056720532767464575,1.1117224422423055,0.11475138313637157,0.11156770310787094,0.10766226864774327,1.0313705341029762,False,False,False,0.016187274895785038,0.020759355367385834,True,2.436492743609827e-07,False,True,False,True
informativo,20,16,20260744,5,250,5000,0.03,1.0,0.5,0.03,0.01,0.02842772988332347,0.0017250994067264415,0.024807884446676014,0.031583124594342434,0.028167364016736397,0.025205020920502086,0.031623430962343095,1.0,0.06068368504297752,1.1894002268423594,0.12291136844031961,0.11916604272437828,0.11340902597601138,1.1063215154394213,False,False,False,0.05530762122510765,0.06506238859180051,True,2.47203331979403e-06,False,True,False,True
informativo,20,17,20260745,5,250,5000,0.03,1.0,0.5,0.03,0.01,0.03060655830333586,0.0017982240558727183,0.026840253380541298,0.03392825048704745,0.030635983263598322,0.02717991631799163,0.03409205020920502,1.0,0.058752899886712416,1.1515568377795633,0.11911321717219997,0.11579212919431096,0.11426487143026415,1.1066077972985977,False,False,False,0.019817919327105568,0.020759355367385834,True,3.6791297534567717e-07,False,True,False,True
informativo,20,18,20260746,5,250,5000,0.03,1.0,0.5,0.03,0.01,0.028241045070712366,0.0017032530836888083,0.024680319099878736,0.03137600060153796,0.028167364016736397,0.025205020920502086,0.03112970711297071,1.0,0.060311262540888845,1.1821007458014214,0.12209480909230942,0.11854521468476109,0.10634558540033424,1.0279705397022674,False,False,False,0.06228363450727158,0.06506238859180051,True,3.0939224432652623e-06,False,True,False,True
informativo,20,19,20260747,5,250,5000,0.03,1.0,0.5,0.03,0.01,0.030280870222933,0.0017738349538104778,0.02656837814592387,0.033538541707193455,0.030142259414225936,0.02717991631799163,0.033598326359832634,1.0,0.058579391568049345,1.1481560747337671,0.11843282987867014,0.11509186344305886,0.1059272034059468,1.0386164259309272,False,False,False,0.009275500369216231,0.004719600222098776,True,7.888808213043365e-08,False,True,False,True
informativo,20,20,20260748,5,250,5000,0.03,1.0,0.5,0.03,0.01,0.031449033899830094,0.001774173966915039,0.027741902293391633,0.03471686741736349,0.031623430962343095,0.028167364016736397,0.034585774058577406,1.0,0.056414259737391295,1.1057194908528694,0.11387872201164995,0.1108931540820645,0.10417481629462683,1.0000373717423114,False,False,False,0.046075625230507455,0.05133633236305904,True,2.099699242856813e-06,False,True,False,True
informativo,20,21,20260749,5,250,5000,0.03,1.0,0.5,0.03,0.01,0.029789903485539837,0.001742074215055654,0.026152964691103574,0.032993943604862026,0.029648535564853556,0.026686192468619245,0.03310460251046025,1.0,0.05847867939220633,1.1461821160872439,0.11808702925325458,0.11482042761701286,0.10770248367032653,1.0557338401679277,False,False,False,0.007052608094623238,0.011854360711261619,True,4.4140545388309e-08,False,True,False,True
informativo,20,22,20260750,5,250,5000,0.03,1.0,0.5,0.03,0.01,0.0298205992459781,0.001739323598392377,0.026196727481230524,0.0330156464374133,0.029648535564853556,0.026686192468619245,0.03310460251046025,1.0,0.05832624569497742,1.1431944156215574,0.11755336141857094,0.11433235965408116,0.10770248367032653,1.0546471231379628,False,False,False,0.006016000971076849,0.011854360711261619,True,3.218463054362633e-08,False,True,False,True
informativo,20,23,20260751,5,250,5000,0.03,1.0,0.5,0.03,0.01,0.03028957227981064,0.0017382272106579927,0.026664581238987163,0.03348666004247553,0.030142259414225936,0.02717991631799163,0.033598326359832634,1.0,0.05738698435885802,1.124784893433617,0.11571063475132291,0.1126143139372686,0.1059272034059468,1.0383180361376012,False,False,False,0.009560131029108588,0.004719600222098776,True,8.38521052347326e-08,False,True,False,True
informativo,20,24,20260752,5,250,5000,0.03,1.0,0.5,0.03,0.01,0.029446623356696323,0.0017698777803953176,0.02575032506534052,0.032698237077586165,0.029648535564853556,0.02619246861924686,0.03261087866108786,1.0,0.06010460890392167,1.1780503345168647,0.12149342113740454,0.11797468130867461,0.11139399439726308,1.068041276721426,False,False,False,0.018792533072483335,0.011854360711261619,True,3.0622570935404326e-07,False,True,False,True
informativo,20,25,20260753,5,250,5000,0.03,1.0,0.5,0.03,0.01,0.028892843777204427,0.0017733771914555847,0.02520361702172646,0.0321385699281425,0.028661087866108784,0.025698744769874472,0.032117154811715475,1.0,0.06137773094023805,1.2030035264286658,0.1236842472242445,0.12001160148672363,0.11144001381920231,1.0885120705852487,False,False,False,0.03831939255730454,0.046715328467153226,True,1.2257949016749576e-06,False,True,False,True
informativo,20,26,20260754,5,250,5000,0.03,1.0,0.5,0.03,0.01,0.03015742621176047,0.0017476844841116123,0.026486761682422873,0.0333813622025773,0.030142259414225936,0.02717991631799163,0.033598326359832634,1.0,0.05795204377985244,1.1358600580851077,0.1175818981951372,0.11431016147965811,0.1059272034059468,1.0428678158468407,False,False,False,0.005220147457380904,0.004719600222098776,True,2.4783012149253113e-08,False,True,False,True
informativo,20,27,20260755,5,250,5000,0.03,1.0,0.5,0.03,0.01,0.031226523183695683,0.0017877199650690448,0.027479733597142845,0.03451489886972531,0.03112970711297071,0.028167364016736397,0.034585774058577406,1.0,0.057250048446074446,1.122100949543059,0.11581073483447407,0.1126472715389547,0.10254837698227356,1.0071633341954012,False,False,False,0.03927824998256902,0.03629032258064519,True,1.5043591201429962e-06,False,True,False,True
informativo,20,28,20260756,5,250,5000,0.03,1.0,0.5,0.03,0.01,0.03264720931496145,0.001808645439076868,0.02885903651762439,0.03598075048567564,0.03261087866108786,0.02915481171548117,0.03606694560669456,1.0,0.055399695013074464,1.0858340222562595,0.11195630320878909,0.10907079222828908,0.10718278587430509,1.0374380162234578,False,False,False,0.081085316953823,0.08006158583525777,True,7.007717157218671e-06,False,True,False,True
informativo,20,29,20260757,5,250,5000,0.03,1.0,0.5,0.03,0.01,0.030315883468155846,0.0017632589251494776,0.02663587910589658,0.033550150979445734,0.030142259414225936,0.02717991631799163,0.033598326359832634,1.0,0.05816287448794376,1.1399923399636975,0.11728032793840941,0.11403711656320331,0.1059272034059468,1.037416878780939,False,False,False,0.010419734872238066,0.004719600222098776,True,9.978236545416592e-08,False,True,False,True
informativo,20,30,20260758,5,250,5000,0.03,1.0,0.5,0.03,0.01,0.030839171107664244,0.0017437879467973357,0.02720162467563625,0.03403651754458399,0.030635983263598322,0.02767364016736401,0.03409205020920502,1.0,0.056544578993693,1.1082737482763827,0.11383202192169066,0.11081511959394255,0.1042101155832105,1.019813700414433,False,False,False,0.027211208262847748,0.020759355367385834,True,7.042081479384363e-07,False,True,False,True
informativo,20,31,20260759,5,250,5000,0.03,1.0,0.5,0.03,0.01,0.0313372605960949,0.0017146803770426904,0.02774446802720379,0.03448632548347506,0.03112970711297071,0.028167364016736397,0.034585774058577406,1.0,0.05471698369372994,1.0724528803971067,0.11040462694170827,0.10756934920328368,0.10254837698227356,1.003604291082805,False,False,False,0.042673181084039835,0.03629032258064519,True,1.7882659018680938e-06,False,True,False,True
informativo,20,32,20260760,5,250,5000,0.03,1.0,0.5,0.03,0.01,0.03084939420104938,0.0017617146765032694,0.02718288187905699,0.03407321405607632,0.030635983263598322,0.02767364016736401,0.03409205020920502,1.0,0.057106945602301076,1.119296133805101,0.11474881366218828,0.11167694464458801,0.1042101155832105,1.0194757472401557,False,False,False,0.027533577985803387,0.020759355367385834,True,7.214705087763177e-07,False,True,False,True
informativo,20,33,20260761,5,250,5000,0.03,1.0,0.5,0.03,0.01,0.029873131886178628,0.0017520557980975594,0.026217947568434784,0.0330789201646254,0.029648535564853556,0.026686192468619245,0.03310460251046025,1.0,0.05864988661962763,1.1495377777447016,0.11816433922579374,0.11483517400070424,0.10770248367032653,1.052792500125236,False,False,False,0.0042468969877266,0.011854360711261619,True,1.60955183045924e-08,False,True,False,True
informativo,20,34,20260762,5,250,5000,0.03,1.0,0.5,0.03,0.01,0.03074789009281052,0.0017205707802012181,0.02715674186638912,0.03391677239372955,0.030635983263598322,0.02767364016736401,0.03409205020920502,1.0,0.05595736081427982,1.0967642719598845,0.11283447183016915,0.10992673817513515,0.1042101155832105,1.0228412131723679,False,False,False,0.024323297974367077,0.020759355367385834,True,5.593395909241293e-07,False,True,False,True
informativo,20,35,20260763,5,250,5000,0.03,1.0,0.5,0.03,0.01,0.02705053207949898,0.0017289884541489167,0.023412875662465242,0.030217661753160607,0.02717991631799163,0.023723849372384934,0.030142259414225936,1.0,0.06391698503628622,1.2527729067112097,0.13009022946330343,0.12577915418995708,0.12197887319116268,1.1626466020184627,False,False,False,0.10903548631992925,0.10375615763546782,True,8.699361014064611e-06,False,False,False,False
informativo,20,36,20260764,5,250,5000,0.03,1.0,0.5,0.03,0.01,0.028879608934560902,0.0017349961712575062,0.025251247572964385,0.03205888766130778,0.028661087866108784,0.025698744769874472,0.032117154811715475,1.0,0.0600768582146968,1.1775064210080572,0.12143017191414604,0.11786240083390696,0.11144001381920231,1.0890109099567378,False,False,False,0.038795229809995814,0.046715328467153226,True,1.2552761395157548e-06,False,True,False,True
informativo,20,37,20260765,5,250,5000,0.03,1.0,0.5,0.03,0.01,0.030551662065573172,0.001732194881276411,0.02690870533411478,0.033737113196849855,0.030635983263598322,0.02717991631799163,0.033598326359832634,1.0,0.0566972388460763,1.1112658813830956,0.11490093915602864,0.11175182299541074,0.10766226864774327,1.0294107449054384,False,False,False,0.018056695717213102,0.020759355367385834,True,3.043310345924601e-07,False,True,False,True
informativo,20,38,20260766,5,250,5000,0.03,1.0,0.5,0.03,0.01,0.031549904101100534,0.001813824480369385,0.027762426052628075,0.034903431576681854,0.031623430962343095,0.028167364016736397,0.035079497907949786,1.0,0.05749064956131244,1.1268167314017237,0.1162523858798612,0.11317000364201873,0.11060927812022338,1.0735200956051134,False,False,False,0.049125477406648375,0.05133633236305904,True,2.402202722608259e-06,False,True,False,True
informativo,20,39,20260767,5,250,5000,0.03,1.0,0.5,0.03,0.01,0.030523050218737774,0.0017311920761494245,0.02688214439481834,0.033700784331190906,0.030635983263598322,0.02717991631799163,0.033598326359832634,1.0,0.05671753195513417,1.1116636263206296,0.1148660733965546,0.11169656845413625,0.10766226864774327,1.0303756990090709,False,False,False,0.017136236876374864,0.020759355367385834,True,2.735815313216343e-07,False,True,False,True
informativo,20,40,20260768,5,250,5000,0.03,1.0,0.5,0.03,0.01,0.0311265453836497,0.0018069984950769146,0.027342652204313287,0.03446160726083354,0.03112970711297071,0.02767364016736401,0.034585774058577406,1.0,0.05805329415149627,1.1378445653693268,0.11758204551641462,0.1143550459708216,0.11240700883702771,1.0881212691446558,False,False,False,0.03619243220744493,0.03629032258064519,True,1.269104501422454e-06,False,True,False,True
informativo,20,41,20260769,5,250,5000,0.03,1.0,0.5,0.03,0.01,0.02989573141348826,0.0017499429172931754,0.026239155180339004,0.03309332338422554,0.029648535564853556,0.026686192468619245,0.03310460251046025,1.0,0.058534875534225664,1.147283560470823,0.11798959603606256,0.11463456285926651,0.10770248367032653,1.0519966469471058,False,False,False,0.0034877416133292623,0.011854360711261619,True,1.0871938133156123e-08,False,True,False,True
informativo,20,42,20260770,5,250,5000,0.03,1.0,0.5,0.03,0.01,0.028102749848267067,0.0017328505305011367,0.02445693854460824,0.03129046053070285,0.028167364016736397,0.024711297071129706,0.03112970711297071,1.0,0.061661244535042944,1.2085603928868416,0.1254727367256284,0.12158102006014175,0.11750953104005762,1.1191150109803314,False,False,False,0.06751119239137103,0.06506238859180051,True,3.5995581382506313e-06,False,True,False,True
informativo,20,43,20260771,5,250,5000,0.03,1.0,0.5,0.03,0.01,0.02883709693358203,0.0016965696071169851,0.025277345294273418,0.031956471245754604,0.028661087866108784,0.025698744769874472,0.032117154811715475,1.0,0.05883288498230407,1.1531245456531598,0.11922048849096263,0.11580787703534504,0.11144001381920231,1.0906163431588634,False,False,False,0.040326634442308204,0.046715328467153226,True,1.3523435418843134e-06,False,True,False,True
informativo,20,44,20260772,5,250,5000,0.03,1.0,0.5,0.03,0.01,0.031094139748152866,0.0017334411068733913,0.02744960488431134,0.03428768783014916,0.03112970711297071,0.028167364016736397,0.03409205020920502,1.0,0.05574816093686482,1.0926639543625505,0.11295582131026481,0.10995774446926188,0.09603091470890145,0.9336473875216574,False,False,True,0.03518797294328962,0.03629032258064519,True,1.1971417884880192e-06,False,True,False,False
informativo,20,45,20260773,5,250,5000,0.03,1.0,0.5,0.03,0.01,0.03016535094757789,0.0017661901816027282,0.026457698462754864,0.03342429173040641,0.030142259414225936,0.026686192468619245,0.033598326359832634,1.0,0.058550294497553106,1.1475857721520408,0.11881863714135585,0.11547343307489226,0.11618597084389168,1.1227933706392077,False,False,False,0.005481485956030951,0.004719600222098776,True,2.734093586490704e-08,False,True,False,True
informativo,20,46,20260774,5,250,5000,0.03,1.0,0.5,0.03,0.01,0.028628516744351105,0.0017923099294561292,0.024871330917478913,0.03193785618498991,0.028661087866108784,0.025205020920502086,0.032117154811715475,1.0,0.06260575584342079,1.2270728145310474,0.12734150587178214,0.12341759320984287,0.12236316156253921,1.1830670924866766,False,False,False,0.047906193251157914,0.046715328467153226,True,1.88096632052529e-06,False,True,False,True
informativo,20,47,20260775,5,250,5000,0.03,1.0,0.5,0.03,0.01,0.03319192642865572,0.0017876298011217434,0.029445648486638814,0.03648248085896243,0.03310460251046025,0.030142259414225936,0.036560669456066945,1.0,0.05385736814535783,1.0556044156490134,0.10871117318150643,0.10600216874198172,0.0964041873433404,0.9475258771925003,False,False,True,0.09616574788199166,0.09378159757330631,True,1.0188394325950857e-05,False,True,False,False
informativo,20,48,20260776,5,250,5000,0.03,1.0,0.5,0.03,0.01,0.028696045920625954,0.0017535930698535764,0.02501348481860655,0.03192960984061205,0.028661087866108784,0.025205020920502086,0.032117154811715475,1.0,0.06110922301644145,1.1977407711222523,0.12424733600364009,0.12050658549152889,0.12236316156253921,1.1802830313496653,False,False,False,0.04544020047154987,0.046715328467153226,True,1.7002962411162134e-06,False,True,False,True
informativo,20,49,20260777,5,250,5000,0.03,1.0,0.5,0.03,0.01,0.026110810534028646,0.0017521260284107277,0.022427870468753795,0.029337532225663057,0.02619246861924686,0.022736401673640168,0.02915481171548117,1.0,0.06710347141952133,1.3152280398226182,0.13709939147978498,0.13231419507074121,0.12680661836199922,1.2044899626548835,False,False,False,0.14894939630092324,0.1453674121405752,False,1.5125794702222538e-05,False,False,False,False
informativo,20,50,20260778,5,250,5000,0.03,1.0,0.5,0.03,0.01,0.029394939511678528,0.0017570269552167404,0.02572913643018017,0.03260523269742415,0.02915481171548117,0.02619246861924686,0.03261087866108786,1.0,0.059773110079667915,1.171552957561491,0.12046808580243866,0.11696054459496553,0.10953899985324994,1.0699191672949633,False,False,False,0.0205838317197788,0.028989667049368603,True,3.6609819452781703e-07,False,True,False,True
informativo,20,51,20260779,5,250,5000,0.03,1.0,0.5,0.03,0.01,0.029790882139381983,0.0017140061765792598,0.026211714885218305,0.032945327879657114,0.029648535564853556,0.026686192468619245,0.03310460251046025,1.0,0.057534589562000034,1.1276779554152006,0.1161481376215856,0.11301466272355402,0.10770248367032653,1.055699158483306,False,False,False,0.007019525626653901,0.011854360711261619,True,4.3730279629456e-08,False,True,False,True
informativo,20,52,20260780,5,250,5000,0.03,1.0,0.5,0.03,0.01,0.03076755255526549,0.001767394134240378,0.027068837060420407,0.034016111383021734,0.030635983263598322,0.02767364016736401,0.03409205020920502,1.0,0.057443442440400096,1.1258914718318418,0.1160708435151356,0.11289936549425648,0.1042101155832105,1.02218755126945,False,False,False,0.02494681869436306,0.020759355367385834,True,5.891369250945847e-07,False,True,False,True
informativo,20,53,20260781,5,250,5000,0.03,1.0,0.5,0.03,0.01,0.026577123227011105,0.0016327406458402738,0.023139985551983766,0.029559762921531188,0.026686192468619245,0.023723849372384934,0.029648535564853556,1.0,0.061434062366120645,1.2041076223759646,0.12471937099250809,0.12077637814131092,0.11239152543132225,1.0923289964502718,False,False,False,0.12879034136810283,0.12417685794920039,False,1.171608540306686e-05,False,False,False,False
informativo,20,54,20260782,5,250,5000,0.03,1.0,0.5,0.03,0.01,0.02873434749276888,0.0017628213872162273,0.025036225418611006,0.0319820561770557,0.028661087866108784,0.025205020920502086,0.032117154811715475,1.0,0.061348927017042885,1.2024389695340405,0.12462934312383993,0.1208628586431733,0.12236316156253921,1.1787097680039191,False,False,False,0.04404667645749128,0.046715328467153226,True,1.6018762690604134e-06,False,True,False,True
informativo,20,55,20260783,5,250,5000,0.03,1.0,0.5,0.03,0.01,0.029807028523340266,0.0016871183453441348,0.026265968596008504,0.03291055711848758,0.029648535564853556,0.026686192468619245,0.03310460251046025,1.0,0.05660135977737747,1.1093866516365984,0.1145587125661653,0.11146009601856255,0.10770248367032653,1.0551272892027448,False,False,False,0.006474025967017382,0.011854360711261619,True,3.7237990804237735e-08,False,True,False,True
informativo,20,56,20260784,5,250,5000,0.03,1.0,0.5,0.03,0.01,0.028642862713281703,0.0016980414760963398,0.02507368591664581,0.03175880081422119,0.028661087866108784,0.025698744769874472,0.031623430962343095,1.0,0.05928323202516198,1.1619513476931747,0.12023004918564303,0.11669774359661837,0.1044737369767579,1.0135496103758714,False,False,False,0.047381342441340304,0.046715328467153226,True,1.841821615001099e-06,False,True,False,True
informativo,20,57,20260785,5,250,5000,0.03,1.0,0.5,0.03,0.01,0.03090200964762687,0.0018156552214564573,0.027119200931900556,0.034255597639434504,0.03112970711297071,0.02767364016736401,0.03409205020920502,1.0,0.05875524738229739,1.1516028486930288,0.11869359243050237,0.11546816515996379,0.1058895465636556,1.0177399322453506,False,False,False,0.029189352340265696,0.03629032258064519,True,8.13621404411952e-07,False,True,False,True
informativo,20,58,20260786,5,250,5000,0.03,1.0,0.5,0.03,0.01,0.02863159955458138,0.0017312228803485045,0.024990306516098088,0.03181931977541915,0.028661087866108784,0.025205020920502086,0.031623430962343095,1.0,0.06046546149292903,1.1851230452614088,0.1229450640310366,0.11925657954077426,0.11539688472009478,1.098444016201971,False,False,False,0.04779336351117891,0.046715328467153226,True,1.8725197790218705e-06,False,True,False,True
informativo,20,59,20260787,5,250,5000,0.03,1.0,0.5,0.03,0.01,0.032778813356611244,0.0017664384471400654,0.029091489437121806,0.0360203977054371,0.03261087866108786,0.029648535564853556,0.03606694560669456,1.0,0.053889639869583256,1.0562369414438317,0.10837112527122805,0.1056918716509575,0.09786949594409547,0.9594675945972776,False,False,True,0.08477467827708231,0.08006158583525777,True,7.721803670881058e-06,False,True,False,False
informativo,20,60,20260788,5,250,5000,0.03,1.0,0.5,0.03,0.01,0.02819220924627279,0.0017369311122388941,0.024544086054924155,0.031394096309137774,0.028167364016736397,0.024711297071129706,0.03112970711297071,1.0,0.06161032280464252,1.2075623269709934,0.12531281467761254,0.12148764565372328,0.11750953104005762,1.1155638400058643,False,False,False,0.06412377043371342,0.06506238859180051,True,3.268107409261591e-06,False,True,False,True
informativo,20,61,20260789,5,250,5000,0.03,1.0,0.5,0.03,0.01,0.030541827138018694,0.0018000533571160895,0.02677948778417575,0.03386916716333508,0.030635983263598322,0.02717991631799163,0.03409205020920502,1.0,0.058937317305269195,1.1551714191832763,0.11936715167395988,0.11606508260165688,0.11426487143026415,1.1089531714618557,False,False,False,0.01774049520908413,0.020759355367385834,True,2.9357664749353034e-07,False,True,False,True
informativo,20,62,20260790,5,250,5000,0.03,1.0,0.5,0.03,0.01,0.03009980765001378,0.0017209158525388897,0.0264801508760693,0.03326527167405465,0.030142259414225936,0.02717991631799163,0.03310460251046025,1.0,0.05717364949799278,1.1206035301606583,0.11592571380008261,0.1127103680674558,0.09923723769344553,0.9644899622168489,False,False,True,0.003315889960969187,0.004719600222098776,True,9.961567001273748e-09,False,True,False,False
informativo,20,63,20260791,5,250,5000,0.03,1.0,0.5,0.03,0.01,0.029399607355457297,0.0017473691280548065,0.025747600012704083,0.032593865671865924,0.02915481171548117,0.02619246861924686,0.03261087866108786,1.0,0.05943511785474412,1.1649283099529846,0.11992028631333716,0.11643464445607644,0.10953899985324994,1.0697492937497672,False,False,False,0.020421791260122217,0.028989667049368603,True,3.604713276209795e-07,False,True,False,True
informativo,20,64,20260792,5,250,5000,0.03,1.0,0.5,0.03,0.01,0.03334710291228869,0.0017899713212709335,0.029622106368269594,0.03663917639401105,0.033598326359832634,0.030142259414225936,0.036560669456066945,1.0,0.053676966361336106,1.0520685406821877,0.10780087473854123,0.1052125883948318,0.0978419646571061,0.9431166865602371,False,False,True,0.10037162511815256,0.10709838107098377,True,1.1203097905451454e-05,False,False,True,False
informativo,20,65,20260793,5,250,5000,0.03,1.0,0.5,0.03,0.01,0.028148724967021074,0.0017352439930445438,0.024499300636613403,0.031345051757659524,0.028167364016736397,0.024711297071129706,0.03112970711297071,1.0,0.06164556281243815,1.2082530311237878,0.12546631994883942,0.12159966622052286,0.11750953104005762,1.1172871681352472,False,False,False,0.06576763370802303,0.06506238859180051,True,3.427219247731118e-06,False,True,False,True
informativo,20,66,20260794,5,250,5000,0.03,1.0,0.5,0.03,0.01,0.032230383723145836,0.0017827242592136144,0.028496410681637007,0.03550826579609754,0.032117154811715475,0.02915481171548117,0.03557322175732217,1.0,0.05531191544373001,1.084113542697108,0.11167315626045791,0.10877709639902702,0.09938047939554168,0.9757938185028602,False,False,True,0.06920127735072902,0.06591974986972371,True,4.974611552473887e-06,False,True,False,False
informativo,20,67,20260795,5,250,5000,0.03,1.0,0.5,0.03,0.01,0.029205063475837557,0.0017414953312009376,0.0255506190136368,0.03241558863682257,0.02915481171548117,0.02619246861924686,0.03261087866108786,1.0,0.05962991084206141,1.1687462525044034,0.12103512974664907,0.11753046914048682,0.10953899985324994,1.0768752216902677,False,False,False,0.027219133586890647,0.028989667049368603,True,6.31924077447465e-07,False,True,False,True
informativo,20,68,20260796,5,250,5000,0.03,1.0,0.5,0.03,0.01,0.030632508009571964,0.0018151425543031648,0.02683392934616877,0.03398150780879539,0.030635983263598322,0.02717991631799163,0.03409205020920502,1.0,0.05925543392450837,1.161406504920364,0.12005619486092096,0.11666655665923871,0.11426487143026415,1.1056703570064248,False,False,False,0.02064826064435614,0.020759355367385834,True,4.000663821726891e-07,False,True,False,True
informativo,20,69,20260797,5,250,5000,0.03,1.0,0.5,0.03,0.01,0.030974255438422738,0.0017391710694558804,0.027322483614842043,0.03416289129778631,0.03112970711297071,0.02767364016736401,0.03409205020920502,1.0,0.05614892254354192,1.1005188818534215,0.11349535110990981,0.11042085735592733,0.1058895465636556,1.0153661083974852,False,False,False,0.03145371614693296,0.03629032258064519,True,9.491736592962841e-07,False,True,False,True
informativo,20,70,20260798,5,250,5000,0.03,1.0,0.5,0.03,0.01,0.029592818033875503,0.001737569224399568,0.025938605225764206,0.03279252232322878,0.029648535564853556,0.02619246861924686,0.03261087866108786,1.0,0.05871590946190177,1.1508318254532746,0.11922675743398649,0.11580372456618962,0.11139399439726308,1.0627649306334805,False,False,False,0.013759486023209673,0.011854360711261619,True,1.657971535370101e-07,False,True,False,True
informativo,20,71,20260799,5,250,5000,0.03,1.0,0.5,0.03,0.01,0.028850144134244228,0.0017762505927715658,0.02514104872438511,0.03210077846118465,0.028661087866108784,0.025698744769874472,0.032117154811715475,1.0,0.061568170491849,1.2067361416402402,0.12439743130194877,0.1206186302642862,0.11144001381920231,1.0901231223898975,False,False,False,0.03985615671122168,0.046715328467153226,True,1.3221685120129534e-06,False,True,False,True
informativo,20,72,20260800,5,250,5000,0.03,1.0,0.5,0.03,0.01,0.0313738955800697,0.0017621365902686596,0.027699980372242076,0.0345955819334164,0.031623430962343095,0.028167364016736397,0.034585774058577406,1.0,0.05616569309257403,1.100847584614451,0.11287831265756751,0.1098939330561609,0.10417481629462683,1.0024323923931118,False,False,False,0.043791042032487404,0.05133633236305904,True,1.887589064935059e-06,False,True,False,True
informativo,20,73,20260801,5,250,5000,0.03,1.0,0.5,0.03,0.01,0.030657469231262578,0.0017561601737597146,0.026969146649408516,0.03389689673447545,0.030635983263598322,0.02767364016736401,0.03409205020920502,1.0,0.05728327281395073,1.122752147153434,0.11616395037269754,0.11298633349034637,0.1042101155832105,1.0258579717646745,False,False,False,0.021445645963239952,0.020759355367385834,True,4.3226579005700703e-07,False,True,False,True
informativo,20,74,20260802,5,250,5000,0.03,1.0,0.5,0.03,0.01,0.028995528948054065,0.001705438696167021,0.025403505771307445,0.032104716892544,0.02915481171548117,0.025698744769874472,0.032117154811715475,1.0,0.058817299012628485,1.1528190606475182,0.11912196291603913,0.11555593852489948,0.11335971040762068,1.0846571987482774,False,False,False,0.03464227377074088,0.028989667049368603,True,1.0089620941973702e-06,False,True,False,True
informativo,20,75,20260803,5,250,5000,0.03,1.0,0.5,0.03,0.01,0.030669360768614616,0.0017664408134813023,0.02696157361171677,0.033927983689167864,0.030635983263598322,0.02767364016736401,0.03409205020920502,1.0,0.05759627097572191,1.1288869111241493,0.11678322851232217,0.11357279550117237,0.1042101155832105,1.0254602123043075,False,False,False,0.02182506422825767,0.020759355367385834,True,4.480438385603511e-07,False,True,False,True
informativo,20,76,20260804,5,250,5000,0.03,1.0,0.5,0.03,0.01,0.030532551173553527,0.001750202832606992,0.026857080911456797,0.03375589959379656,0.030635983263598322,0.02717991631799163,0.033598326359832634,1.0,0.057322521877011395,1.1235214287894233,0.11617142987292593,0.11297481568319342,0.10766226864774327,1.030055072248998,False,False,False,0.017442079128153907,0.020759355367385834,True,2.836107524532403e-07,False,True,False,True
informativo,20,77,20260805,5,250,5000,0.03,1.0,0.5,0.03,0.01,0.029641023444710854,0.0016977982897239646,0.026074657390696754,0.03275837424877435,0.029648535564853556,0.026686192468619245,0.03261087866108786,1.0,0.05727866626774386,1.1226618588477795,0.11596856732431893,0.11274436711918322,0.10092284607089753,0.9794183523132195,False,False,False,0.012110801638099246,0.011854360711261619,True,1.2886416724726054e-07,False,True,False,True
informativo,20,78,20260806,5,250,5000,0.03,1.0,0.5,0.03,0.01,0.031093325484419565,0.0017474619199885403,0.02742145598687841,0.03431666103422961,0.03112970711297071,0.02767364016736401,0.034585774058577406,1.0,0.05620054763406279,1.1015307336276308,0.11391707557153848,0.1108791829102727,0.11240700883702771,1.089283810569479,False,False,False,0.035162706702678646,0.03629032258064519,True,1.195360614881279e-06,False,True,False,True
informativo,20,79,20260807,5,250,5000,0.03,1.0,0.5,0.03,0.01,0.030425157296367453,0.0018125780673015131,0.02665341150498371,0.03377320058784326,0.030635983263598322,0.02717991631799163,0.033598326359832634,1.0,0.05957497769511687,1.1676695628242906,0.12032197194120124,0.1170049675258311,0.10766226864774327,1.033690932101634,False,False,False,0.013973873404369001,0.020759355367385834,True,1.8075872665448295e-07,False,True,False,True
informativo,20,80,20260808,5,250,5000,0.03,1.0,0.5,0.03,0.01,0.027277941373164194,0.0017374387314696785,0.023639398861020164,0.03047676498091989,0.02717991631799163,0.02421757322175732,0.030635983263598322,1.0,0.06369390958435579,1.2484006278533735,0.12943899644939347,0.12532775157707227,0.11756637653429453,1.1529539115426561,False,False,False,0.0997897381476794,0.10375615763546782,True,7.4096031679312275e-06,False,True,False,False
informativo,20,81,20260809,5,250,5000,0.03,1.0,0.5,0.03,0.01,0.028075186305916253,0.001734669473684866,0.024426184111925545,0.031263363527336385,0.028167364016736397,0.024711297071129706,0.03112970711297071,1.0,0.061786570346616755,1.2110167787936883,0.1256835099894614,0.12176552171213996,0.11750953104005762,1.120213731169201,False,False,False,0.06855924919287644,0.06506238859180051,True,3.7049077569323174e-06,False,True,False,True
informativo,20,82,20260810,5,250,5000,0.03,1.0,0.5,0.03,0.01,0.029098809618293336,0.001692596475207259,0.02553675494887268,0.032195369431915415,0.02915481171548117,0.02619246861924686,0.032117154811715475,1.0,0.05816720674866324,1.1400772522737994,0.11783382530730308,0.11441386383820855,0.10266729043847718,0.9976683831370727,False,False,False,0.030970008516778547,0.028989667049368603,True,8.121441040806e-07,False,True,False,True
informativo,20,83,20260811,5,250,5000,0.03,1.0,0.5,0.03,0.01,0.030640298996765077,0.0018104300880974694,0.026849660451919128,0.03398039737091943,0.030635983263598322,0.02717991631799163,0.03409205020920502,1.0,0.05908656727823087,1.1580967186533249,0.11973749443265382,0.11636206487007758,0.11426487143026415,1.1053892153768292,False,False,False,0.020897282915962306,0.020759355367385834,True,4.0998280525836493e-07,False,True,False,True
informativo,20,84,20260812,5,250,5000,0.03,1.0,0.5,0.03,0.01,0.031061244331115113,0.0017987165653446104,0.027298185049749863,0.03438600615958635,0.03112970711297071,0.02767364016736401,0.034585774058577406,1.0,0.05790870919948221,1.1350107003098513,0.1172697750008349,0.11409428795382115,0.11240700883702771,1.0904088614704157,False,False,False,0.03416618857255592,0.03629032258064519,True,1.1262395303239655e-06,False,True,False,True
informativo,20,85,20260813,5,250,5000,0.03,1.0,0.5,0.03,0.01,0.02986426822888115,0.0017180287906202792,0.02626342008721218,0.033016445010526425,0.029648535564853556,0.026686192468619245,0.03310460251046025,1.0,0.057527905169255315,1.127546941317404,0.1162890023348779,0.11306195202170609,0.10770248367032653,1.0531049669117967,False,False,False,0.004544955532765584,0.011854360711261619,True,1.8423113691059713e-08,False,True,False,True
informativo,20,86,20260814,5,250,5000,0.03,1.0,0.5,0.03,0.01,0.027930363130760902,0.0017563010680255774,0.024261528602971025,0.03113867697487352,0.02767364016736401,0.024711297071129706,0.03112970711297071,1.0,0.06288142620284404,1.232475953575743,0.12712666798152858,0.12311240530074594,0.11544979772711544,1.1260222095137549,False,False,False,0.0740998912026216,0.08406410644088311,True,4.283396770513811e-06,False,True,False,True
informativo,20,87,20260815,5,250,5000,0.03,1.0,0.5,0.03,0.01,0.026483572451851914,0.0017596881472950181,0.022801880698321154,0.029708017153360834,0.02619246861924686,0.023230125523012547,0.029648535564853556,1.0,0.06644451576516705,1.3023125089972742,0.13500112650242566,0.1303852882309455,0.12204474708012966,1.1875365101214554,False,False,False,0.13277768905766293,0.1453674121405752,False,1.2365262701374752e-05,False,False,False,False
informativo,20,88,20260816,5,250,5000,0.03,1.0,0.5,0.03,0.01,0.03044489412765835,0.0017642102115044294,0.026756127315971018,0.033685958363430954,0.030635983263598322,0.02717991631799163,0.033598326359832634,1.0,0.05794765467427568,1.1357740316158031,0.11704017367458812,0.1138094128099525,0.10766226864774327,1.033020810423816,False,False,False,0.014613094918079524,0.020759355367385834,True,1.9793078482488458e-07,False,True,False,True
informativo,20,89,20260817,5,250,5000,0.03,1.0,0.5,0.03,0.01,0.030277320697562886,0.0017895123912281697,0.026529847421679745,0.03356106951017289,0.030142259414225936,0.02717991631799163,0.033598326359832634,1.0,0.059104053793379845,1.1584394543502448,0.11954948689760185,0.11611367727559704,0.1059272034059468,1.0387381868816559,False,False,False,0.00915935397101407,0.004719600222098776,True,7.690676929676622e-08,False,True,False,True
informativo,20,90,20260818,5,250,5000,0.03,1.0,0.5,0.03,0.01,0.02831180244275122,0.0017461621612631824,0.02466445287940978,0.031521639838937,0.028167364016736397,0.025205020920502086,0.031623430962343095,1.0,0.06167612128525073,1.2088519771909143,0.12485421986676573,0.12110120811617367,0.11340902597601138,1.1108515351015125,False,False,False,0.05962875591062946,0.06506238859180051,True,2.8500109923007385e-06,False,True,False,True
informativo,20,91,20260819,5,250,5000,0.03,1.0,0.5,0.03,0.01,0.026528691642263513,0.0016791751969844621,0.02298513331817274,0.029595135452260814,0.02619246861924686,0.023230125523012547,0.029648535564853556,1.0,0.06329657035589824,1.2406127789756054,0.12889025314511002,0.12458213588561444,0.12204474708012966,1.185516784209472,False,False,False,0.1308510952800347,0.1453674121405752,False,1.2049981714491176e-05,False,False,False,False
informativo,20,92,20260820,5,250,5000,0.03,1.0,0.5,0.03,0.01,0.031653254174125386,0.0017464730670818033,0.02798701031606903,0.03487507223318537,0.031623430962343095,0.028661087866108784,0.035079497907949786,1.0,0.05517515063299366,1.0814329524066757,0.11168987069709119,0.10880495697574924,0.10093932829999436,0.9935853366612001,False,False,False,0.052230148755979255,0.05133633236305904,True,2.733249364263017e-06,False,True,False,True
informativo,20,93,20260821,5,250,5000,0.03,1.0,0.5,0.03,0.01,0.030846791971019652,0.001771855078636517,0.027156257506531008,0.034087026561906084,0.030635983263598322,0.02767364016736401,0.03409205020920502,1.0,0.05744049754999361,1.1258337519798747,0.11547883647440464,0.11234181275457243,0.1042101155832105,1.0195617500376764,False,False,False,0.027451540886819285,0.020759355367385834,True,7.17056642183349e-07,False,True,False,True
informativo,20,94,20260822,5,250,5000,0.03,1.0,0.5,0.03,0.01,0.02929865609943171,0.0017313929998436987,0.025688396612336784,0.03248327902237497,0.02915481171548117,0.02619246861924686,0.03261087866108786,1.0,0.05909462174537356,1.1582545862093216,0.11928965688537625,0.11595894342351729,0.10953899985324994,1.0734352148537945,False,False,False,0.02393774984723258,0.028989667049368603,True,4.918832668643437e-07,False,True,False,True
informativo,20,95,20260823,5,250,5000,0.03,1.0,0.5,0.03,0.01,0.03066355552383588,0.0018142402924682841,0.026864503901579195,0.034006926876399335,0.030635983263598322,0.02717991631799163,0.03409205020920502,1.0,0.059166011947245,1.1596538341660019,0.11986485612196376,0.11646436384828365,0.11426487143026415,1.1045508418166856,False,False,False,0.02163987549715422,0.020759355367385834,True,4.4030593321310996e-07,False,True,False,True
informativo,20,96,20260824,5,250,5000,0.03,1.0,0.5,0.03,0.01,0.02905510174487528,0.0017635744574421332,0.025354414694372423,0.03230651780099022,0.02915481171548117,0.025698744769874472,0.032117154811715475,1.0,0.06069758326532762,1.1896726320004214,0.12330050931817364,0.11963653006040502,0.11335971040762068,1.0824332842189435,False,False,False,0.03252090677298618,0.028989667049368603,True,8.928327125377395e-07,False,True,False,True
informativo,20,97,20260825,5,250,5000,0.03,1.0,0.5,0.03,0.01,0.026854573505336172,0.0017396133657990732,0.02322945636447056,0.03004910538593526,0.026686192468619245,0.023723849372384934,0.030142259414225936,1.0,0.06477903532720046,1.2696690924131289,0.13118364526889117,0.1269736981693191,0.11976312395523944,1.1711304668000613,False,False,False,0.11712814929042933,0.12417685794920039,True,9.89370783333317e-06,False,False,False,False
informativo,20,98,20260826,5,250,5000,0.03,1.0,0.5,0.03,0.01,0.03161918050905621,0.001818516376452973,0.02781495962123448,0.03497426411009471,0.031623430962343095,0.028167364016736397,0.035079497907949786,1.0,0.05751307741616271,1.127256317356789,0.11634947519058818,0.1132114174624117,0.11060927812022338,1.071168054379046,False,False,False,0.05120880690100282,0.05133633236305904,True,2.621745520907533e-06,False,True,False,True
informativo,20,99,20260827,5,250,5000,0.03,1.0,0.5,0.03,0.01,0.028987173552611278,0.0017242173811553249,0.025361544029357534,0.032133579732064134,0.02915481171548117,0.025698744769874472,0.032117154811715475,1.0,0.059482080169903306,1.1658487713301047,0.12043710693907611,0.1168109006974319,0.11335971040762068,1.0849698452986198,False,False,False,0.03494050379042491,0.028989667049368603,True,1.025817412530058e-06,False,True,False,True
informativo,50,0,20261728,5,250,12500,0.03,1.0,0.5,0.03,0.01,0.03068037135132286,0.001140129808924379,0.028207554352191737,0.03268292276328337,0.030635983263598322,0.028661087866108784,0.03261087866108786,1.0,0.03716153875286191,0.7283661595560934,0.07446858249578676,0.07293536899934991,0.06473225707965503,0.6308259660150098,True,True,True,0.022176112001119106,0.020759355367385834,True,4.629051757008976e-07,False,False,False,False
informativo,50,1,20261729,5,250,12500,0.03,1.0,0.5,0.03,0.01,0.030650164791752883,0.0011226210036631597,0.028210228682390138,0.032600806808555274,0.030635983263598322,0.028661087866108784,0.03261087866108786,1.0,0.03662691575365448,0.7178875487716277,0.07316267446046966,0.07162405416082004,0.06473225707965503,0.6314476619259516,True,True,True,0.021212440330103135,0.020759355367385834,True,4.227142564350706e-07,False,False,False,False
informativo,50,2,20261730,5,250,12500,0.03,1.0,0.5,0.03,0.01,0.030013857152405815,0.0011172800941946265,0.027574019543429428,0.031992553843557446,0.030142259414225936,0.028167364016736397,0.032117154811715475,1.0,0.037225475170393714,0.7296193133397167,0.07516593388460051,0.07360823831624458,0.06580162660228873,0.6448346441152475,True,True,True,0.00046169182239559343,0.004719600222098776,True,1.9202067279801764e-10,False,False,False,False
informativo,50,3,20261731,5,250,12500,0.03,1.0,0.5,0.03,0.01,0.02795563979803524,0.0011048553428637136,0.025523777512066335,0.029918673582919806,0.028167364016736397,0.02619246861924686,0.029648535564853556,1.0,0.039521733390675766,0.7746259744572449,0.08044531637601336,0.0786048200399683,0.06267851200991206,0.6057714348810223,True,True,True,0.07312872167241323,0.06506238859180051,False,4.1794086353773916e-06,False,False,False,False
informativo,50,4,20261732,5,250,12500,0.03,1.0,0.5,0.03,0.01,0.027909246343608127,0.0011107468925873648,0.025458842986862802,0.029882294789686646,0.02767364016736401,0.025698744769874472,0.029648535564853556,1.0,0.03979852694380449,0.7800511280985679,0.08113846822516446,0.07924706651630739,0.07172907479978277,0.6934610364292415,True,True,True,0.07491258024854197,0.08406410644088311,False,4.371250851715983e-06,False,False,False,False
informativo,50,5,20261733,5,250,12500,0.03,1.0,0.5,0.03,0.01,0.03040287818586622,0.0011202643483580186,0.027935391057587453,0.032396395737697176,0.030635983263598322,0.028661087866108784,0.03261087866108786,1.0,0.03684731233369906,0.7222073217405015,0.0749317597371747,0.07336484152647706,0.06473225707965503,0.6365836410973357,True,True,True,0.013251317306317246,0.020759355367385834,True,1.62310832646857e-07,False,False,False,False
informativo,50,6,20261734,5,250,12500,0.03,1.0,0.5,0.03,0.01,0.029910591789308875,0.0011080104485262806,0.027468974373397886,0.031879883612848714,0.030142259414225936,0.028167364016736397,0.031623430962343095,1.0,0.037044083123835864,0.7260640292271828,0.0753293049602758,0.07373490418580494,0.058475340708424556,0.5661783007424781,True,True,True,0.002989182270980066,0.004719600222098776,True,7.993828138988316e-09,False,False,False,False
informativo,50,7,20261735,5,250,12500,0.03,1.0,0.5,0.03,0.01,0.02935602128661552,0.0011112515637653724,0.026903976566546917,0.03132686832713294,0.02915481171548117,0.02717991631799163,0.03112970711297071,1.0,0.03785429751926337,0.741944231377562,0.07702648002035509,0.07533193475715629,0.06805047936861056,0.6592846730296404,True,True,True,0.02193685265101287,0.028989667049368603,True,4.1470858329233006e-07,False,False,False,False
informativo,50,8,20261736,5,250,12500,0.03,1.0,0.5,0.03,0.01,0.029145438280101504,0.0011111698466850191,0.02672784806126968,0.03108755748569698,0.02915481171548117,0.02717991631799163,0.03112970711297071,1.0,0.0381250004205169,0.7472500082421311,0.0764623328398136,0.0747923119653996,0.06805047936861056,0.6640481679979072,True,True,True,0.029320599391429735,0.028989667049368603,True,7.302757331158742e-07,False,False,False,False
informativo,50,9,20261737,5,250,12500,0.03,1.0,0.5,0.03,0.01,0.03105629571348056,0.0011147723284873551,0.028647137767022043,0.033020526302902635,0.03112970711297071,0.02915481171548117,0.03310460251046025,1.0,0.03589521231933233,0.7035461614589136,0.07179141150811545,0.07041065966509073,0.06369722515988155,0.6231900634239688,True,True,True,0.0340122892706119,0.03629032258064519,True,1.1157606343174086e-06,False,False,False,False
informativo,50,10,20261738,5,250,12500,0.03,1.0,0.5,0.03,0.01,0.03047394549079787,0.0011393812980966796,0.027973621033296044,0.03249429981252336,0.030635983263598322,0.028661087866108784,0.03261087866108786,1.0,0.03738870302963347,0.732818579380816,0.0757785811389133,0.0741728500596093,0.06473225707965503,0.6350990849295095,True,True,True,0.015552482068361967,0.020759355367385834,True,2.2462432824763483e-07,False,False,False,False
informativo,50,11,20261739,5,250,12500,0.03,1.0,0.5,0.03,0.01,0.028997821556447423,0.0011255949460141164,0.026529339665050333,0.030994476458141726,0.02915481171548117,0.02717991631799163,0.03112970711297071,1.0,0.038816534677373025,0.7608040796765112,0.0787334714948127,0.07699090058195435,0.06805047936861056,0.6674285810650588,True,True,True,0.03456047350321555,0.028989667049368603,True,1.0043616327214637e-06,False,False,False,False
informativo,50,12,20261740,5,250,12500,0.03,1.0,0.5,0.03,0.01,0.029779502086398606,0.0011124338271833601,0.02733013228615515,0.03173806862433384,0.029648535564853556,0.02767364016736401,0.031623430962343095,1.0,0.037355689291106366,0.7321715101056847,0.07566595561483996,0.07400957083483202,0.0669070787562576,0.6499092845557409,True,True,True,0.007404351925081513,0.011854360711261619,True,4.8619329902567156e-08,False,False,False,False
informativo,50,13,20261741,5,250,12500,0.03,1.0,0.5,0.03,0.01,0.027834267818084117,0.0010875098586282238,0.02542720063081654,0.0297364774419038,0.02767364016736401,0.025698744769874472,0.029648535564853556,1.0,0.03907089871146749,0.7657896147447627,0.07931697222204481,0.07740955931104991,0.07172907479978277,0.6953290462637246,True,True,True,0.07780812472131174,0.08406410644088311,False,4.690395883786126e-06,False,False,False,False
informativo,50,14,20261742,5,250,12500,0.03,1.0,0.5,0.03,0.01,0.02930134416289343,0.0011098814030113307,0.026854425650256565,0.031257600581011964,0.02915481171548117,0.02717991631799163,0.03112970711297071,1.0,0.03787817367152937,0.7424122039619755,0.07685143510255696,0.07513605700607212,0.06805047936861056,0.660514916578705,True,True,True,0.02384381526057524,0.028989667049368603,True,4.881199787230785e-07,False,False,False,False
informativo,50,15,20261743,5,250,12500,0.03,1.0,0.5,0.03,0.01,0.031326413011391885,0.0011302833626070717,0.028840122010972944,0.03333840691958425,0.03112970711297071,0.02915481171548117,0.03310460251046025,1.0,0.036080842137784584,0.7071845059005778,0.07328003973862282,0.07179699934006967,0.06369722515988155,0.6178165016326441,True,True,True,0.04234168179132204,0.03629032258064519,True,1.7593714767896913e-06,False,False,False,False
informativo,50,16,20261744,5,250,12500,0.03,1.0,0.5,0.03,0.01,0.030084118637576776,0.00112785705307155,0.02764375614744205,0.03206358360290561,0.030142259414225936,0.028167364016736397,0.032117154811715475,1.0,0.03749011452384025,0.7348062446672688,0.07500729421952887,0.07345781853723547,0.06580162660228873,0.643328632244631,True,True,True,0.002796114408075425,0.004719600222098776,True,7.075945187773189e-09,False,False,False,False
informativo,50,17,20261745,5,250,12500,0.03,1.0,0.5,0.03,0.01,0.030039506939737365,0.0011169947527851418,0.027610224193689612,0.032013269033462445,0.030142259414225936,0.028167364016736397,0.032117154811715475,1.0,0.03718419064021121,0.7288101365481398,0.07481969872784411,0.0732875684112565,0.06580162660228873,0.6442840401549776,True,True,True,0.0013151660517139873,0.004719600222098776,True,1.5607982874118659e-09,False,False,False,False
informativo,50,18,20261746,5,250,12500,0.03,1.0,0.5,0.03,0.01,0.02940813385970813,0.0011227664307958544,0.026934819552937833,0.03140629709086857,0.02915481171548117,0.02717991631799163,0.031623430962343095,1.0,0.03817877176947118,0.7483039266816351,0.07772446105658098,0.07602450327623601,0.07536153907320328,0.7403809388651316,True,True,True,0.02012593329163195,0.028989667049368603,True,3.5030552802399353e-07,False,False,False,False
informativo,50,19,20261747,5,250,12500,0.03,1.0,0.5,0.03,0.01,0.030594682873810106,0.0011175629557820242,0.028178822697527677,0.032554993283128664,0.030635983263598322,0.028661087866108784,0.03261087866108786,1.0,0.03652801241285913,0.7159490432920388,0.07297426818657361,0.07151848253585118,0.06473225707965503,0.6325927604879675,True,True,True,0.01943745834081426,0.020759355367385834,True,3.536477204030474e-07,False,False,False,False
informativo,50,20,20261748,5,250,12500,0.03,1.0,0.5,0.03,0.01,0.030852038307708392,0.001136066187967316,0.028353927382541635,0.032876323417311934,0.030635983263598322,0.028661087866108784,0.03310460251046025,1.0,0.03682305125634015,0.7217318046242669,0.07483865798189555,0.07329168967160878,0.07173769124604217,0.7057304136654765,True,True,True,0.027616921099683507,0.020759355367385834,True,7.25969277802582e-07,False,False,False,False
informativo,50,21,20261749,5,250,12500,0.03,1.0,0.5,0.03,0.01,0.030751711305509525,0.0011213517456553639,0.028290101715456813,0.03272868761064889,0.030635983263598322,0.028661087866108784,0.03261087866108786,1.0,0.036464694095071734,0.714708004263406,0.07370905141364623,0.07216811206205709,0.06473225707965503,0.6293625321570312,True,True,True,0.02444453572165429,0.020759355367385834,True,5.65069886830836e-07,False,False,False,False
informativo,50,22,20261750,5,250,12500,0.03,1.0,0.5,0.03,0.01,0.031031816332900714,0.0011255514680488436,0.028581435517643552,0.03301788513542135,0.03112970711297071,0.02915481171548117,0.03310460251046025,1.0,0.036270885853868166,0.7109093627358161,0.07294230185596542,0.07148227435649913,0.06369722515988155,0.6236816655452393,True,True,True,0.03325027197350209,0.03629032258064519,True,1.0646449448406797e-06,False,False,False,False
informativo,50,23,20261751,5,250,12500,0.03,1.0,0.5,0.03,0.01,0.03099476135350463,0.0010966304573401075,0.028608516855295394,0.03293963845282831,0.03112970711297071,0.02915481171548117,0.03310460251046025,1.0,0.03538115505496898,0.6934706390773918,0.07122697603512888,0.0698686069580463,0.06369722515988155,0.6244272919110277,True,True,True,0.03209449952393818,0.03629032258064519,True,9.895501504263676e-07,False,False,False,False
informativo,50,24,20261752,5,250,12500,0.03,1.0,0.5,0.03,0.01,0.032204831237092106,0.001123901901613621,0.02974476087848505,0.034179777672950815,0.032117154811715475,0.030142259414225936,0.03409205020920502,1.0,0.03489854964118428,0.6840115729672119,0.07024357156555065,0.06885638930716871,0.061723740996997,0.6009649531436281,True,True,True,0.06846274774303683,0.06591974986972371,True,4.861280784057112e-06,False,False,False,False
informativo,50,25,20261753,5,250,12500,0.03,1.0,0.5,0.03,0.01,0.03080173832402658,0.0011335459282942981,0.028312838351448946,0.03281759602098456,0.030635983263598322,0.028661087866108784,0.03261087866108786,1.0,0.0368013621948761,0.7213066990195716,0.07466661973923291,0.07312505583526957,0.06473225707965503,0.6283403453337115,True,True,True,0.02602899601290339,0.020759355367385834,True,6.427843402129488e-07,False,False,False,False
informativo,50,26,20261754,5,250,12500,0.03,1.0,0.5,0.03,0.01,0.03086265506518696,0.0011412812563222632,0.02835460901310469,0.032897066079537775,0.030635983263598322,0.028661087866108784,0.03310460251046025,1.0,0.036979360781231915,0.7247954713121455,0.07514728425782113,0.07359148227588772,0.07173769124604217,0.7054876423085952,True,True,True,0.027951421009141768,0.020759355367385834,True,7.441737614927189e-07,False,False,False,False
informativo,50,27,20261755,5,250,12500,0.03,1.0,0.5,0.03,0.01,0.02983107803008246,0.0011110451202198765,0.027379942955888168,0.03179860982325685,0.029648535564853556,0.02767364016736401,0.031623430962343095,1.0,0.03724455144059725,0.729993208235706,0.0756988950029158,0.074061468092316,0.0669070787562576,0.6487856347625266,True,True,True,0.005662617011265709,0.011854360711261619,True,2.853463192082148e-08,False,False,False,False
informativo,50,28,20261756,5,250,12500,0.03,1.0,0.5,0.03,0.01,0.030244824650962975,0.0011193143724689575,0.027788665834838723,0.03221228816179348,0.030142259414225936,0.028167364016736397,0.032117154811715475,1.0,0.037008459641815754,0.7253658089795887,0.07473255748226276,0.0731302359660715,0.06580162660228873,0.6399103026302803,True,True,True,0.008094761791094739,0.004719600222098776,True,5.993910971914283e-08,False,False,False,False
informativo,50,29,20261757,5,250,12500,0.03,1.0,0.5,0.03,0.01,0.031080890414328065,0.0011003532829391548,0.028690142279178956,0.03301767507693707,0.03112970711297071,0.02915481171548117,0.03310460251046025,1.0,0.03540288802124858,0.6938966052164721,0.07099448826326515,0.06961725903069936,0.06369722515988155,0.6226969252616854,True,True,True,0.03477668753755473,0.03629032258064519,True,1.168324087786298e-06,False,False,False,False
informativo,50,30,20261758,5,250,12500,0.03,1.0,0.5,0.03,0.01,0.029954762616157486,0.0011066967755552568,0.02752423099000376,0.0319212182911463,0.030142259414225936,0.028167364016736397,0.032117154811715475,1.0,0.036945603266383714,0.7241338240211207,0.0749542815909173,0.07339379312541813,0.06580162660228873,0.6461067691772666,True,True,True,0.0015101900296185277,0.004719600222098776,True,2.046420896914891e-09,False,False,False,False
informativo,50,31,20261759,5,250,12500,0.03,1.0,0.5,0.03,0.01,0.029829825448972135,0.0011258591203385947,0.027352164498812843,0.03183046755838198,0.029648535564853556,0.02767364016736401,0.031623430962343095,1.0,0.0377427324294782,0.7397575556177727,0.07671838976170015,0.07506418479098825,0.0669070787562576,0.6488128778529075,True,True,True,0.005704845686039022,0.011854360711261619,True,2.89593778175352e-08,False,False,False,False
informativo,50,32,20261760,5,250,12500,0.03,1.0,0.5,0.03,0.01,0.028013126471759183,0.0011101398270352012,0.025582780774302306,0.029982987192355055,0.028167364016736397,0.02619246861924686,0.030142259414225936,1.0,0.039629272660956436,0.7767337441547462,0.08034927972636759,0.07853829565380216,0.07045925852339756,0.6908894983538793,True,True,True,0.07092651833217686,0.06506238859180051,False,3.947666417224108e-06,False,False,False,False
informativo,50,33,20261761,5,250,12500,0.03,1.0,0.5,0.03,0.01,0.02921357878353547,0.0011166594851042902,0.026770238822704778,0.03115542549628669,0.02915481171548117,0.02717991631799163,0.03112970711297071,1.0,0.03822398800839937,0.7491901649646276,0.07679923968902645,0.07505391082131585,0.06805047936861056,0.6624992794893454,True,True,True,0.0269197150507199,0.028989667049368603,True,6.1845832970555e-07,False,False,False,False
informativo,50,34,20261762,5,250,12500,0.03,1.0,0.5,0.03,0.01,0.031279452221799654,0.0011219830232393787,0.028811872120905954,0.033266400263840756,0.03112970711297071,0.02915481171548117,0.03310460251046025,1.0,0.035869650634656344,0.7030451524392642,0.07268646751515861,0.07120534131077746,0.06369722515988155,0.6187440482704193,True,True,True,0.04090392033489532,0.03629032258064519,True,1.6369979878680747e-06,False,False,False,False
informativo,50,35,20261763,5,250,12500,0.03,1.0,0.5,0.03,0.01,0.028810692918274705,0.0011084347148715937,0.026365989955916047,0.03076411767815886,0.028661087866108784,0.026686192468619245,0.030635983263598322,1.0,0.038473032148716925,0.7540714301148517,0.07810934550708971,0.0763280448463818,0.06923382574746274,0.671763603544613,True,True,True,0.04128005824430936,0.046715328467153226,True,1.4144513346419345e-06,False,False,False,False
informativo,50,36,20261764,5,250,12500,0.03,1.0,0.5,0.03,0.01,0.031105106970927426,0.0011332011703497093,0.028663489391246435,0.03308254523300488,0.03112970711297071,0.02915481171548117,0.03310460251046025,1.0,0.036431354227743455,0.7140545428637716,0.07247750247561066,0.07103424922937476,0.06369722515988155,0.6222121310653838,True,True,True,0.03552815207998868,0.03629032258064519,True,1.2212614171923925e-06,False,False,False,False
informativo,50,37,20261765,5,250,12500,0.03,1.0,0.5,0.03,0.01,0.03053233204810667,0.0011282297295892244,0.028072795580982357,0.032523740197704556,0.030635983263598322,0.028661087866108784,0.03261087866108786,1.0,0.036951967108558505,0.7242585553277466,0.07442108973708668,0.07288903791740017,0.06473225707965503,0.6338845937121147,True,True,True,0.017435027474086623,0.020759355367385834,True,2.8337740944144346e-07,False,False,False,False
informativo,50,38,20261766,5,250,12500,0.03,1.0,0.5,0.03,0.01,0.0310370092900302,0.0011192224781106147,0.028605992123587397,0.03301228461751506,0.03112970711297071,0.02915481171548117,0.03310460251046025,1.0,0.036060899671481385,0.7067936335610351,0.07240867454877283,0.0709844890780612,0.06369722515988155,0.6235773142489738,True,True,True,0.03341202370175892,0.03629032258064519,True,1.0753882676089388e-06,False,False,False,False
informativo,50,39,20261767,5,250,12500,0.03,1.0,0.5,0.03,0.01,0.028677596674234987,0.001116203827954128,0.026245603399223147,0.030618623114205795,0.028661087866108784,0.026686192468619245,0.030635983263598322,1.0,0.03892250248979082,0.7628810487998999,0.07802826911953525,0.07624452921662593,0.06923382574746274,0.6748813408337597,True,True,True,0.04611276672822121,0.046715328467153226,True,1.7487505559943644e-06,False,False,False,False
informativo,50,40,20261768,5,250,12500,0.03,1.0,0.5,0.03,0.01,0.0295988563438059,0.0011211663765550155,0.02718108543851536,0.03156645980955136,0.029648535564853556,0.02767364016736401,0.031623430962343095,1.0,0.037878705972017736,0.7424226370515475,0.07564129149930623,0.07408013201756224,0.0669070787562576,0.6538757670428601,True,True,True,0.013552674182225458,0.011854360711261619,True,1.6091623290476926e-07,False,False,False,False
informativo,50,41,20261769,5,250,12500,0.03,1.0,0.5,0.03,0.01,0.029246726107996633,0.0011157481358608826,0.02679780499159067,0.031200229256416228,0.02915481171548117,0.02717991631799163,0.03112970711297071,1.0,0.0381495054092846,0.7477303060219781,0.07699847933515895,0.07526353973038113,0.06805047936861056,0.6617484235305817,True,True,True,0.025755836370259643,0.028989667049368603,True,5.674215563738984e-07,False,False,False,False
informativo,50,42,20261770,5,250,12500,0.03,1.0,0.5,0.03,0.01,0.028168299160682135,0.0011075837411488516,0.025752495109296638,0.030102175198945296,0.028167364016736397,0.02619246861924686,0.030142259414225936,1.0,0.03932022074995706,0.7706763266991582,0.07902613699907508,0.07720878113436162,0.07045925852339756,0.6870835468267156,True,True,True,0.06502703016853026,0.06506238859180051,True,3.3551279647577668e-06,False,False,False,False
informativo,50,43,20261771,5,250,12500,0.03,1.0,0.5,0.03,0.01,0.03042172149576124,0.0011257432578789357,0.027944386373229938,0.032424798163713436,0.030635983263598322,0.028661087866108784,0.03261087866108786,1.0,0.03700458759494558,0.7252899168609334,0.07521420389597183,0.07363836709746635,0.06473225707965503,0.6361893391895699,True,True,True,0.013862512541244596,0.020759355367385834,True,1.778490199870984e-07,False,False,False,False
informativo,50,44,20261772,5,250,12500,0.03,1.0,0.5,0.03,0.01,0.027743837979973183,0.0011137635455959179,0.025302031715738357,0.02968204389711618,0.02767364016736401,0.025698744769874472,0.029648535564853556,1.0,0.04014453755100088,0.7868329359996171,0.0809026343711693,0.07893666666701855,0.07172907479978277,0.6975954411703286,True,True,True,0.08132119361623352,0.08406410644088311,False,5.090267060611483e-06,False,False,False,False
informativo,50,45,20261773,5,250,12500,0.03,1.0,0.5,0.03,0.01,0.03129779108103581,0.001131096302189138,0.02881278680734066,0.033308667279830374,0.03112970711297071,0.02915481171548117,0.03310460251046025,1.0,0.036139812527360766,0.708340325536271,0.07330876883638958,0.0718242456927558,0.06369722515988155,0.6183814968055232,True,True,True,0.04146590018687224,0.03629032258064519,True,1.6842616900160952e-06,False,False,False,False
informativo,50,46,20261774,5,250,12500,0.03,1.0,0.5,0.03,0.01,0.02965486158823915,0.0011019765444274846,0.02724584040360224,0.031579630989552375,0.029648535564853556,0.02767364016736401,0.031623430962343095,1.0,0.03716006365932656,0.7283372477228004,0.07468382768355754,0.07307049087136658,0.0669070787562576,0.6526408777127162,True,True,True,0.011638510290593443,0.011854360711261619,True,1.1912052327280164e-07,False,False,False,False
informativo,50,47,20261775,5,250,12500,0.03,1.0,0.5,0.03,0.01,0.029472786583849712,0.0011182974117998341,0.02701737294325167,0.03145925709655038,0.029648535564853556,0.02767364016736401,0.031623430962343095,1.0,0.037943389187795044,0.7436904280807828,0.07701349822053816,0.0753556868581396,0.0669070787562576,0.6566727187582244,True,True,True,0.017888142834759434,0.011854360711261619,True,2.779539861688551e-07,False,False,False,False
informativo,50,48,20261776,5,250,12500,0.03,1.0,0.5,0.03,0.01,0.028795714957411515,0.0010990285067514966,0.026368737669775114,0.030719861548142907,0.028661087866108784,0.026686192468619245,0.030635983263598322,1.0,0.03816639067225611,0.7480612571762197,0.07733760605717974,0.07555158614403304,0.06923382574746274,0.672113018343936,True,True,True,0.041821675355850796,0.046715328467153226,True,1.4503024638023471e-06,False,False,False,False
informativo,50,49,20261777,5,250,12500,0.03,1.0,0.5,0.03,0.01,0.029371830451382794,0.0011222155672334557,0.026898871904031695,0.03136782571231008,0.02915481171548117,0.02717991631799163,0.03112970711297071,1.0,0.038207205679298174,0.7488612313142442,0.07778366452402052,0.07607550737560506,0.06805047936861056,0.658929818059273,True,True,True,0.02138680289800014,0.028989667049368603,True,3.945969818099432e-07,False,False,False,False
informativo,50,50,20261778,5,250,12500,0.03,1.0,0.5,0.03,0.01,0.028635137132993246,0.0011082044445558806,0.02622642529669798,0.03057753303684689,0.028661087866108784,0.026686192468619245,0.030635983263598322,1.0,0.03870086039430953,0.7585368637284668,0.07768328193051462,0.07597497647628844,0.06923382574746274,0.6758820397999049,True,True,True,0.04766391935431528,0.046715328467153226,True,1.8628506457338922e-06,False,False,False,False
informativo,50,51,20261779,5,250,12500,0.03,1.0,0.5,0.03,0.01,0.0299664224979214,0.0011279237535189437,0.027489290981980722,0.031969767716068374,0.030142259414225936,0.028167364016736397,0.032117154811715475,1.0,0.037639586560497214,0.7377358965857453,0.07638817070329294,0.07475828545096495,0.06580162660228873,0.6458553701810735,True,True,True,0.0011205041936829473,0.004719600222098776,True,1.12744864583821e-09,False,False,False,False
informativo,50,52,20261780,5,250,12500,0.03,1.0,0.5,0.03,0.01,0.030968922437871672,0.0011374234799456902,0.028473329782417463,0.032986047676617065,0.03112970711297071,0.02915481171548117,0.03310460251046025,1.0,0.03672789979139678,0.7198668359113769,0.07439876787926804,0.07285881359373732,0.06369722515988155,0.6249482827251891,True,True,True,0.03128692771973192,0.03629032258064519,True,9.388106906111869e-07,False,False,False,False
informativo,50,53,20261781,5,250,12500,0.03,1.0,0.5,0.03,0.01,0.029127129914712366,0.0011138668815277837,0.026711455696576628,0.031078196293193836,0.02915481171548117,0.02717991631799163,0.03112970711297071,1.0,0.03824155983748882,0.7495345728147809,0.07660757747353807,0.07496002196926943,0.06805047936861056,0.664465567052716,True,True,True,0.02996759680213941,0.028989667049368603,True,7.619021857900387e-07,False,False,False,False
informativo,50,54,20261782,5,250,12500,0.03,1.0,0.5,0.03,0.01,0.030040370389117388,0.0011280670679168366,0.02758171064222185,0.03203105187266824,0.030142259414225936,0.028167364016736397,0.032117154811715475,1.0,0.03755170303510962,0.7360133794881486,0.07564471705298556,0.07405603148052789,0.06580162660228873,0.64426552151996,True,True,True,0.0013438712171144828,0.004719600222098776,True,1.6297683174893997e-09,False,False,False,False
informativo,50,55,20261783,5,250,12500,0.03,1.0,0.5,0.03,0.01,0.03229772251208022,0.0011353530922184679,0.02980427606111164,0.034319294686112015,0.032117154811715475,0.030142259414225936,0.03409205020920502,1.0,0.03515272916825064,0.6889934916977126,0.07128276187078786,0.06989685763929074,0.061723740996997,0.5992365216512899,True,True,True,0.07114193612942252,0.06591974986972371,True,5.2795287425202395e-06,False,False,False,False
informativo,50,56,20261784,5,250,12500,0.03,1.0,0.5,0.03,0.01,0.028689336881266292,0.0011151786166364703,0.02625561292929827,0.030625127185872247,0.028661087866108784,0.026686192468619245,0.030635983263598322,1.0,0.038870839756657644,0.7618684592304897,0.0779513449853535,0.07615223514328076,0.06923382574746274,0.6746051669125659,True,True,True,0.04568467804459956,0.046715328467153226,True,1.7178378108087674e-06,False,False,False,False
informativo,50,57,20261785,5,250,12500,0.03,1.0,0.5,0.03,0.01,0.028477949706575762,0.0011217842634299068,0.02601302499523778,0.030471203145237817,0.028661087866108784,0.026686192468619245,0.030635983263598322,1.0,0.03939132820263668,0.772070032771679,0.08008583006663123,0.07827421208224501,0.06923382574746274,0.6796126510093705,True,True,True,0.05344662481347036,0.046715328467153226,True,2.3166370957128053e-06,False,False,False,False
informativo,50,58,20261786,5,250,12500,0.03,1.0,0.5,0.03,0.01,0.029402133474261183,0.0011073730582896477,0.026960085736554375,0.031369358746284645,0.02915481171548117,0.02767364016736401,0.03112970711297071,1.0,0.03766301718407779,0.7381951368079246,0.0766459001691461,0.0749821949755819,0.058481845287448334,0.5759693611450879,True,True,True,0.020334120524355438,0.028989667049368603,True,3.574443825990024e-07,False,False,False,False
informativo,50,59,20261787,5,250,12500,0.03,1.0,0.5,0.03,0.01,0.029999543672232447,0.0010946460474847617,0.02761485857205613,0.031941219540805,0.030142259414225936,0.028167364016736397,0.032117154811715475,1.0,0.036488756610586884,0.7151796295675029,0.07357208902154799,0.07210711296174387,0.06580162660228873,0.6451423097249143,True,True,True,1.521115696078823e-05,0.004719600222098776,True,2.0823503143904332e-13,False,False,False,False
informativo,50,60,20261788,5,250,12500,0.03,1.0,0.5,0.03,0.01,0.029432609425686467,0.0011286148413084838,0.026948902602887546,0.0314408025898495,0.029648535564853556,0.02767364016736401,0.031623430962343095,1.0,0.038345728201846674,0.7515762727561948,0.0780178793205978,0.07630821858156037,0.0669070787562576,0.6575691137499647,True,True,True,0.019277617084754936,0.011854360711261619,True,3.2193206381983937e-07,False,False,False,False
informativo,50,61,20261789,5,250,12500,0.03,1.0,0.5,0.03,0.01,0.030540510422103255,0.0011185425377903066,0.028110072953463593,0.03251525426434377,0.030635983263598322,0.028661087866108784,0.03261087866108786,1.0,0.03662488027642058,0.7178476534178433,0.073597143121057,0.07212029612465137,0.06473225707965503,0.633714847194902,True,True,True,0.017698146318866605,0.020759355367385834,True,2.921515164022401e-07,False,False,False,False
informativo,50,62,20261790,5,250,12500,0.03,1.0,0.5,0.03,0.01,0.03003974484960637,0.0011183766739875317,0.027606758051843865,0.03201561568674406,0.030142259414225936,0.028167364016736397,0.032117154811715475,1.0,0.03722989924137743,0.7297060251309975,0.07492298161547539,0.07338373972503913,0.06580162660228873,0.6442789375306923,True,True,True,0.0013230754723569048,0.004719600222098776,True,1.5796530702331798e-09,False,False,False,False
informativo,50,63,20261791,5,250,12500,0.03,1.0,0.5,0.03,0.01,0.029364735434382644,0.001119338705354064,0.026897374064919377,0.0313542423250755,0.02915481171548117,0.02717991631799163,0.03112970711297071,1.0,0.03811846722935056,0.747121957695271,0.07759249205405641,0.07588810514086318,0.06805047936861056,0.6590890266539318,True,True,True,0.02163358723380611,0.028989667049368603,True,4.0356106832900677e-07,False,False,False,False
informativo,50,64,20261792,5,250,12500,0.03,1.0,0.5,0.03,0.01,0.03128667195811844,0.0011554665420625177,0.028764165563843758,0.03334832104732262,0.03112970711297071,0.02915481171548117,0.03310460251046025,1.0,0.036931590026873753,0.7238591645267256,0.07475890966204081,0.07326051632489691,0.06369722515988155,0.6186012664212245,True,True,True,0.04112524207882611,0.03629032258064519,True,1.6555247278083454e-06,False,False,False,False
informativo,50,65,20261793,5,250,12500,0.03,1.0,0.5,0.03,0.01,0.028860037614540052,0.0011092586203568394,0.026411715172482437,0.030825986989888882,0.028661087866108784,0.026686192468619245,0.030635983263598322,1.0,0.0384357995361025,0.7533416709076091,0.07823703320634996,0.0764772360376703,0.06923382574746274,0.6706150266986034,True,True,True,0.039499684674202194,0.046715328467153226,True,1.2995142402635316e-06,False,False,False,False
informativo,50,66,20261794,5,250,12500,0.03,1.0,0.5,0.03,0.01,0.02993435184956334,0.0011120992840867505,0.027487278270282748,0.031911699719571876,0.030142259414225936,0.028167364016736397,0.032117154811715475,1.0,0.03715127321532345,0.7281649550203396,0.07549438936329718,0.07390207530672938,0.06580162660228873,0.6465473176991403,True,True,True,0.002193070715764023,0.004719600222098776,True,4.309679655754037e-09,False,False,False,False
informativo,50,67,20261795,5,250,12500,0.03,1.0,0.5,0.03,0.01,0.03067273705398832,0.0011061272189610838,0.028250321091640763,0.032593933695863234,0.030635983263598322,0.028661087866108784,0.03261087866108786,1.0,0.03606222741107664,0.706819657257102,0.07234582183476028,0.07080575490503348,0.06473225707965503,0.6309829755763814,True,True,True,0.021932736319038283,0.020759355367385834,True,4.5257514380888433e-07,False,False,False,False
informativo,50,68,20261796,5,250,12500,0.03,1.0,0.5,0.03,0.01,0.03012187544562639,0.0011144630496756295,0.02770328674511269,0.03207191747214044,0.030142259414225936,0.028167364016736397,0.032117154811715475,1.0,0.036998461523000764,0.7251698458508149,0.07405273889214724,0.07251591513472752,0.06580162660228873,0.6425222403675936,True,True,True,0.004046077603846143,0.004719600222098776,True,1.4853624246631246e-08,False,False,False,False
informativo,50,69,20261797,5,250,12500,0.03,1.0,0.5,0.03,0.01,0.030026327413949356,0.0011391312388813273,0.02753576351911217,0.032037030950875234,0.030142259414225936,0.028167364016736397,0.032117154811715475,1.0,0.03793774786962858,0.7435798582447201,0.07660509447173056,0.07495534451662418,0.06580162660228873,0.6445668372485069,True,True,True,0.0008768109927797951,0.004719600222098776,True,6.931327252607992e-10,False,False,False,False
informativo,50,70,20261798,5,250,12500,0.03,1.0,0.5,0.03,0.01,0.02847337865228884,0.001095040556546782,0.026070895157676802,0.030417371352949345,0.028661087866108784,0.026686192468619245,0.030142259414225936,1.0,0.03845839898099893,0.7537846200275791,0.07803127268615945,0.07632526242057246,0.06157187855463036,0.5947565352280904,True,True,True,0.053615742843655737,0.046715328467153226,True,2.33057273928743e-06,False,False,False,False
informativo,50,71,20261799,5,250,12500,0.03,1.0,0.5,0.03,0.01,0.03040320867924932,0.0011323183202845359,0.027911433873203568,0.03241944774205334,0.030635983263598322,0.028167364016736397,0.03261087866108786,1.0,0.03724338217818968,0.7299702906925176,0.07573330467710107,0.07413713987245306,0.07410026086157047,0.7161488113648591,True,True,True,0.013262043605434214,0.020759355367385834,True,1.625772390219827e-07,False,False,False,False
informativo,50,72,20261800,5,250,12500,0.03,1.0,0.5,0.03,0.01,0.02982049110632885,0.0011063678619973622,0.027378408378181313,0.03177486088090988,0.029648535564853556,0.02767364016736401,0.031623430962343095,1.0,0.03710092694491393,0.727178168120313,0.07535209413856939,0.07371529340433135,0.0669070787562576,0.6490159677916902,True,True,True,0.0060196491409575965,0.011854360711261619,True,3.2223442907039996e-08,False,False,False,False
informativo,50,73,20261801,5,250,12500,0.03,1.0,0.5,0.03,0.01,0.03184718640783592,0.001112384305372492,0.029393798846059877,0.033823625804575284,0.031623430962343095,0.030142259414225936,0.033598326359832634,1.0,0.034928809444177235,0.6846046651058737,0.07094992770159574,0.0695481682712395,0.05395947180305947,0.531749581159423,True,True,True,0.05800155731752252,0.05133633236305904,True,3.4120976252937642e-06,False,False,False,False
informativo,50,74,20261802,5,250,12500,0.03,1.0,0.5,0.03,0.01,0.029208227644060503,0.0011040178964957519,0.026785104944907656,0.03112092997086507,0.02915481171548117,0.02717991631799163,0.03112970711297071,1.0,0.03779818172980633,0.740844361904204,0.0759628128969914,0.07422266559263663,0.06805047936861056,0.6626206537161494,True,True,True,0.027107853498960992,0.028989667049368603,True,6.269034636299804e-07,False,False,False,False
informativo,50,75,20261803,5,250,12500,0.03,1.0,0.5,0.03,0.01,0.029328217900835663,0.0011258294671538398,0.026851261082312228,0.03132770626267473,0.02915481171548117,0.02717991631799163,0.03112970711297071,1.0,0.03838724435833386,0.7523899894233435,0.0780361192297708,0.07631635163613122,0.06805047936861056,0.6599096801870806,True,True,True,0.022905656983174223,0.028989667049368603,True,4.5129118875764136e-07,False,False,False,False
informativo,50,76,20261804,5,250,12500,0.03,1.0,0.5,0.03,0.01,0.030266038385332216,0.001126152213495378,0.027795349574882788,0.03225704081036876,0.030142259414225936,0.028167364016736397,0.032117154811715475,1.0,0.03720844463215719,0.7292855147902808,0.07530580078889386,0.07370788305165558,0.06580162660228873,0.6394617838315095,True,True,True,0.008789996957816086,0.004719600222098776,True,7.077642247017329e-08,False,False,False,False
informativo,50,77,20261805,5,250,12500,0.03,1.0,0.5,0.03,0.01,0.03122526535725182,0.0011329539920507373,0.028749827971338966,0.03322611764343811,0.03112970711297071,0.02915481171548117,0.03310460251046025,1.0,0.036283246245899965,0.7111516264196394,0.07316097361337554,0.07167736800448933,0.06369722515988155,0.61981778774228,True,True,True,0.039239549871984275,0.03629032258064519,True,1.5012751956814338e-06,False,False,False,False
informativo,50,78,20261806,5,250,12500,0.03,1.0,0.5,0.03,0.01,0.028414487734220277,0.0011116967064766007,0.02596316035662328,0.030390364630308312,0.028167364016736397,0.026686192468619245,0.030142259414225936,1.0,0.03912429169496364,0.7668361172212873,0.07971607914125145,0.07790399593150577,0.06051122429631701,0.5959892077546719,True,True,True,0.05579943163537123,0.06506238859180051,True,2.5138491449379475e-06,False,False,False,False
informativo,50,79,20261807,5,250,12500,0.03,1.0,0.5,0.03,0.01,0.029324710901247428,0.0011265930467345864,0.026846860879211194,0.03132549696196641,0.02915481171548117,0.02717991631799163,0.03112970711297071,1.0,0.03841787394012,0.752990329226352,0.07808327789809807,0.07636283436582324,0.06805047936861056,0.6599886000776972,True,True,True,0.02302798827332495,0.028989667049368603,True,4.560153668940598e-07,False,False,False,False
informativo,50,80,20261808,5,250,12500,0.03,1.0,0.5,0.03,0.01,0.029319036104880583,0.001126059482996868,0.02684252688905044,0.03131754732647379,0.02915481171548117,0.02717991631799163,0.03112970711297071,1.0,0.03840711130368365,0.7527793815521995,0.07803754106870817,0.07631595427310815,0.06805047936861056,0.6601163430531648,True,True,True,0.02322599872258621,0.028989667049368603,True,4.637118264562067e-07,False,False,False,False
informativo,50,81,20261809,5,250,12500,0.03,1.0,0.5,0.03,0.01,0.030160327452423533,0.0011402186937097848,0.02769524750997985,0.03215204964696413,0.030142259414225936,0.028167364016736397,0.032117154811715475,1.0,0.03780524914752418,0.7409828832914739,0.07547715050837212,0.07388517488768435,0.06580162660228873,0.6417030758677087,True,True,True,0.0053158392486436406,0.004719600222098776,True,2.57048920006207e-08,False,False,False,False
informativo,50,82,20261810,5,250,12500,0.03,1.0,0.5,0.03,0.01,0.031856751815748485,0.0011226169812923535,0.02938370126359419,0.033855006244992616,0.031623430962343095,0.030142259414225936,0.03409205020920502,1.0,0.03523953062714273,0.6906948002919975,0.07159396114393778,0.07017829387094046,0.060774887240138534,0.6075313329913884,True,True,True,0.05828440471544233,0.05133633236305904,True,3.447527305285301e-06,False,False,False,False
informativo,50,83,20261811,5,250,12500,0.03,1.0,0.5,0.03,0.01,0.029501186394007256,0.0011136359403814157,0.027064478088860144,0.03147649205249095,0.029648535564853556,0.02767364016736401,0.031623430962343095,1.0,0.03774885272436484,0.7398775133975507,0.07639419903228724,0.07477689040544898,0.0669070787562576,0.6560405617900503,True,True,True,0.01690825580133513,0.011854360711261619,True,2.488150135234833e-07,False,False,False,False
informativo,50,84,20261812,5,250,12500,0.03,1.0,0.5,0.03,0.01,0.029283859562341235,0.001131079981141331,0.02680429459270753,0.03128773007714569,0.02915481171548117,0.02717991631799163,0.03112970711297071,1.0,0.038624689437996386,0.7570439129847291,0.07827639314868547,0.07655130763917158,0.06805047936861056,0.6609092921715315,True,True,True,0.024455124712444414,0.028989667049368603,True,5.128571264500859e-07,False,False,False,False
informativo,50,85,20261813,5,250,12500,0.03,1.0,0.5,0.03,0.01,0.02876707681204779,0.0011319319576333572,0.026290430444509048,0.0307673482153947,0.028661087866108784,0.026686192468619245,0.030635983263598322,1.0,0.03934817447837796,0.7712242197762079,0.0796080693265097,0.0778132203027785,0.06923382574746274,0.6727821190122432,True,True,True,0.04285882768025466,0.046715328467153226,True,1.5200995873902399e-06,False,False,False,False
informativo,50,86,20261814,5,250,12500,0.03,1.0,0.5,0.03,0.01,0.030685811725305153,0.0011434819932716331,0.028206816321357044,0.032699327800836855,0.030635983263598322,0.028661087866108784,0.03261087866108786,1.0,0.037264192438769904,0.7303781717998901,0.07473153803280955,0.07320177024639447,0.06473225707965503,0.630714125102878,True,True,True,0.022349473152101708,0.020759355367385834,True,4.7033772256603227e-07,False,False,False,False
informativo,50,87,20261815,5,250,12500,0.03,1.0,0.5,0.03,0.01,0.032017679661278296,0.0011452195274193509,0.029516965587440932,0.034033618853135376,0.032117154811715475,0.030142259414225936,0.03409205020920502,1.0,0.03576834859786427,0.7010596325181396,0.07197750222858064,0.07053373813276072,0.061723740996997,0.6044777479238733,True,True,True,0.0630176728177604,0.06591974986972371,True,4.071031215536105e-06,False,False,False,False
informativo,50,88,20261816,5,250,12500,0.03,1.0,0.5,0.03,0.01,0.029616779873661382,0.0011244648746293181,0.02718853031955088,0.03158396981377419,0.029648535564853556,0.02767364016736401,0.031623430962343095,1.0,0.0379671550866109,0.7441562396975737,0.07579799181796992,0.07420522273139213,0.0669070787562576,0.653480053468246,True,True,True,0.012939290766023532,0.011854360711261619,True,1.468576652309854e-07,False,False,False,False
informativo,50,89,20261817,5,250,12500,0.03,1.0,0.5,0.03,0.01,0.029694736525809708,0.001121506935489833,0.027247441646920115,0.03164496689307939,0.029648535564853556,0.02767364016736401,0.031623430962343095,1.0,0.037767869552068775,0.7402502432205479,0.0757229361192431,0.07404553400123771,0.0669070787562576,0.6517644929624367,True,True,True,0.010280053299175192,0.011854360711261619,True,9.318578867472662e-08,False,False,False,False
informativo,50,90,20261818,5,250,12500,0.03,1.0,0.5,0.03,0.01,0.029624562901611223,0.001135885812516225,0.027177810168911437,0.03160517180600994,0.029648535564853556,0.02767364016736401,0.031623430962343095,1.0,0.03834270285400384,0.7515169759384752,0.07634741494188914,0.07472450567123318,0.0669070787562576,0.6533083698036566,True,True,True,0.012673169208797077,0.011854360711261619,True,1.4095301484658318e-07,False,False,False,False
informativo,50,91,20261819,5,250,12500,0.03,1.0,0.5,0.03,0.01,0.03008645387411489,0.0011256746401733905,0.02765373239235899,0.03206223220704026,0.030142259414225936,0.028167364016736397,0.032117154811715475,1.0,0.037414666576637445,0.7333274649020939,0.0747970247694872,0.07326386541143953,0.06580162660228873,0.6432786986587614,True,True,True,0.002873514920589457,0.004719600222098776,True,7.474272349473559e-09,False,False,False,False
informativo,50,92,20261820,5,250,12500,0.03,1.0,0.5,0.03,0.01,0.03242861119951557,0.0011239102050309745,0.029959976079172296,0.03442620102585261,0.03261087866108786,0.030635983263598322,0.034585774058577406,1.0,0.03465798143855645,0.6792964361957063,0.07021152151511635,0.06886241472386936,0.06078232027373373,0.5968178771617154,True,True,True,0.0748910024106074,0.08006158583525777,True,5.898152358412446e-06,False,False,False,False
informativo,50,93,20261821,5,250,12500,0.03,1.0,0.5,0.03,0.01,0.02680946248660947,0.0010875269834934721,0.024403317146349246,0.028695863276258057,0.026686192468619245,0.024711297071129706,0.028661087866108784,1.0,0.04056504243741028,0.7950748317732415,0.08216841763121115,0.08005654966138932,0.07441191810382117,0.7219083525103949,True,True,True,0.11900788816575882,0.12417685794920039,False,1.0179529624352215e-05,True,False,True,False
informativo,50,94,20261822,5,250,12500,0.03,1.0,0.5,0.03,0.01,0.030039112225923918,0.001138083856991168,0.027554322523095583,0.03204507930508932,0.030142259414225936,0.028167364016736397,0.032117154811715475,1.0,0.03788673408293989,0.7425799880256218,0.07638807115423489,0.07474849370079233,0.06580162660228873,0.6442925060446657,True,True,True,0.001302043337025225,0.004719600222098776,True,1.5297662167237073e-09,False,False,False,False
informativo,50,95,20261823,5,250,12500,0.03,1.0,0.5,0.03,0.01,0.03008981475351276,0.0011215853054604723,0.02767095573994869,0.03205878980760956,0.030142259414225936,0.028167364016736397,0.032117154811715475,1.0,0.037274583265074296,0.7305818319954561,0.07441636123315608,0.07291228117561979,0.06580162660228873,0.643206847697128,True,True,True,0.002984888881786034,0.004719600222098776,True,8.066689948557779e-09,False,False,False,False
informativo,50,96,20261824,5,250,12500,0.03,1.0,0.5,0.03,0.01,0.030103511772448147,0.0011026406868933525,0.02770644270685282,0.03204125216650819,0.030142259414225936,0.028167364016736397,0.032117154811715475,1.0,0.0366283075286429,0.7179148275614008,0.07349654595049396,0.07199840158885959,0.06580162660228873,0.6429141902676935,True,True,True,0.003438528143513437,0.004719600222098776,True,1.0714687035357107e-08,False,False,False,False
informativo,50,97,20261825,5,250,12500,0.03,1.0,0.5,0.03,0.01,0.03074212272346757,0.0011277881359837052,0.0282721368549442,0.03273259966495495,0.030635983263598322,0.028661087866108784,0.03261087866108786,1.0,0.03668543470886567,0.7190345202937671,0.07408744974588162,0.07254643490518918,0.06473225707965503,0.6295588326639286,True,True,True,0.024140256355852045,0.020759355367385834,True,5.507461366869262e-07,False,False,False,False
informativo,50,98,20261826,5,250,12500,0.03,1.0,0.5,0.03,0.01,0.030969909019335076,0.0011310538253209142,0.0284887819287646,0.03297642694701212,0.03112970711297071,0.02915481171548117,0.03310460251046025,1.0,0.03652105741139817,0.715812725263404,0.07396920511636232,0.07245169844454175,0.06369722515988155,0.6249283742911366,True,True,True,0.03131778716978303,0.03629032258064519,True,9.407235057875301e-07,False,False,False,False
informativo,50,99,20261827,5,250,12500,0.03,1.0,0.5,0.03,0.01,0.03041269448635231,0.001117566825214015,0.02795172202103252,0.03240087205113706,0.030635983263598322,0.028661087866108784,0.03261087866108786,1.0,0.03674672185706935,0.7202357483985592,0.074702766693905,0.07314626515748368,0.06473225707965503,0.6363781710983408,True,True,True,0.013569810019217811,0.020759355367385834,True,1.703167390655976e-07,False,False,False,False
informativo,100,0,20262728,5,250,25000,0.03,1.0,0.5,0.03,0.01,0.03147705360480091,0.0008081219857408631,0.02966426279516774,0.0328670914452338,0.031623430962343095,0.030142259414225936,0.03261087866108786,1.0,0.025673368158499042,0.5031980159065812,0.05170147694695502,0.050875610695302866,0.03970953467672634,0.3842873752255676,True,True,True,0.046924773307741495,0.05133633236305904,True,2.181687351455362e-06,False,False,False,False
informativo,100,1,20262729,5,250,25000,0.03,1.0,0.5,0.03,0.01,0.02830178929762254,0.0007827664254876648,0.02648187138156003,0.02960138924967655,0.028167364016736397,0.02717991631799163,0.029648535564853556,1.0,0.027657842310112184,0.5420937092781988,0.056313252214959475,0.055111672186368976,0.04314385612927169,0.4274017512609905,True,True,True,0.060003651518956,0.06506238859180051,False,2.8839195896693473e-06,False,False,False,False
informativo,100,2,20262730,5,250,25000,0.03,1.0,0.5,0.03,0.01,0.029950903638985088,0.0007791862786040708,0.028189722447046234,0.031260704725563825,0.030142259414225936,0.028661087866108784,0.03112970711297071,1.0,0.026015451419965044,0.5099028478313148,0.052187642697978265,0.05126693864622332,0.04169963111215758,0.4038687598686863,True,True,True,0.00163922803821535,0.004719600222098776,True,2.410452664906461e-09,False,False,False,False
informativo,100,3,20262731,5,250,25000,0.03,1.0,0.5,0.03,0.01,0.030560568976425173,0.000801015354374532,0.028729648565129426,0.031936785587289324,0.030635983263598322,0.02915481171548117,0.032117154811715475,1.0,0.026210747417446507,0.5137306493819516,0.05341059782585537,0.052471814654922254,0.04846072180485313,0.4749741793991311,True,True,True,0.0183428841543364,0.020759355367385834,True,3.1423757733036756e-07,False,False,False,False
informativo,100,4,20262732,5,250,25000,0.03,1.0,0.5,0.03,0.01,0.028984411317459227,0.0007846283442234498,0.027208271620504453,0.030316269251994963,0.02915481171548117,0.02767364016736401,0.030142259414225936,1.0,0.027070701406683953,0.5305857475710054,0.0546057601996977,0.053614986301590985,0.043141204186029125,0.41733586296220787,True,True,True,0.03503913436147698,0.028989667049368603,True,1.0314203721049004e-06,False,False,False,False
informativo,100,5,20262733,5,250,25000,0.03,1.0,0.5,0.03,0.01,0.02954198427008928,0.0007898020338086699,0.027735649117326143,0.030897005247045136,0.029648535564853556,0.028167364016736397,0.030635983263598322,1.0,0.0267349013047959,0.5240040655739996,0.0544914504539356,0.05350615755556759,0.042408150466861534,0.4094591006153452,True,True,True,0.015503891875484043,0.011854360711261619,True,2.0977840884564758e-07,False,False,False,False
informativo,100,6,20262734,5,250,25000,0.03,1.0,0.5,0.03,0.01,0.030033839775798262,0.000784995821293981,0.02823427929064513,0.03137886756285589,0.030142259414225936,0.028661087866108784,0.03112970711297071,1.0,0.026137044985055254,0.5122860817070829,0.05330042619270385,0.05235075327838566,0.04169963111215758,0.4027535073743973,True,True,True,0.001126721593072304,0.004719600222098776,True,1.1451304260767212e-09,False,False,False,False
informativo,100,7,20262735,5,250,25000,0.03,1.0,0.5,0.03,0.01,0.02936192812602326,0.0007833489832840731,0.027566951392347605,0.030632434984918324,0.02915481171548117,0.028167364016736397,0.030635983263598322,1.0,0.026679071616887335,0.5229098036909917,0.05329461272327039,0.05220167387191789,0.041701946437071855,0.41197002654953807,True,True,True,0.021731266122513943,0.028989667049368603,True,4.071357163601871e-07,False,False,False,False
informativo,100,8,20262736,5,250,25000,0.03,1.0,0.5,0.03,0.01,0.029100956611696593,0.0007810728598259576,0.027290850873484523,0.030439811500059918,0.02915481171548117,0.02767364016736401,0.030142259414225936,1.0,0.026840109424857178,0.5260661447272006,0.05515507318054442,0.05410407411331847,0.043141204186029125,0.4156644907254208,True,True,True,0.030893946212821388,0.028989667049368603,True,8.082790140520679e-07,False,False,False,False
informativo,100,9,20262737,5,250,25000,0.03,1.0,0.5,0.03,0.01,0.029862858787651027,0.0007958819391563395,0.028035755178491804,0.031174995139757626,0.029648535564853556,0.028661087866108784,0.03112970711297071,1.0,0.026651230708208514,0.5223641218808869,0.053629931936352834,0.05256094173013284,0.04101659995290792,0.4050594886322639,True,True,True,0.004592367171681672,0.011854360711261619,True,1.8807712124545855e-08,False,False,False,False
informativo,100,10,20262738,5,250,25000,0.03,1.0,0.5,0.03,0.01,0.027804042794106934,0.000778109117595702,0.025994059594761934,0.02909929106130613,0.02767364016736401,0.026686192468619245,0.02915481171548117,1.0,0.02798546683867938,0.5485151500381158,0.057070990785190796,0.05584136611964842,0.04390293449173552,0.43505307480634536,True,True,True,0.07897978082376204,0.08406410644088311,False,4.822228050113676e-06,False,False,False,False
informativo,100,11,20262739,5,250,25000,0.03,1.0,0.5,0.03,0.01,0.029777716690003037,0.0007879953526435911,0.027945061315788052,0.031085787191034997,0.029648535564853556,0.028661087866108784,0.03112970711297071,1.0,0.026462584786030172,0.5186666618061914,0.05383001416426763,0.05273617698668864,0.04101659995290792,0.40621765716793107,True,True,True,0.007464753335892524,0.011854360711261619,True,4.9409869903205656e-08,False,False,False,False
informativo,100,12,20262740,5,250,25000,0.03,1.0,0.5,0.03,0.01,0.03016586199295877,0.0007884604958562126,0.028330444394709588,0.03150667640475595,0.030142259414225936,0.028661087866108784,0.031623430962343095,1.0,0.026137509216221065,0.5122951806379328,0.053671283725165775,0.0526461337452871,0.04925830994566591,0.4811890067963676,True,True,True,0.0054983342759270925,0.004719600222098776,True,2.751020070825525e-08,False,False,False,False
informativo,100,13,20262741,5,250,25000,0.03,1.0,0.5,0.03,0.01,0.029352948243466532,0.0007902232411343909,0.027534507473791735,0.030635103930368255,0.02915481171548117,0.028167364016736397,0.030635983263598322,1.0,0.026921426583112695,0.5276599610290088,0.05394737396774219,0.05281575858852033,0.041701946437071855,0.4120960596288943,True,True,True,0.022043842109709926,0.028989667049368603,True,4.1867597563304505e-07,False,False,False,False
informativo,100,14,20262742,5,250,25000,0.03,1.0,0.5,0.03,0.01,0.030022121571252912,0.0007932368177254231,0.02821637857783046,0.03138327251575939,0.030142259414225936,0.028661087866108784,0.03112970711297071,1.0,0.026421744240919046,0.5178661871220133,0.05368406588325677,0.05274267393816242,0.04169963111215758,0.40291070972165877,True,True,True,0.0007368423713964489,0.004719600222098776,True,4.893639146977057e-10,False,False,False,False
informativo,100,15,20262743,5,250,25000,0.03,1.0,0.5,0.03,0.01,0.029115642058392472,0.0007974007282581159,0.027278681092567186,0.030481684423111187,0.02915481171548117,0.02767364016736401,0.030635983263598322,1.0,0.02738736541199744,0.5367923620751498,0.05607786038730414,0.055004854849504306,0.05093513820641687,0.49854580374483254,True,True,True,0.03037398041348055,0.028989667049368603,True,7.820889688843019e-07,False,False,False,False
informativo,100,16,20262744,5,250,25000,0.03,1.0,0.5,0.03,0.01,0.028864946588494977,0.0007886161434897574,0.027053278028881453,0.030143760091138214,0.028661087866108784,0.02767364016736401,0.030142259414225936,1.0,0.027320893910958592,0.5354895206547884,0.05469525724768643,0.05353347966160049,0.04241062696244253,0.41906311077134517,True,True,True,0.03932290011433565,0.046715328467153226,True,1.2883462469691877e-06,False,False,False,False
informativo,100,17,20262745,5,250,25000,0.03,1.0,0.5,0.03,0.01,0.029689017877582807,0.0007787994198725748,0.027869083597870416,0.0310116692930117,0.029648535564853556,0.028167364016736397,0.03112970711297071,1.0,0.026231902418726367,0.5141452874070368,0.05397655125080464,0.05292505309706029,0.05008265769650978,0.48891752604953237,True,True,True,0.010474651728105968,0.011854360711261619,True,9.670988046310156e-08,False,False,False,False
informativo,100,18,20262746,5,250,25000,0.03,1.0,0.5,0.03,0.01,0.030221701452812205,0.0007937259707836031,0.028373525169221217,0.031554468036136,0.030142259414225936,0.02915481171548117,0.031623430962343095,1.0,0.026263444234697283,0.5147635070000667,0.053687183964084256,0.05262679984913271,0.04035345186660591,0.4002499438527756,True,True,True,0.007335836241992197,0.004719600222098776,True,4.915153417904264e-08,False,False,False,False
informativo,100,19,20262747,5,250,25000,0.03,1.0,0.5,0.03,0.01,0.03009716035199996,0.0007969892585345015,0.028262479446964438,0.0314634206346799,0.030142259414225936,0.028661087866108784,0.031623430962343095,1.0,0.026480546643382636,0.5190187142102995,0.054169774196228766,0.05317679725062097,0.04925830994566591,0.48228739860448555,True,True,True,0.003228223223175561,0.004719600222098776,True,9.440134000756679e-09,False,False,False,False
informativo,100,20,20262748,5,250,25000,0.03,1.0,0.5,0.03,0.01,0.03129713240433474,0.0007992077672776005,0.029446749565090507,0.032602999799075376,0.03112970711297071,0.030142259414225936,0.03261087866108786,1.0,0.025536134012293984,0.5005082266409621,0.05144593386003748,0.0504239524760377,0.039089565757454876,0.38649656950513683,True,True,True,0.04144572696235524,0.03629032258064519,True,1.68255247437522e-06,False,False,False,False
informativo,100,21,20262749,5,250,25000,0.03,1.0,0.5,0.03,0.01,0.029955184841965292,0.0007913238298046761,0.02817853658393799,0.03129898548234534,0.030142259414225936,0.028661087866108784,0.03112970711297071,1.0,0.026416923613707174,0.5177717028286606,0.052992009357146666,0.05208528865486754,0.04169963111215758,0.4038110388381708,True,True,True,0.0014960734934916075,0.004719600222098776,True,2.0083983896757616e-09,False,False,False,False
informativo,100,22,20262750,5,250,25000,0.03,1.0,0.5,0.03,0.01,0.03180462382243229,0.0007965121499014156,0.029964304762362545,0.0331014577390224,0.031623430962343095,0.030635983263598322,0.03310460251046025,1.0,0.025043910418447498,0.49086064420157094,0.05029729610534641,0.0493191335035878,0.03848689725190704,0.3803294255941418,True,True,True,0.05674092649256444,0.05133633236305904,True,3.2566671404901444e-06,False,False,False,False
informativo,100,23,20262751,5,250,25000,0.03,1.0,0.5,0.03,0.01,0.02941077673953251,0.0007895506138241239,0.027625764141387857,0.030728046283974263,0.029648535564853556,0.028167364016736397,0.030635983263598322,1.0,0.026845622637461628,0.5261742036942478,0.05374134652006069,0.05274056802478922,0.042408150466861534,0.4112857819686303,True,True,True,0.020034263823963627,0.011854360711261619,True,3.4718405067593683e-07,False,False,False,False
informativo,100,24,20262752,5,250,25000,0.03,1.0,0.5,0.03,0.01,0.03060478332335742,0.0007967374682373563,0.02876686028708153,0.03196876832259311,0.030635983263598322,0.02915481171548117,0.032117154811715475,1.0,0.026033102728399,0.5102488134766203,0.053278231319117735,0.052310581677405564,0.04846072180485313,0.4742879901544653,True,True,True,0.019761071887604443,0.020759355367385834,True,3.6576286821124784e-07,False,False,False,False
informativo,100,25,20262753,5,250,25000,0.03,1.0,0.5,0.03,0.01,0.02976662643622905,0.0007888930448636405,0.027930363601892685,0.031079904333599914,0.029648535564853556,0.028661087866108784,0.03112970711297071,1.0,0.02650260171584229,0.5194509936305088,0.05399960562158636,0.05290389118254115,0.04101659995290792,0.4063690030691912,True,True,True,0.00784010792324473,0.011854360711261619,True,5.446322026715301e-08,False,False,False,False
informativo,100,26,20262754,5,250,25000,0.03,1.0,0.5,0.03,0.01,0.03001696731517179,0.0008000570026447583,0.028204931184632343,0.03139171900419836,0.030142259414225936,0.028661087866108784,0.03112970711297071,1.0,0.026653492148101754,0.5224084461027944,0.054019408260966136,0.05308310773212735,0.04169963111215758,0.4029798940917494,True,True,True,0.0005652574756683037,0.004719600222098776,True,2.878897841388931e-10,False,False,False,False
informativo,100,27,20262755,5,250,25000,0.03,1.0,0.5,0.03,0.01,0.030510693017508042,0.0007924240901053637,0.028707868661429596,0.03186972260639734,0.030635983263598322,0.02915481171548117,0.031623430962343095,1.0,0.025972012161462363,0.5090514383646623,0.05272112237263542,0.05181550519277563,0.04101443289384903,0.3964588514158696,True,True,True,0.01673816511525942,0.020759355367385834,True,2.608073581314705e-07,False,False,False,False
informativo,100,28,20262756,5,250,25000,0.03,1.0,0.5,0.03,0.01,0.03151653689918521,0.0008013260414934306,0.02969619544656989,0.03289454545494774,0.031623430962343095,0.030142259414225936,0.03310460251046025,1.0,0.02542557401077106,0.49834125061111273,0.05159525708607002,0.050740822486441066,0.04694076541007159,0.4605671371185262,True,True,True,0.048118767110621866,0.05133633236305904,True,2.2998841665902957e-06,False,False,False,False
informativo,100,29,20262757,5,250,25000,0.03,1.0,0.5,0.03,0.01,0.0295957292601523,0.0007911471098609501,0.02777118941643794,0.030952717194294193,0.029648535564853556,0.028167364016736397,0.03112970711297071,1.0,0.02673179981160832,0.523943276307523,0.05476984466214803,0.053749778386773216,0.05008265769650978,0.49045864164907643,True,True,True,0.013659766120107334,0.011854360711261619,True,1.6343483109700568e-07,False,False,False,False
informativo,100,30,20262758,5,250,25000,0.03,1.0,0.5,0.03,0.01,0.02979400373337649,0.000782813191227184,0.027976901090579667,0.031089618199445567,0.029648535564853556,0.028661087866108784,0.03112970711297071,1.0,0.026274185847343635,0.5149740426079352,0.053311822428362535,0.05223730816310035,0.04101659995290792,0.40599559622370335,True,True,True,0.006914017614649736,0.011854360711261619,True,4.2434461862823375e-08,False,False,False,False
informativo,100,31,20262759,5,250,25000,0.03,1.0,0.5,0.03,0.01,0.029874319961827232,0.0007983291175196429,0.02804550535073693,0.031201699179896635,0.029648535564853556,0.028661087866108784,0.03112970711297071,1.0,0.026722921845241356,0.5237692681667305,0.05387535978289745,0.05282453011805158,0.04101659995290792,0.4049040890329802,True,True,True,0.004206958964534024,0.011854360711261619,True,1.5795471995108062e-08,False,False,False,False
informativo,100,32,20262760,5,250,25000,0.03,1.0,0.5,0.03,0.01,0.029614922650727196,0.0007907439022426883,0.0277861081103183,0.030969261795503456,0.029648535564853556,0.028167364016736397,0.03112970711297071,1.0,0.026700859953901368,0.5233368550964668,0.054774653602518396,0.053742394041116866,0.05008265769650978,0.4901407760790385,True,True,True,0.013002814622017808,0.011854360711261619,True,1.4828456492296806e-07,False,False,False,False
informativo,100,33,20262761,5,250,25000,0.03,1.0,0.5,0.03,0.01,0.03031644463598139,0.0007992614978173494,0.02846732916662688,0.03161932612984579,0.030142259414225936,0.02915481171548117,0.031623430962343095,1.0,0.026363958815564328,0.5167335927850608,0.05308046632759058,0.05198493756550085,0.04035345186660591,0.3989991060913155,True,True,True,0.010438052343572578,0.004719600222098776,True,1.0013720764139544e-07,False,False,False,False
informativo,100,34,20262762,5,250,25000,0.03,1.0,0.5,0.03,0.01,0.03043413493336134,0.0007917269289132423,0.028663629934333697,0.031774101306595026,0.030635983263598322,0.02915481171548117,0.031623430962343095,1.0,0.02601443841419543,0.5098829929182304,0.05196999926128808,0.05110168859854281,0.04101443289384903,0.397456156914247,True,True,True,0.014264737089190403,0.020759355367385834,True,1.884731403646571e-07,False,False,False,False
informativo,100,35,20262763,5,250,25000,0.03,1.0,0.5,0.03,0.01,0.030920009441891036,0.0007987505493967148,0.029124331687795043,0.032275691576613315,0.03112970711297071,0.029648535564853556,0.032117154811715475,1.0,0.025832804187781132,0.5063229620805101,0.05182939029146676,0.05095987914784961,0.04035142138929783,0.391210563255365,True,True,True,0.029754500677628783,0.03629032258064519,True,8.464173731686575e-07,False,False,False,False
informativo,100,36,20262764,5,250,25000,0.03,1.0,0.5,0.03,0.01,0.030313736144439163,0.0007964099048883947,0.028470753884636858,0.03161459330711756,0.030142259414225936,0.02915481171548117,0.031623430962343095,1.0,0.026272245067175275,0.5149360033166354,0.052939917418349546,0.05185503046376244,0.04035345186660591,0.3990347561246554,True,True,True,0.010349636314846505,0.004719600222098776,True,9.843036832755196e-08,False,False,False,False
informativo,100,37,20262765,5,250,25000,0.03,1.0,0.5,0.03,0.01,0.029543099732603578,0.0007873641109489045,0.027739487655046597,0.030893235754612978,0.029648535564853556,0.028167364016736397,0.030635983263598322,1.0,0.026651370982577513,0.5223668712585192,0.05436147507931258,0.05337537577490429,0.042408150466861534,0.40944364061683425,True,True,True,0.015465549367935337,0.011854360711261619,True,2.0875785434692068e-07,False,False,False,False
informativo,100,38,20262766,5,250,25000,0.03,1.0,0.5,0.03,0.01,0.02905263712489394,0.0007955009840259226,0.027237595895898786,0.030419126381139756,0.02915481171548117,0.02767364016736401,0.030142259414225936,1.0,0.027381369223253484,0.5366748367757682,0.05577969605896372,0.05475459029009892,0.043141204186029125,0.41635581161266405,True,True,True,0.03260849853434834,0.028989667049368603,True,8.974964171292151e-07,False,False,False,False
informativo,100,39,20262767,5,250,25000,0.03,1.0,0.5,0.03,0.01,0.03117783114652177,0.0007999937341133913,0.029320504606683104,0.032528739680681165,0.03112970711297071,0.029648535564853556,0.03261087866108786,1.0,0.025659056601909893,0.5029175093974338,0.052437672907495646,0.0514505813268537,0.04768860825007701,0.46557058774652615,True,True,True,0.03777784095970297,0.03629032258064519,True,1.3872862097167899e-06,False,False,False,False
informativo,100,40,20262768,5,250,25000,0.03,1.0,0.5,0.03,0.01,0.030302146505767066,0.0008026642676424949,0.028442215031008283,0.03161510258539853,0.030142259414225936,0.02915481171548117,0.031623430962343095,1.0,0.026488693383148052,0.5191783903097017,0.05346136809140043,0.05235417157306636,0.04035345186660591,0.3991873746409777,True,True,True,0.009971125501276318,0.004719600222098776,True,9.129251094724812e-08,False,False,False,False
informativo,100,41,20262769,5,250,25000,0.03,1.0,0.5,0.03,0.01,0.02950661188260468,0.0007949192019506603,0.027707109183501714,0.03086891114615182,0.029648535564853556,0.028167364016736397,0.030635983263598322,1.0,0.02694037543562556,0.5280313585382609,0.054539541981634784,0.053577855282566554,0.042408150466861534,0.409949958258496,True,True,True,0.016721273162717407,0.011854360711261619,True,2.4343183438689806e-07,False,False,False,False
informativo,100,42,20262770,5,250,25000,0.03,1.0,0.5,0.03,0.01,0.029782944444275986,0.0007960132140762107,0.027933577109253083,0.0310986904813383,0.029648535564853556,0.028661087866108784,0.03112970711297071,1.0,0.02672714968009811,0.5238521337299229,0.05425730903434316,0.053136340800808965,0.04101659995290792,0.4061463544095023,True,True,True,0.007287914602605027,0.011854360711261619,True,4.7113114270659965e-08,False,False,False,False
informativo,100,43,20262771,5,250,25000,0.03,1.0,0.5,0.03,0.01,0.02940886998168695,0.0007884468258697045,0.027626272989457336,0.03072177924208581,0.02915481171548117,0.028167364016736397,0.030635983263598322,1.0,0.026809830719802367,0.5254726821081264,0.05363044050413536,0.05262878605257635,0.041701946437071855,0.4113124481544451,True,True,True,0.020100398916420372,0.028989667049368603,True,3.4943469855078415e-07,False,False,False,False
informativo,100,44,20262772,5,250,25000,0.03,1.0,0.5,0.03,0.01,0.02981783765093938,0.0008009652789253041,0.027963541097232633,0.031124747667798037,0.029648535564853556,0.028661087866108784,0.03112970711297071,1.0,0.026861950497609963,0.5264942297531552,0.05415031912993986,0.05300864884254632,0.04101659995290792,0.4056710768643666,True,True,True,0.0061091736829844475,0.011854360711261619,True,3.318312141528327e-08,False,False,False,False
informativo,100,45,20262773,5,250,25000,0.03,1.0,0.5,0.03,0.01,0.027924596224554503,0.0007787179621631173,0.02617260995572617,0.029204004771615603,0.02767364016736401,0.026686192468619245,0.02915481171548117,1.0,0.02788645378794696,0.5465744942437604,0.055374518933091754,0.05427822109785571,0.04390293449173552,0.4331749047453383,True,True,True,0.07432171118093243,0.08406410644088311,False,4.307300831133419e-06,False,False,False,False
informativo,100,46,20262774,5,250,25000,0.03,1.0,0.5,0.03,0.01,0.029067955126752542,0.0007860974239980663,0.027259977926364472,0.03041642729666351,0.02915481171548117,0.02767364016736401,0.030142259414225936,1.0,0.02704343737184958,0.5300513724882517,0.055328591250705314,0.05429431407429852,0.043141204186029125,0.4161364037090702,True,True,True,0.032064342647538165,0.028989667049368603,True,8.687076457468681e-07,False,False,False,False
informativo,100,47,20262775,5,250,25000,0.03,1.0,0.5,0.03,0.01,0.030711756365327483,0.0008019332323259164,0.028848771752424545,0.03205643713055341,0.030635983263598322,0.02915481171548117,0.032117154811715475,1.0,0.026111604389753216,0.511787446039163,0.053262449517812414,0.052222109018652665,0.04846072180485313,0.4726359833961033,True,True,True,0.023175371569795118,0.020759355367385834,True,5.065971235841915e-07,False,False,False,False
informativo,100,48,20262776,5,250,25000,0.03,1.0,0.5,0.03,0.01,0.03036225215948144,0.0007863656829515324,0.02856532854092433,0.031646034681729586,0.030142259414225936,0.02915481171548117,0.031623430962343095,1.0,0.025899451688269053,0.5076292530900733,0.05173634431477101,0.05073250371256173,0.04035345186660591,0.39839713622317874,True,True,True,0.011931004247598976,0.004719600222098776,True,1.3122662704896834e-07,False,False,False,False
informativo,100,49,20262777,5,250,25000,0.03,1.0,0.5,0.03,0.01,0.03010002936208326,0.0007855833495250972,0.028280748520262144,0.03144644477963935,0.030142259414225936,0.028661087866108784,0.031623430962343095,1.0,0.02609908914290594,0.5115421472009564,0.05357272208348173,0.052586265303863886,0.04925830994566591,0.48224142896794475,True,True,True,0.003323231378945763,0.004719600222098776,True,1.0005873278784071e-08,False,False,False,False
informativo,100,50,20262778,5,250,25000,0.03,1.0,0.5,0.03,0.01,0.028883356549967116,0.0007792197444519227,0.027109608173659594,0.030143003496093904,0.028661087866108784,0.02767364016736401,0.030142259414225936,1.0,0.026978157580262598,0.5287718885731468,0.053608902215894406,0.052511128981610054,0.04241062696244253,0.4187960041519898,True,True,True,0.03866044613274539,0.046715328467153226,True,1.2468925945013396e-06,False,False,False,False
informativo,100,51,20262779,5,250,25000,0.03,1.0,0.5,0.03,0.01,0.031739895403394336,0.0007964292557452468,0.02988792446484811,0.033063189873719534,0.031623430962343095,0.030635983263598322,0.03310460251046025,1.0,0.025092371780786486,0.4918104869034151,0.050993523291511654,0.050020098814375,0.03848689725190704,0.38110504637421816,True,True,True,0.054817301105796044,0.05133633236305904,True,3.027236014752743e-06,False,False,False,False
informativo,100,52,20262780,5,250,25000,0.03,1.0,0.5,0.03,0.01,0.030857895054994054,0.0008040843692978143,0.02901186232095305,0.03220113114149618,0.030635983263598322,0.029648535564853556,0.032117154811715475,1.0,0.026057654543992656,0.5107300290622561,0.052672107276808156,0.05167670728770225,0.039711439168338525,0.3919980377166309,True,True,True,0.02780147684944623,0.020759355367385834,True,7.359839253832532e-07,False,False,False,False
informativo,100,53,20262781,5,250,25000,0.03,1.0,0.5,0.03,0.01,0.029695130404677195,0.0007998736960483642,0.02783803626744995,0.03104621342778807,0.029648535564853556,0.028167364016736397,0.03112970711297071,1.0,0.026936190720427966,0.5279493381203881,0.055114560525926774,0.054018573358964046,0.05008265769650978,0.48881688592490014,True,True,True,0.010266652854125268,0.011854360711261619,True,9.294547015229041e-08,False,False,False,False
informativo,100,54,20262782,5,250,25000,0.03,1.0,0.5,0.03,0.01,0.030144939038765008,0.0007922142386570627,0.02830652961410132,0.03149585012979039,0.030142259414225936,0.028661087866108784,0.031623430962343095,1.0,0.026280173850685568,0.5150914074734371,0.053919097894784815,0.05289976721445271,0.04925830994566591,0.481522989742387,True,True,True,0.004808072047471299,0.004719600222098776,True,2.1007324958124708e-08,False,False,False,False
informativo,100,55,20262783,5,250,25000,0.03,1.0,0.5,0.03,0.01,0.029924130763080415,0.0007964011442960971,0.028130233143008138,0.03127040653807507,0.030142259414225936,0.028661087866108784,0.03112970711297071,1.0,0.026614010966650208,0.521634614946344,0.053411935872997036,0.052468915804585285,0.04169963111215758,0.4042300979565107,True,True,True,0.0025353864919340904,0.004719600222098776,True,5.756141110759951e-09,False,False,False,False
informativo,100,56,20262784,5,250,25000,0.03,1.0,0.5,0.03,0.01,0.02943406689578177,0.0007956085055890249,0.027645286880964137,0.030779438697802444,0.029648535564853556,0.028167364016736397,0.030635983263598322,1.0,0.02703019288520556,0.5297917805500288,0.05420739158076869,0.05324021019479754,0.042408150466861534,0.4109603457943135,True,True,True,0.01922714608966693,0.011854360711261619,True,3.2028027845008076e-07,False,False,False,False
informativo,100,57,20262785,5,250,25000,0.03,1.0,0.5,0.03,0.01,0.03031761862087495,0.0007919936910951015,0.028486564287368628,0.031611814420701156,0.030142259414225936,0.02915481171548117,0.031623430962343095,1.0,0.02612321571159882,0.5120150279473368,0.05260903982873958,0.05154181422383655,0.04035345186660591,0.39898365570489325,True,True,True,0.010476371012077478,0.004719600222098776,True,1.0088158832650574e-07,False,False,False,False
informativo,100,58,20262786,5,250,25000,0.03,1.0,0.5,0.03,0.01,0.029321995183093513,0.0007958038741292718,0.02747929618252418,0.03062397369955719,0.02915481171548117,0.028167364016736397,0.030635983263598322,1.0,0.027140167957878825,0.5319472919744249,0.05478636541846107,0.053623184530876805,0.041701946437071855,0.4125310789423321,True,True,True,0.023122738158602798,0.028989667049368603,True,4.5969053174839805e-07,False,False,False,False
informativo,100,59,20262787,5,250,25000,0.03,1.0,0.5,0.03,0.01,0.0303305889679876,0.0007839321258534984,0.028525338502210236,0.03161006227101842,0.030142259414225936,0.02915481171548117,0.031623430962343095,1.0,0.02584625464018846,0.5065865909476938,0.051881314326821436,0.05085169582535887,0.04035345186660591,0.39881303730667395,True,True,True,0.010899523525129027,0.004719600222098776,True,1.092890657551061e-07,False,False,False,False
informativo,100,60,20262788,5,250,25000,0.03,1.0,0.5,0.03,0.01,0.0306957934284798,0.0007899348216762279,0.028855085920634342,0.03202951336365327,0.030635983263598322,0.02915481171548117,0.032117154811715475,1.0,0.025734302112657564,0.5043923214080882,0.05271589214087057,0.051707857795160767,0.04846072180485313,0.4728817714182462,True,True,True,0.022667386985808946,0.020759355367385834,True,4.84128495115675e-07,False,False,False,False
informativo,100,61,20262789,5,250,25000,0.03,1.0,0.5,0.03,0.01,0.030008456254286744,0.0007866391632512433,0.02821577354215405,0.03135373882219419,0.030142259414225936,0.028661087866108784,0.03112970711297071,1.0,0.026213916390279854,0.513792761249485,0.05322068931892075,0.05228468358134675,0.04169963111215758,0.4030941880889148,True,True,True,0.0002817957116850778,0.004719600222098776,True,7.150823656209107e-11,False,False,False,False
informativo,100,62,20262790,5,250,25000,0.03,1.0,0.5,0.03,0.01,0.03013314620539108,0.0007858142626490819,0.028306780173756117,0.0314760906930587,0.030142259414225936,0.028661087866108784,0.031623430962343095,1.0,0.026078068891076927,0.5111301502651078,0.05359299340604531,0.05258844359795999,0.04925830994566591,0.4817114373855585,True,True,True,0.00441859620245232,0.004719600222098776,True,1.7727912010043607e-08,False,False,False,False
informativo,100,63,20262791,5,250,25000,0.03,1.0,0.5,0.03,0.01,0.029098034576072036,0.0007885736313459241,0.027278048355232544,0.0304506342514868,0.02915481171548117,0.02767364016736401,0.030635983263598322,1.0,0.02710058060053258,0.5311713797704385,0.055569618000984235,0.054515467152258204,0.05093513820641687,0.49884747829272735,True,True,True,0.030997468972343255,0.028989667049368603,True,8.135416259615505e-07,False,False,False,False
informativo,100,64,20262792,5,250,25000,0.03,1.0,0.5,0.03,0.01,0.029355283472140795,0.0007922074317911022,0.027532384255498112,0.030644458823942854,0.02915481171548117,0.028167364016736397,0.030635983263598322,1.0,0.026986877253048335,0.5289427941597473,0.054139033589178084,0.05300706040529657,0.041701946437071855,0.41206327716450725,True,True,True,0.02196253796939345,0.028989667049368603,True,4.1565940129482814e-07,False,False,False,False
informativo,100,65,20262793,5,250,25000,0.03,1.0,0.5,0.03,0.01,0.03209243821684912,0.0008088654060588292,0.03023597634531803,0.03347453133902835,0.032117154811715475,0.030635983263598322,0.033598326359832634,1.0,0.02520423660531221,0.4940030374641193,0.051343502548409393,0.050456667888979824,0.046216064246918945,0.45230222376582246,True,True,True,0.06520035039751373,0.06591974986972371,False,4.378297691330742e-06,False,False,False,False
informativo,100,66,20262794,5,250,25000,0.03,1.0,0.5,0.03,0.01,0.03138123531896045,0.0008009208110081198,0.029557990301125717,0.032730027513147006,0.031623430962343095,0.030142259414225936,0.03261087866108786,1.0,0.025522284348194726,0.5002367732246166,0.05144664291679355,0.05054034966725406,0.03970953467672634,0.3854607438705551,True,True,True,0.04401468918994126,0.05133633236305904,True,1.9078110063437756e-06,False,False,False,False
informativo,100,67,20262795,5,250,25000,0.03,1.0,0.5,0.03,0.01,0.030135252616240893,0.0007868738281508515,0.028306874052674038,0.03147957361988651,0.030142259414225936,0.028661087866108784,0.031623430962343095,1.0,0.026111406404032565,0.5117835655190381,0.05364793824414153,0.052640998361875274,0.04925830994566591,0.48167776644836374,True,True,True,0.004488185911804976,0.004719600222098776,True,1.829327020000655e-08,False,False,False,False
informativo,100,68,20262796,5,250,25000,0.03,1.0,0.5,0.03,0.01,0.029470998241203493,0.0007896944016562941,0.02769206715457902,0.030813529105916913,0.029648535564853556,0.028167364016736397,0.030635983263598322,1.0,0.02679564482998136,0.5251946386676346,0.05390463117647605,0.05295819852776088,0.042408150466861534,0.41044535412823746,True,True,True,0.01794990975422422,0.011854360711261619,True,2.798428608097967e-07,False,False,False,False
informativo,100,69,20262797,5,250,25000,0.03,1.0,0.5,0.03,0.01,0.03057309435574274,0.0007981971308984048,0.028741906391447018,0.03194332107903924,0.030635983263598322,0.02915481171548117,0.032117154811715475,1.0,0.0261078293747677,0.5117134557454469,0.05330349633549801,0.052356733184105664,0.04846072180485313,0.4747795889630503,True,True,True,0.018745055671314216,0.020759355367385834,True,3.284371405841868e-07,False,False,False,False
informativo,100,70,20262798,5,250,25000,0.03,1.0,0.5,0.03,0.01,0.03038769080224712,0.0007927545992697765,0.028585775674735026,0.03170910908529144,0.030142259414225936,0.02915481171548117,0.031623430962343095,1.0,0.026088017165527878,0.5113251364443464,0.05235426038906922,0.051391424094743135,0.04035345186660591,0.3980636234698338,True,True,True,0.01275815279186851,0.004719600222098776,True,1.503041581470174e-07,False,False,False,False
informativo,100,71,20262799,5,250,25000,0.03,1.0,0.5,0.03,0.01,0.028946046186578797,0.0007974120850141055,0.02715526865837587,0.030298275683433334,0.02915481171548117,0.02767364016736401,0.030142259414225936,1.0,0.02754822126221286,0.5399451367393721,0.0552882177082876,0.05429078301054391,0.043141204186029125,0.4178890005099213,True,True,True,0.03641097670568491,0.028989667049368603,True,1.1108186408250934e-06,False,False,False,False
informativo,100,72,20262800,5,250,25000,0.03,1.0,0.5,0.03,0.01,0.030166231548959165,0.0007871305159341599,0.028332995593769335,0.031504985043727916,0.030142259414225936,0.028661087866108784,0.031623430962343095,1.0,0.02609310064655121,0.5114247726724036,0.053598301446465116,0.05257516910606663,0.04925830994566591,0.4811831119173703,True,True,True,0.00551051756960021,0.004719600222098776,True,2.7632927869363485e-08,False,False,False,False
informativo,100,73,20262801,5,250,25000,0.03,1.0,0.5,0.03,0.01,0.030295449786938787,0.0007950488188398112,0.028451472712256298,0.031602501584711284,0.030142259414225936,0.02915481171548117,0.031623430962343095,1.0,0.02624317593669063,0.5143662483591362,0.05308521473640507,0.05200498580835534,0.04035345186660591,0.39927561381968507,True,True,True,0.009752282571033603,0.004719600222098776,True,8.729057660217532e-08,False,False,False,False
informativo,100,74,20262802,5,250,25000,0.03,1.0,0.5,0.03,0.01,0.030486561404015056,0.000797916383305006,0.0286866488431361,0.03185451175057623,0.030635983263598322,0.02915481171548117,0.031623430962343095,1.0,0.026172724851807033,0.5129854070954178,0.052843801911348944,0.05195507071884666,0.04101443289384903,0.3967726681051792,True,True,True,0.015959864989922322,0.020759355367385834,True,2.3674199987710398e-07,False,False,False,False
informativo,100,75,20262803,5,250,25000,0.03,1.0,0.5,0.03,0.01,0.03068998423543957,0.0007930503488525802,0.028844049445448144,0.032029674380828814,0.030635983263598322,0.02915481171548117,0.032117154811715475,1.0,0.025840689352221863,0.5064775113035485,0.05291180254230682,0.051900074482639155,0.04846072180485313,0.47297128145104067,True,True,True,0.022482391328269458,0.020759355367385834,True,4.760782451551304e-07,False,False,False,False
informativo,100,76,20262804,5,250,25000,0.03,1.0,0.5,0.03,0.01,0.028600012045811897,0.0007856776259287162,0.026785162347271733,0.02994751220374186,0.028661087866108784,0.02717991631799163,0.029648535564853556,1.0,0.027471234091447475,0.5384361881923705,0.05637559023525386,0.055285813366173234,0.04390009127829934,0.4229450774442862,True,True,True,0.04895060715168852,0.046715328467153226,False,1.959966271871787e-06,False,False,False,False
informativo,100,77,20262805,5,250,25000,0.03,1.0,0.5,0.03,0.01,0.03125792903991399,0.000802373895756329,0.029394734977363154,0.032583794106624854,0.03112970711297071,0.030142259414225936,0.03261087866108786,1.0,0.025669451572807613,0.5031212508270292,0.05203811723512629,0.05101200282957828,0.039089565757454876,0.38698130942000225,True,True,True,0.04024351831843098,0.03629032258064519,True,1.5823854694589417e-06,False,False,False,False
informativo,100,78,20262806,5,250,25000,0.03,1.0,0.5,0.03,0.01,0.03032251273052614,0.0008090645218711806,0.028451933454888084,0.03165554654408861,0.030142259414225936,0.02915481171548117,0.031623430962343095,1.0,0.026681974843617853,0.5229667069349099,0.05392791757860602,0.05282565329711934,0.04035345186660591,0.3989192590047449,True,True,True,0.010636081956409313,0.004719600222098776,True,1.0401446135142664e-07,False,False,False,False
informativo,100,79,20262807,5,250,25000,0.03,1.0,0.5,0.03,0.01,0.029757893891297654,0.000797774453722999,0.027902546656587066,0.03108537155903729,0.029648535564853556,0.028661087866108784,0.03112970711297071,1.0,0.026808834544446665,0.5254531570711546,0.054599043775884586,0.053478665427007965,0.04101659995290792,0.4064882532953998,True,True,True,0.008135861683852141,0.011854360711261619,True,5.8615367870991506e-08,False,False,False,False
informativo,100,80,20262808,5,250,25000,0.03,1.0,0.5,0.03,0.01,0.031045871148278788,0.0007999111036746727,0.029219159073113277,0.03242062858570951,0.03112970711297071,0.029648535564853556,0.03261087866108786,1.0,0.02576545846802629,0.5050029859733152,0.052460700063081095,0.051560310504827365,0.04768860825007701,0.4675494883754564,True,True,True,0.03368793045888715,0.03629032258064519,True,1.0938464588019924e-06,False,False,False,False
informativo,100,81,20262809,5,250,25000,0.03,1.0,0.5,0.03,0.01,0.030913396973344956,0.0007936491193210273,0.02913038314820058,0.0322529939815244,0.03112970711297071,0.029648535564853556,0.032117154811715475,1.0,0.025673306625129243,0.5031968098525331,0.05137104081007167,0.05050578614857962,0.04035142138929783,0.39129424437092314,True,True,True,0.02954696224852071,0.03629032258064519,True,8.342940309157282e-07,False,False,False,False
informativo,100,82,20262810,5,250,25000,0.03,1.0,0.5,0.03,0.01,0.030685174517862387,0.0007993340557531923,0.02882881316437305,0.032034845461246825,0.030635983263598322,0.02915481171548117,0.032117154811715475,1.0,0.026049519623487415,0.5105705846203532,0.053261954366182605,0.052240737542611736,0.04846072180485313,0.47304541687055973,True,True,True,0.022329171289657734,0.020759355367385834,True,4.6946411992795666e-07,False,False,False,False
informativo,100,83,20262811,5,250,25000,0.03,1.0,0.5,0.03,0.01,0.030163281236619516,0.0007900723438091098,0.028325548329637025,0.031507099851320594,0.030142259414225936,0.028661087866108784,0.031623430962343095,1.0,0.026193182950199997,0.5133863858239199,0.05376514151269967,0.05273881672099104,0.04925830994566591,0.48123017710439636,True,True,True,0.005413245175106667,0.004719600222098776,True,2.6660762231998658e-08,False,False,False,False
informativo,100,84,20262812,5,250,25000,0.03,1.0,0.5,0.03,0.01,0.029817966239335046,0.0007908092168343167,0.0279879919038923,0.031113296967882724,0.029648535564853556,0.028661087866108784,0.03112970711297071,1.0,0.02652123255110212,0.5198161580016015,0.053508486229994455,0.05240640892314791,0.04101659995290792,0.4056693274293942,True,True,True,0.006104834890610959,0.011854360711261619,True,3.31362900218253e-08,False,False,False,False
informativo,100,85,20262813,5,250,25000,0.03,1.0,0.5,0.03,0.01,0.031067473526814667,0.0007963287501279331,0.029238633164584,0.03243444279271716,0.03112970711297071,0.029648535564853556,0.03261087866108786,1.0,0.025632233964587216,0.5023917857059094,0.05234718523911187,0.05143336849349562,0.04768860825007701,0.46722438369568814,True,True,True,0.03435984345149016,0.03629032258064519,True,1.139499730450145e-06,False,False,False,False
informativo,100,86,20262814,5,250,25000,0.03,1.0,0.5,0.03,0.01,0.030475767774590712,0.0008008289773610021,0.02867699511352789,0.03184852794059916,0.030635983263598322,0.02915481171548117,0.031623430962343095,1.0,0.02627756528676191,0.5150402796205333,0.052914033114229445,0.05203368214591055,0.04101443289384903,0.3969131934293289,True,True,True,0.015611346631515843,0.020759355367385834,True,2.2635497533899945e-07,False,False,False,False
informativo,100,87,20262815,5,250,25000,0.03,1.0,0.5,0.03,0.01,0.02938563626190796,0.0007911240135842237,0.02758023658017092,0.03069299971723865,0.02915481171548117,0.028167364016736397,0.030635983263598322,1.0,0.026922133199128402,0.5276738107029166,0.05402737348240013,0.05296402482703336,0.041701946437071855,0.4116376518722363,True,True,True,0.02090694013280313,0.028989667049368603,True,3.7744280268242297e-07,False,False,False,False
informativo,100,88,20262816,5,250,25000,0.03,1.0,0.5,0.03,0.01,0.03130241751700393,0.0007983839678990372,0.029455209845862983,0.03260505020222139,0.03112970711297071,0.030142259414225936,0.03261087866108786,1.0,0.025505505044948792,0.4999078988809963,0.05133214741608386,0.05031305257249486,0.039089565757454876,0.38643131327005587,True,True,True,0.04160756964846058,0.03629032258064519,True,1.6962913885986897e-06,False,False,False,False
informativo,100,89,20262817,5,250,25000,0.03,1.0,0.5,0.03,0.01,0.032100113583971954,0.0007992986807460892,0.03025524924091234,0.0334659479877602,0.032117154811715475,0.030635983263598322,0.033598326359832634,1.0,0.02490018232038875,0.48804357347961946,0.05089466560827542,0.05001070694732698,0.046216064246918945,0.4521940750638313,True,True,True,0.06542386769062933,0.06591974986972371,False,4.410477065583529e-06,False,False,False,False
informativo,100,90,20262818,5,250,25000,0.03,1.0,0.5,0.03,0.01,0.02963992358671709,0.0007815867444568716,0.027820048541437582,0.030975831821445608,0.029648535564853556,0.028167364016736397,0.03112970711297071,1.0,0.026369391343746038,0.5168400703374223,0.05427169602139018,0.0532353477696256,0.05008265769650978,0.4897273479494775,True,True,True,0.012148358352862657,0.011854360711261619,True,1.296550234026841e-07,False,False,False,False
informativo,100,91,20262819,5,250,25000,0.03,1.0,0.5,0.03,0.01,0.030715161251966314,0.0007975929312321074,0.028859904663393176,0.03205310952396935,0.030635983263598322,0.02915481171548117,0.032117154811715475,1.0,0.025967401723507064,0.5089610737807384,0.05301326176890228,0.0519809229452076,0.04846072180485313,0.47258358998909183,True,True,True,0.02328365611040162,0.020759355367385834,True,5.114556163140267e-07,False,False,False,False
informativo,100,92,20262820,5,250,25000,0.03,1.0,0.5,0.03,0.01,0.03060820933566924,0.0008018502546683382,0.0287622022899622,0.03197984535213038,0.030635983263598322,0.02915481171548117,0.032117154811715475,1.0,0.026197228523718405,0.5134656790648807,0.05353616984338522,0.05256176581389397,0.04846072180485313,0.474234902550555,True,True,True,0.0198707911658348,0.020759355367385834,True,3.699185959952193e-07,False,False,False,False
informativo,100,93,20262821,5,250,25000,0.03,1.0,0.5,0.03,0.01,0.031322037527518505,0.0007921184793556244,0.02949656514460784,0.03260901477679858,0.03112970711297071,0.030142259414225936,0.03261087866108786,1.0,0.025289493975597703,0.4956740819217149,0.05067727088107109,0.04968466099078402,0.039089565757454876,0.38618925409932486,True,True,True,0.042207903185002206,0.03629032258064519,True,1.747783224167245e-06,False,False,False,False
informativo,100,94,20262822,5,250,25000,0.03,1.0,0.5,0.03,0.01,0.02999206784137244,0.000795084196945588,0.028195703663834365,0.031353560305288075,0.030142259414225936,0.028661087866108784,0.03112970711297071,1.0,0.026509815900349898,0.5195923916468579,0.05356720952605887,0.052644863604529746,0.04169963111215758,0.4033144487936016,True,True,True,0.00026447521623076394,0.004719600222098776,True,6.291914049273798e-11,False,False,False,False
informativo,100,95,20262823,5,250,25000,0.03,1.0,0.5,0.03,0.01,0.028342539191340423,0.0007927293095378193,0.026509289880049688,0.02963750475581608,0.028167364016736397,0.02717991631799163,0.029648535564853556,1.0,0.027969593838650282,0.5482040392375455,0.056424225464829246,0.05518586134163595,0.04314385612927169,0.4267872482405962,True,True,True,0.058479616010056856,0.06506238859180051,False,2.7471763322424567e-06,False,False,False,False
informativo,100,96,20262824,5,250,25000,0.03,1.0,0.5,0.03,0.01,0.029582506371837826,0.0007910547276873851,0.02776174059667197,0.03094015005764566,0.029648535564853556,0.028167364016736397,0.03112970711297071,1.0,0.02674062561651163,0.5241162620836279,0.054732553253678144,0.053721098223095384,0.05008265769650978,0.4906778685042955,True,True,True,0.014112855175774399,0.011854360711261619,True,1.7430092955601477e-07,False,False,False,False
informativo,100,97,20262825,5,250,25000,0.03,1.0,0.5,0.03,0.01,0.03046239768659446,0.0008010354112667501,0.028669146133930727,0.031833300605792876,0.030635983263598322,0.02915481171548117,0.031623430962343095,1.0,0.02629587531185244,0.5153991561123078,0.052807467017448546,0.05193541402117853,0.04101443289384903,0.3970874004755904,True,True,True,0.015179293874098148,0.020759355367385834,True,2.1381162056790998e-07,False,False,False,False
informativo,100,98,20262826,5,250,25000,0.03,1.0,0.5,0.03,0.01,0.03003843564030067,0.000795886764673251,0.02822354398852009,0.03140572185327487,0.030142259414225936,0.028661087866108784,0.03112970711297071,1.0,0.026495612960798134,0.5193140140316435,0.05392019320733329,0.05296843522179724,0.04169963111215758,0.40269188630431474,True,True,True,0.0012795486676112232,0.004719600222098776,True,1.4772984453224866e-09,False,False,False,False
informativo,100,99,20262827,5,250,25000,0.03,1.0,0.5,0.03,0.01,0.030807632441319375,0.0007997980978007613,0.02895673214683485,0.032112273809422734,0.030635983263598322,0.029648535564853556,0.032117154811715475,1.0,0.02596103739306067,0.5088363329039891,0.05227350727779406,0.05121363461795354,0.039711439168338525,0.3926375820233384,True,True,True,0.026215336178711864,0.020759355367385834,True,6.522701602714953e-07,False,False,False,False
informativo,300,0,20263728,5,250,75000,0.03,1.0,0.5,0.03,0.01,0.030206669680048953,0.00045839181293804755,0.029040260464225937,0.030945106606464996,0.030142259414225936,0.029648535564853556,0.030635983263598322,1.0,0.015175185407506488,0.29743363398712713,0.03201402376815083,0.03153022432488115,0.016384184841741718,0.16017964823990855,True,True,True,0.006841855862894234,0.004719600222098776,True,4.271235665153712e-08,False,False,False,False
informativo,300,1,20263729,5,250,75000,0.03,1.0,0.5,0.03,0.01,0.029924581588209227,0.00045274202279086285,0.028738417735220078,0.030589743812038,0.030142259414225936,0.02915481171548117,0.030635983263598322,1.0,0.015129435359231575,0.29653693304093887,0.03150955837951321,0.030933199038401478,0.02499246565483256,0.24253440484640604,True,True,True,0.0025202829175224647,0.004719600222098776,True,5.687936837042507e-09,False,False,False,False
informativo,300,2,20263730,5,250,75000,0.03,1.0,0.5,0.03,0.01,0.029803831987551616,0.00045528094131057996,0.028679935315763596,0.030523912192346722,0.029648535564853556,0.02915481171548117,0.030635983263598322,1.0,0.01527591960324902,0.2994080242236808,0.031389125648196875,0.030935231371477894,0.024583094340664014,0.2435170279045137,True,True,True,0.006581972832564559,0.011854360711261619,True,3.8481889107948805e-08,False,False,False,False
informativo,300,3,20263731,5,250,75000,0.03,1.0,0.5,0.03,0.01,0.02994187917870554,0.000458807522675238,0.028742168027101913,0.030602595918622674,0.030142259414225936,0.02915481171548117,0.030635983263598322,1.0,0.01532327079195279,0.30033610752227463,0.031665336530548045,0.031067320130726547,0.02499246565483256,0.24239429136884968,True,True,True,0.0019411213620750087,0.004719600222098776,True,3.3780298679423037e-09,False,False,False,False
informativo,300,4,20263732,5,250,75000,0.03,1.0,0.5,0.03,0.01,0.029905865209829918,0.0004564761054303547,0.028724757946125327,0.030584159432224756,0.030142259414225936,0.02915481171548117,0.030635983263598322,1.0,0.015263765225568968,0.29916979842115177,0.031648025725542504,0.03108757217109792,0.02499246565483256,0.2426861933219862,True,True,True,0.003147703285278567,0.004719600222098776,True,8.86135872036524e-09,False,False,False,False
informativo,300,5,20263733,5,250,75000,0.03,1.0,0.5,0.03,0.01,0.030214967325360866,0.0004583399831487558,0.029058180155757063,0.030953374371110867,0.030142259414225936,0.029648535564853556,0.030635983263598322,1.0,0.01516930262453235,0.2973183314408341,0.031832404367219236,0.031361844528011065,0.016384184841741718,0.16013565964667362,True,True,True,0.00711459731351212,0.004719600222098776,True,4.621095097280471e-08,False,False,False,False
informativo,300,6,20263734,5,250,75000,0.03,1.0,0.5,0.03,0.01,0.029761293401091495,0.0004556212951439003,0.028663423931821103,0.03049175243666222,0.029648535564853556,0.02915481171548117,0.030635983263598322,1.0,0.015309189993980248,0.30006012388201286,0.031129029709054897,0.03071654985219936,0.024583094340664014,0.243865093091279,True,True,True,0.008020706482459089,0.011854360711261619,True,5.698084036246558e-08,False,False,False,False
informativo,300,7,20263735,5,250,75000,0.03,1.0,0.5,0.03,0.01,0.030397753666674732,0.00045847155466067753,0.029215710694667593,0.031078781169224648,0.030635983263598322,0.029648535564853556,0.03112970711297071,1.0,0.015082415618207442,0.29561534611686585,0.031186048149700888,0.030644870916885412,0.024582661859368315,0.2387591091551859,True,True,True,0.013084969074895553,0.020759355367385834,True,1.58207979353195e-07,False,False,False,False
informativo,300,8,20263736,5,250,75000,0.03,1.0,0.5,0.03,0.01,0.030137920680981378,0.00046064436211565513,0.028915717862045023,0.030866752098487136,0.030142259414225936,0.029648535564853556,0.030635983263598322,1.0,0.01528454358187843,0.29957705420481723,0.032939975188255144,0.03236842808590506,0.016384184841741718,0.16054504141364662,True,True,True,0.004576317073805853,0.004719600222098776,True,1.9022114242367218e-08,False,False,False,False
informativo,300,9,20263737,5,250,75000,0.03,1.0,0.5,0.03,0.01,0.029792196862598923,0.00045818313755845294,0.028673143986439706,0.03051928130880798,0.029648535564853556,0.02915481171548117,0.030635983263598322,1.0,0.015379300145994111,0.30143428286148455,0.03142584164726741,0.030983571484886258,0.024583094340664014,0.24361213170168733,True,True,True,0.006975086072351643,0.011854360711261619,True,4.318214391373051e-08,False,False,False,False
informativo,300,10,20263738,5,250,75000,0.03,1.0,0.5,0.03,0.01,0.029899658825096487,0.00045899994669770794,0.028719287465408968,0.030583404449168818,0.030142259414225936,0.02915481171548117,0.030635983263598322,1.0,0.01535134395287625,0.3008863414763745,0.031728527086318056,0.03117288051118481,0.02499246565483256,0.2427365686086762,True,True,True,0.003355930430192302,0.004719600222098776,True,1.0068351381017213e-08,False,False,False,False
informativo,300,11,20263739,5,250,75000,0.03,1.0,0.5,0.03,0.01,0.030075596862581256,0.0004616912323610511,0.028840009377523887,0.030765429242700523,0.030142259414225936,0.029648535564853556,0.030635983263598322,1.0,0.015351024768371834,0.30088008546008793,0.0326325739901032,0.032009670065304,0.016384184841741718,0.1608777290757343,True,True,True,0.0025135615072467486,0.004719600222098776,True,5.714885632129472e-09,False,False,False,False
informativo,300,12,20263740,5,250,75000,0.03,1.0,0.5,0.03,0.01,0.030110820661076093,0.00045620490643375616,0.028890647584863295,0.030810933003284496,0.030142259414225936,0.029648535564853556,0.030635983263598322,1.0,0.015150862594173227,0.29695690684579523,0.03247852176186388,0.03188696581929319,0.016384184841741718,0.1606895334508108,True,True,True,0.003680426459427366,0.004719600222098776,True,1.2281218921342546e-08,False,False,False,False
informativo,300,13,20263741,5,250,75000,0.03,1.0,0.5,0.03,0.01,0.030577456949890666,0.0004586021735936742,0.02934786567366871,0.031263284398068546,0.030635983263598322,0.030142259414225936,0.03112970711297071,1.0,0.014998048213924933,0.29396174499292865,0.031917140277213096,0.03132076561400712,0.016120002029935625,0.15823728349216715,True,True,True,0.018885054791737018,0.020759355367385834,True,3.334565289770319e-07,False,False,False,False
informativo,300,14,20263742,5,250,75000,0.03,1.0,0.5,0.03,0.01,0.02919733188469257,0.0004601459291800434,0.02800377553803007,0.029937475913361697,0.02915481171548117,0.028661087866108784,0.029648535564853556,1.0,0.01575986227088395,0.3088933005093254,0.03367212950546829,0.03311433357966208,0.016939415852374663,0.1657169820502019,True,True,True,0.02749114605667955,0.028989667049368603,False,6.442761033311812e-07,False,False,False,False
informativo,300,15,20263743,5,250,75000,0.03,1.0,0.5,0.03,0.01,0.029725001798634257,0.0004537331780795849,0.0285939081207882,0.03045516104736041,0.029648535564853556,0.02915481171548117,0.030142259414225936,1.0,0.01526436166945605,0.29918148872133854,0.03176602473916724,0.03130786903194949,0.01665717349272091,0.16277522055765398,True,True,True,0.009251410756125792,0.011854360711261619,True,7.56240107543932e-08,False,False,False,False
informativo,300,16,20263744,5,250,75000,0.03,1.0,0.5,0.03,0.01,0.030460819311161163,0.00046248686452243575,0.029247125490239473,0.03110988347416015,0.030635983263598322,0.029648535564853556,0.03112970711297071,1.0,0.015183008040528172,0.29758695759435216,0.03118074197012891,0.030576294827994715,0.024582661859368315,0.23826478571161522,True,True,True,0.015128263834725998,0.020759355367385834,True,2.123544375390497e-07,False,False,False,False
informativo,300,17,20263745,5,250,75000,0.03,1.0,0.5,0.03,0.01,0.03009644384072892,0.0004566572591086902,0.028872234709979124,0.030786613917444923,0.030142259414225936,0.029648535564853556,0.030635983263598322,1.0,0.015173130138741008,0.2973933507193237,0.03240938805874121,0.03180407654799248,0.016384184841741718,0.16076629350147723,True,True,True,0.003204492904188498,0.004719600222098776,True,9.301414414545698e-09,False,False,False,False
informativo,300,18,20263746,5,250,75000,0.03,1.0,0.5,0.03,0.01,0.029358429382577628,0.0004567777277434193,0.02820517799010299,0.030062481456136686,0.02915481171548117,0.028661087866108784,0.030142259414225936,1.0,0.015558656827006148,0.3049496738093205,0.0321537788921504,0.03163151955151742,0.024992927692239045,0.24721147344759034,True,True,True,0.021853029297374604,0.028989667049368603,True,4.116128571397226e-07,False,False,False,False
informativo,300,19,20263747,5,250,75000,0.03,1.0,0.5,0.03,0.01,0.030190606828446872,0.0004633112574219802,0.028990862574455815,0.03093757127976824,0.030142259414225936,0.029648535564853556,0.030635983263598322,1.0,0.015346205528582773,0.3007856283602223,0.03276389032975672,0.0322403043498641,0.016384184841741718,0.16026487149938032,True,True,True,0.006313448071115814,0.004719600222098776,True,3.633096305057568e-08,False,False,False,False
informativo,300,20,20263748,5,250,75000,0.03,1.0,0.5,0.03,0.01,0.029924813297588403,0.00046135087200366537,0.028730139701283183,0.03059719379742579,0.030142259414225936,0.02915481171548117,0.030635983263598322,1.0,0.015417000848618325,0.30217321663291913,0.03177891169490894,0.031195751792594657,0.02499246565483256,0.24253252688994842,True,True,True,0.002512520351051037,0.004719600222098776,True,5.653040219529829e-09,False,False,False,False
informativo,300,21,20263749,5,250,75000,0.03,1.0,0.5,0.03,0.01,0.0301035948514719,0.0004624570541723758,0.028868427418196264,0.030819023787371475,0.030142259414225936,0.029648535564853556,0.030635983263598322,1.0,0.015362187022981548,0.3010988656504383,0.032999987203643555,0.03239806373290725,0.016384184841741718,0.16072810399296136,True,True,True,0.0034412784248202396,0.004719600222098776,True,1.0731893251485419e-08,False,False,False,False
informativo,300,22,20263750,5,250,75000,0.03,1.0,0.5,0.03,0.01,0.03077313646594817,0.00045999540982506873,0.02965672292633383,0.0315043539115332,0.030635983263598322,0.030142259414225936,0.031623430962343095,1.0,0.014947953398707796,0.2929798866146728,0.030427289503977925,0.030020192892002705,0.023802490427901744,0.23584663181164808,True,True,True,0.025123746057009125,0.020759355367385834,True,5.977399949788252e-07,False,False,False,False
informativo,300,23,20263751,5,250,75000,0.03,1.0,0.5,0.03,0.01,0.029986440595440568,0.00045873279344491415,0.028770326046439386,0.03062091920173724,0.030142259414225936,0.02915481171548117,0.030635983263598322,1.0,0.015298007510590116,0.29984094720756627,0.031495090928691155,0.030857166081579516,0.02499246565483256,0.2420340807930896,True,True,True,0.0004521845304138594,0.004719600222098776,True,1.8385745200631514e-10,False,False,False,False
informativo,300,24,20263752,5,250,75000,0.03,1.0,0.5,0.03,0.01,0.029697781285261328,0.00045725028091823683,0.028520495384492178,0.03043287978871025,0.029648535564853556,0.02915481171548117,0.030142259414225936,1.0,0.015396782558472304,0.3017769381460571,0.032716669506125506,0.0321974289232032,0.01665717349272091,0.16292441773253416,True,True,True,0.01017647452635309,0.011854360711261619,True,9.133615153829417e-08,False,False,False,False
informativo,300,25,20263753,5,250,75000,0.03,1.0,0.5,0.03,0.01,0.029415473749113984,0.0004555473814557612,0.028233627350662815,0.030091206825997228,0.029648535564853556,0.028661087866108784,0.030142259414225936,1.0,0.01548665798624041,0.303538496530312,0.03215784750841981,0.03157486925381176,0.025416171875316574,0.24673206515984308,True,True,True,0.01987138659983749,0.011854360711261619,True,3.4167093797486083e-07,False,False,False,False
informativo,300,26,20263754,5,250,75000,0.03,1.0,0.5,0.03,0.01,0.029570554742418237,0.00045901074012277035,0.028339801540681487,0.030237222934144083,0.029648535564853556,0.02915481171548117,0.030142259414225936,1.0,0.015522561011151091,0.3042421958185614,0.03273818229925858,0.032082952281256856,0.01665717349272091,0.163625395803233,True,True,True,0.0145227325399388,0.011854360711261619,True,1.844232292594659e-07,False,False,False,False
informativo,300,27,20263755,5,250,75000,0.03,1.0,0.5,0.03,0.01,0.030014167211205946,0.00045876065414423705,0.02879049989986865,0.030631605773718183,0.030142259414225936,0.02915481171548117,0.030635983263598322,1.0,0.015284803703397652,0.299582152586594,0.03132968986667671,0.03067061399528265,0.02499246565483256,0.24181049351468692,True,True,True,0.0004720174678263333,0.004719600222098776,True,2.0070987335392504e-10,False,False,False,False
informativo,300,28,20263756,5,250,75000,0.03,1.0,0.5,0.03,0.01,0.030261344096475375,0.00045665831185677736,0.029158715025875033,0.03099220651463165,0.030142259414225936,0.029648535564853556,0.03112970711297071,1.0,0.015090483436588848,0.29577347535714144,0.030698435136200297,0.030294283738873485,0.02418649222000674,0.23983536761076565,True,True,True,0.008636235576390589,0.004719600222098776,True,6.830073676253088e-08,False,False,False,False
informativo,300,29,20263757,5,250,75000,0.03,1.0,0.5,0.03,0.01,0.029504671940326153,0.0004588348755642259,0.02828488432082081,0.030131924141877285,0.029648535564853556,0.028661087866108784,0.030142259414225936,1.0,0.01555126172872654,0.30480472988304014,0.03197096763172525,0.03130080254395225,0.025416171875316574,0.24598614756513765,True,True,True,0.016788122934417088,0.011854360711261619,True,2.453498867002566e-07,False,False,False,False
informativo,300,30,20263758,5,250,75000,0.03,1.0,0.5,0.03,0.01,0.02977746123507012,0.000455391150615501,0.02866964358815574,0.030504536401433333,0.029648535564853556,0.02915481171548117,0.030635983263598322,1.0,0.015293148969972243,0.2997457198114559,0.031237886951069195,0.03081009490353336,0.024583094340664014,0.24373268521717728,True,True,True,0.007473396176158289,0.011854360711261619,True,4.952350189651535e-08,False,False,False,False
informativo,300,31,20263759,5,250,75000,0.03,1.0,0.5,0.03,0.01,0.029463040280086,0.00045542738669165385,0.028260941631026232,0.030112466381591707,0.029648535564853556,0.028661087866108784,0.030142259414225936,1.0,0.015457582868644964,0.3029686242254413,0.03205118784871307,0.03142114209810377,0.025416171875316574,0.24633372920036142,True,True,True,0.01822485781540102,0.011854360711261619,True,2.883257408101213e-07,False,False,False,False
informativo,300,32,20263760,5,250,75000,0.03,1.0,0.5,0.03,0.01,0.02968239260279554,0.0004593085369995291,0.028485064015203797,0.030419451172899254,0.029648535564853556,0.02915481171548117,0.030142259414225936,1.0,0.0154741076012946,0.30329250898537413,0.033131701174261216,0.0325847579671403,0.01665717349272091,0.16300888505172775,True,True,True,0.010700195279222412,0.011854360711261619,True,1.0087445875899024e-07,False,False,False,False
informativo,300,33,20263761,5,250,75000,0.03,1.0,0.5,0.03,0.01,0.030878661707563596,0.0004604908177863796,0.029701256608193487,0.031568070859746576,0.030635983263598322,0.030142259414225936,0.031623430962343095,1.0,0.014912913718458995,0.2922931088817963,0.030740201852461065,0.030228224740319956,0.023802490427901744,0.23504064568952246,True,True,True,0.028455304050575943,0.020759355367385834,True,7.720463963385766e-07,False,False,False,False
informativo,300,34,20263762,5,250,75000,0.03,1.0,0.5,0.03,0.01,0.030238710272985816,0.0004598047338680768,0.029106567317631872,0.03097786111189936,0.030142259414225936,0.029648535564853556,0.03112970711297071,1.0,0.015205831522478983,0.29803429784058805,0.031378546845876217,0.03094202393842232,0.02418649222000674,0.24001488556401332,True,True,True,0.007894194918725502,0.004719600222098776,True,5.6982594428963555e-08,False,False,False,False
informativo,300,35,20263763,5,250,75000,0.03,1.0,0.5,0.03,0.01,0.02998288242262826,0.00045970969693863597,0.02876674594906621,0.030620281477221206,0.030142259414225936,0.02915481171548117,0.030635983263598322,1.0,0.015332405018928076,0.3005151383709903,0.03154600620131577,0.030909895553539592,0.02499246565483256,0.2420628038182408,True,True,True,0.0005709116665452995,0.004719600222098776,True,2.9301145507742816e-10,False,False,False,False
informativo,300,36,20263764,5,250,75000,0.03,1.0,0.5,0.03,0.01,0.030498007278048734,0.00045678237389887717,0.029279336183297214,0.03112006574570055,0.030635983263598322,0.029648535564853556,0.03112970711297071,1.0,0.014977449829243471,0.293558016653172,0.030805603635131823,0.030177866140917012,0.024582661859368315,0.2379742558130308,True,True,True,0.01632917434599683,0.020759355367385834,True,2.480112489895101e-07,False,False,False,False
informativo,300,37,20263765,5,250,75000,0.03,1.0,0.5,0.03,0.01,0.030210153735293607,0.0004586681993203213,0.029046442298154434,0.030949159974386013,0.030142259414225936,0.029648535564853556,0.030635983263598322,1.0,0.01518258408544519,0.29757864807472567,0.03197094551909722,0.031491360370150843,0.016384184841741718,0.16016117515471914,True,True,True,0.006956394102956622,0.004719600222098776,True,4.416459245785602e-08,False,False,False,False
informativo,300,38,20263766,5,250,75000,0.03,1.0,0.5,0.03,0.01,0.030529714888328247,0.00045763904136718336,0.0293036326910088,0.031150569616353808,0.030635983263598322,0.029648535564853556,0.03112970711297071,1.0,0.014989954640622681,0.29380311095620454,0.030885693864511458,0.030248184958502643,0.024582661859368315,0.2377271000506047,True,True,True,0.017350797092794534,0.020759355367385834,True,2.805978629166086e-07,False,False,False,False
informativo,300,39,20263767,5,250,75000,0.03,1.0,0.5,0.03,0.01,0.0303300460506401,0.00046248536436846373,0.02918121077173066,0.03104666407113846,0.030142259414225936,0.029648535564853556,0.03112970711297071,1.0,0.015248422755319332,0.2988690860042589,0.031225485903828325,0.030752562925443216,0.02418649222000674,0.2392921057111575,True,True,True,0.010881818316036912,0.004719600222098776,True,1.0893039554312762e-07,False,False,False,False
informativo,300,40,20263768,5,250,75000,0.03,1.0,0.5,0.03,0.01,0.030469938585064454,0.00045720612088129373,0.0292589493166299,0.031109378706870434,0.030635983263598322,0.029648535564853556,0.03112970711297071,1.0,0.015005154001373797,0.29410101842692643,0.03097162815278133,0.030364836231530277,0.024582661859368315,0.23819347602267876,True,True,True,0.015423023704248777,0.020759355367385834,True,2.2084227373238185e-07,False,False,False,False
informativo,300,41,20263769,5,250,75000,0.03,1.0,0.5,0.03,0.01,0.030139350317512897,0.00045928163328003786,0.028921248945171053,0.03086516123301826,0.030142259414225936,0.029648535564853556,0.030635983263598322,1.0,0.015238604297756404,0.29867664423602547,0.0328167041717822,0.03224874238111346,0.016384184841741718,0.16053742608505656,True,True,True,0.004623534218384506,0.004719600222098776,True,1.9418510990945433e-08,False,False,False,False
informativo,300,42,20263770,5,250,75000,0.03,1.0,0.5,0.03,0.01,0.03020294012799754,0.0004601415450820571,0.029025697480577,0.03094450061039918,0.030142259414225936,0.029648535564853556,0.030635983263598322,1.0,0.015234991796560718,0.29860583921259004,0.032261421653955465,0.031765171233172164,0.016384184841741718,0.16019942771611703,True,True,True,0.006719217637008228,0.004719600222098776,True,4.118469555165865e-08,False,False,False,False
informativo,300,43,20263771,5,250,75000,0.03,1.0,0.5,0.03,0.01,0.02948088273660811,0.0004544865001342292,0.028273579341448984,0.030119105592907952,0.029648535564853556,0.028661087866108784,0.030142259414225936,1.0,0.015416312469160469,0.30215972439554517,0.0319453647716661,0.03130038995011625,0.025416171875316574,0.24618464279435195,True,True,True,0.01760860650034971,0.011854360711261619,True,2.694827331514825e-07,False,False,False,False
informativo,300,44,20263772,5,250,75000,0.03,1.0,0.5,0.03,0.01,0.03002253837856351,0.00045795387170675375,0.028798224876380882,0.030634117373181006,0.030142259414225936,0.02915481171548117,0.030635983263598322,1.0,0.01525366929112626,0.29897191810607465,0.03123874436979638,0.03057523773724236,0.02499246565483256,0.24174306963185258,True,True,True,0.0007507152886048373,0.004719600222098776,True,5.079785082720615e-10,False,False,False,False
informativo,300,45,20263773,5,250,75000,0.03,1.0,0.5,0.03,0.01,0.029991502598046556,0.0004631444271122608,0.028768506661918217,0.03062634617563467,0.030142259414225936,0.02915481171548117,0.030635983263598322,1.0,0.015442521614186376,0.30267342363805294,0.03162014948390373,0.030972764829686434,0.02499246565483256,0.24199322998397435,True,True,True,0.0002833269832234464,0.004719600222098776,True,7.220583995836713e-11,False,False,False,False
informativo,300,46,20263774,5,250,75000,0.03,1.0,0.5,0.03,0.01,0.02974168852854976,0.00045683224112296904,0.028619494078993595,0.030476481776518276,0.029648535564853556,0.02915481171548117,0.030635983263598322,1.0,0.015359996816739064,0.30105593760808563,0.03166050730810096,0.031218599033846287,0.024583094340664014,0.24402584200312522,True,True,True,0.008685164973141396,0.011854360711261619,True,6.672481628278847e-08,False,False,False,False
informativo,300,47,20263775,5,250,75000,0.03,1.0,0.5,0.03,0.01,0.029675479294045713,0.00045242052624998167,0.028496130736614163,0.03039499861332489,0.029648535564853556,0.02915481171548117,0.030142259414225936,1.0,0.015245601318417741,0.2988137858409877,0.03252928154882673,0.03199388724096747,0.01665717349272091,0.16304686020084533,True,True,True,0.010935651712267286,0.011854360711261619,True,1.0531368859306839e-07,False,False,False,False
informativo,300,48,20263776,5,250,75000,0.03,1.0,0.5,0.03,0.01,0.029876669395835557,0.00045801307395082637,0.028709019856503048,0.030570892772037894,0.029648535564853556,0.02915481171548117,0.030635983263598322,1.0,0.015330124917293084,0.30047044837894443,0.03169025491325386,0.031159311817306662,0.024583094340664014,0.24292334897228154,True,True,True,0.0041279903904426615,0.011854360711261619,True,1.521043792356629e-08,False,False,False,False
informativo,300,49,20263777,5,250,75000,0.03,1.0,0.5,0.03,0.01,0.029265680188593452,0.0004536332607915718,0.02817048929571901,0.029993419817799752,0.02915481171548117,0.028661087866108784,0.030142259414225936,1.0,0.015500519990250533,0.30381019180891045,0.03157027511807636,0.031144509718097083,0.024992927692239045,0.24799493943089046,True,True,True,0.02509149989593446,0.028989667049368603,False,5.392255854241464e-07,False,False,False,False
informativo,300,50,20263778,5,250,75000,0.03,1.0,0.5,0.03,0.01,0.02972417704945246,0.0004596071039845107,0.028565362493523944,0.030464709157236952,0.029648535564853556,0.02915481171548117,0.030142259414225936,1.0,0.015462399622363203,0.30306303259831874,0.03243749484115361,0.031949524801864866,0.01665717349272091,0.1627797370403054,True,True,True,0.009279414198369479,0.011854360711261619,True,7.607830004874985e-08,False,False,False,False
informativo,300,51,20263779,5,250,75000,0.03,1.0,0.5,0.03,0.01,0.030725520511099166,0.00045871386858744564,0.02958884966989051,0.03146371107185558,0.030635983263598322,0.030142259414225936,0.031623430962343095,1.0,0.014929409199812959,0.29261642031633395,0.030938581278758873,0.030509839553211203,0.023802490427901744,0.23621212806312986,True,True,True,0.023612960790593787,0.020759355367385834,True,5.263800120255962e-07,False,False,False,False
informativo,300,52,20263780,5,250,75000,0.03,1.0,0.5,0.03,0.01,0.030208160892417853,0.0004567722431764476,0.029050136870883578,0.03094364467708743,0.030142259414225936,0.029648535564853556,0.030635983263598322,1.0,0.015120822641377546,0.29636812377099986,0.03181571894888121,0.031340997767909745,0.016384184841741718,0.16017174104312315,True,True,True,0.0068908826710500646,0.004719600222098776,True,4.33309571321973e-08,False,False,False,False
informativo,300,53,20263781,5,250,75000,0.03,1.0,0.5,0.03,0.01,0.030854549182851004,0.00045616071057293545,0.029693624050931317,0.03155144540030641,0.030635983263598322,0.030142259414225936,0.031623430962343095,1.0,0.01478422866818194,0.289770881896366,0.030592198871933617,0.030106117227077706,0.023802490427901744,0.23522432762712156,True,True,True,0.02769605148941757,0.020759355367385834,True,7.3025430591132e-07,False,False,False,False
informativo,300,54,20263782,5,250,75000,0.03,1.0,0.5,0.03,0.01,0.030065114116265907,0.0004615767233989535,0.028829979537409765,0.03074365847882741,0.030142259414225936,0.029648535564853556,0.030635983263598322,1.0,0.015352568482327165,0.3009103422536124,0.03245652783206245,0.03182557255590625,0.016384184841741718,0.16093382200839934,True,True,True,0.0021657698026391614,0.004719600222098776,True,4.239848137090205e-09,False,False,False,False
informativo,300,55,20263783,5,250,75000,0.03,1.0,0.5,0.03,0.01,0.029140431286248998,0.00045550403309776115,0.027927447575818918,0.029849580788174776,0.02915481171548117,0.028661087866108784,0.029648535564853556,1.0,0.015631341507038977,0.3063742935379639,0.033595412733234326,0.032980521006614076,0.016939415852374663,0.1660405666724847,True,True,True,0.029497460257447226,0.028989667049368603,False,7.3885837365955e-07,False,False,False,False
informativo,300,56,20263784,5,250,75000,0.03,1.0,0.5,0.03,0.01,0.030535862783012617,0.000459062499234422,0.02930679912395968,0.03117360846069798,0.030635983263598322,0.029648535564853556,0.03112970711297071,1.0,0.0150335525967127,0.2946576308955689,0.031197852474124477,0.030567489610557594,0.024582661859368315,0.2376792376016175,True,True,True,0.01754863737830007,0.020759355367385834,True,2.871489222180282e-07,False,False,False,False
informativo,300,57,20263785,5,250,75000,0.03,1.0,0.5,0.03,0.01,0.029683285793479983,0.0004558266633451697,0.028498444729244628,0.030412874443124557,0.029648535564853556,0.02915481171548117,0.030142259414225936,1.0,0.015356341158339462,0.30098428670345345,0.03278255327742927,0.03224760437910212,0.01665717349272091,0.16300398000116756,True,True,True,0.010669782608419352,0.011854360711261619,True,1.0030788861160307e-07,False,False,False,False
informativo,300,58,20263786,5,250,75000,0.03,1.0,0.5,0.03,0.01,0.029857579231195353,0.00045912946623376954,0.028699367809107854,0.03056166692368417,0.029648535564853556,0.02915481171548117,0.030635983263598322,1.0,0.01537731718565009,0.30139541683874177,0.031697474864023335,0.031186371476334813,0.024583094340664014,0.24307866788447202,True,True,True,0.004770003880818407,0.011854360711261619,True,2.0283675386906337e-08,False,False,False,False
informativo,300,59,20263787,5,250,75000,0.03,1.0,0.5,0.03,0.01,0.02977335777970113,0.00046073253915240923,0.028664038083985693,0.030508642503352265,0.029648535564853556,0.02915481171548117,0.030635983263598322,1.0,0.01547465833586722,0.3033033033829975,0.03140080698014572,0.03097743346610684,0.024583094340664014,0.24376627720243987,True,True,True,0.007612249245645656,0.011854360711261619,True,5.136669602200086e-08,False,False,False,False
informativo,300,60,20263788,5,250,75000,0.03,1.0,0.5,0.03,0.01,0.030973055611696103,0.0004624299559274581,0.02975284848506289,0.03161095501429668,0.03112970711297071,0.030142259414225936,0.031623430962343095,1.0,0.01493007218031257,0.29262941473412635,0.030595566484511727,0.029995531479498672,0.024186086968531684,0.23432433263166316,True,True,True,0.03141619683557003,0.03629032258064519,True,9.46837223453279e-07,False,False,False,False
informativo,300,61,20263789,5,250,75000,0.03,1.0,0.5,0.03,0.01,0.029670455037471222,0.0004607144813728364,0.02846079950496254,0.0304080797008253,0.029648535564853556,0.02915481171548117,0.030142259414225936,1.0,0.015527718762351091,0.30434328774208136,0.033380018071417404,0.03281513871970477,0.01665717349272091,0.1630744697962587,True,True,True,0.011106838843980853,0.011854360711261619,True,1.0859988232809271e-07,False,False,False,False
informativo,300,62,20263790,5,250,75000,0.03,1.0,0.5,0.03,0.01,0.030301384666698968,0.0004567908272294592,0.029174020485828043,0.031022132809012427,0.030142259414225936,0.029648535564853556,0.03112970711297071,1.0,0.015074915956942042,0.29546835275606403,0.030938047761837,0.03049550942164449,0.02418649222000674,0.23951844661905025,True,True,True,0.009946234141246747,0.004719600222098776,True,9.083271732124841e-08,False,False,False,False
informativo,300,63,20263791,5,250,75000,0.03,1.0,0.5,0.03,0.01,0.03004019698899722,0.00045812656309703823,0.028812798730839886,0.03067018687057034,0.030142259414225936,0.02915481171548117,0.030635983263598322,1.0,0.015250451362380733,0.2989088467026624,0.03156992724244734,0.030915045936795244,0.02499246565483256,0.24160096514787593,True,True,True,0.0013381067045580152,0.004719600222098776,True,1.6157979244426427e-09,False,False,False,False
informativo,300,64,20263792,5,250,75000,0.03,1.0,0.5,0.03,0.01,0.03000851055703095,0.0004597345932903097,0.028784905759776193,0.0306302221406571,0.030142259414225936,0.02915481171548117,0.030635983263598322,1.0,0.01532014034540593,0.3002747507699562,0.03140294099022684,0.030746550672248397,0.02499246565483256,0.2418560751950938,True,True,True,0.0002836047798767538,0.004719600222098776,True,7.242958097709302e-11,False,False,False,False
informativo,300,65,20263793,5,250,75000,0.03,1.0,0.5,0.03,0.01,0.029994999940630353,0.0004592253392171826,0.0287757065982459,0.030624650835886395,0.030142259414225936,0.02915481171548117,0.030635983263598322,1.0,0.015310063014706974,0.3000772350882567,0.03146628998430978,0.03082087416736364,0.02499246565483256,0.24196501417367636,True,True,True,0.00016669642872287226,0.004719600222098776,True,2.5000593699986236e-11,False,False,False,False
informativo,300,66,20263794,5,250,75000,0.03,1.0,0.5,0.03,0.01,0.029892074495610717,0.00045891858671586616,0.028715603255238992,0.03057959862382613,0.029648535564853556,0.02915481171548117,0.030635983263598322,1.0,0.015352517162475716,0.300909336384524,0.03172642693416229,0.03117875557383683,0.024583094340664014,0.24279815664315152,True,True,True,0.003610505667819339,0.011854360711261619,True,1.1647914497680953e-08,False,False,False,False
informativo,300,67,20263795,5,250,75000,0.03,1.0,0.5,0.03,0.01,0.02971415691792673,0.00045980438483963354,0.028543268962345898,0.030455176676775945,0.029648535564853556,0.02915481171548117,0.030142259414225936,1.0,0.015474253101296331,0.3032953607854081,0.0326764982265961,0.0321716634887356,0.01665717349272091,0.16283462920431235,True,True,True,0.00961976080501941,0.011854360711261619,True,8.170626756914573e-08,False,False,False,False
informativo,300,68,20263796,5,250,75000,0.03,1.0,0.5,0.03,0.01,0.030401834224009924,0.000458106930839309,0.02921813786950615,0.03108040908042399,0.030635983263598322,0.029648535564853556,0.03112970711297071,1.0,0.015068397763892743,0.29534059617229774,0.031172631094812945,0.030627612748560868,0.024582661859368315,0.23872706272578204,True,True,True,0.013217433561708417,0.020759355367385834,True,1.614707435856589e-07,False,False,False,False
informativo,300,69,20263797,5,250,75000,0.03,1.0,0.5,0.03,0.01,0.030570300697371936,0.00045712303072081503,0.029343081745380913,0.031242978204944104,0.030635983263598322,0.030142259414225936,0.03112970711297071,1.0,0.014953174168813883,0.29308221370875204,0.0316768143270304,0.0310742193603369,0.016120002029935625,0.15827432552095705,True,True,True,0.01865538396293786,0.020759355367385834,True,3.2524288542291794e-07,False,False,False,False
informativo,300,70,20263798,5,250,75000,0.03,1.0,0.5,0.03,0.01,0.03022168620263932,0.0004589910648187501,0.02907025354542551,0.030961022768533363,0.030142259414225936,0.029648535564853556,0.030635983263598322,1.0,0.015187473714774575,0.29767448480958164,0.0317441061217557,0.03128166328030246,0.016384184841741718,0.1601000583292006,True,True,True,0.007335335333471988,0.004719600222098776,True,4.9144772440641966e-08,False,False,False,False
informativo,300,71,20263799,5,250,75000,0.03,1.0,0.5,0.03,0.01,0.029896837404541955,0.0004603042875283663,0.02871670828618961,0.030583200025428924,0.029648535564853556,0.02915481171548117,0.030635983263598322,1.0,0.015396420741761684,0.30176984653852895,0.03176901460657604,0.03121553818524889,0.024583094340664014,0.24275947611339793,True,True,True,0.0034506190090318255,0.011854360711261619,True,1.0642521101640118e-08,False,False,False,False
informativo,300,72,20263800,5,250,75000,0.03,1.0,0.5,0.03,0.01,0.029792514340945805,0.0004625929787047898,0.028669873972916742,0.030525010714975553,0.029648535564853556,0.02915481171548117,0.030635983263598322,1.0,0.015527154687612852,0.30433223187721187,0.03157704452043094,0.0311342762283943,0.024583094340664014,0.2436095356946512,True,True,True,0.006964355431022966,0.011854360711261619,True,4.305029871315302e-08,False,False,False,False
informativo,300,73,20263801,5,250,75000,0.03,1.0,0.5,0.03,0.01,0.029443691355404075,0.00045642568354270046,0.0282482871149675,0.030104932694364515,0.029648535564853556,0.028661087866108784,0.030142259414225936,1.0,0.015501646109292217,0.3038322637421274,0.03214115576117309,0.0315287501995949,0.025416171875316574,0.2464956074348322,True,True,True,0.01889398438126946,0.011854360711261619,True,3.094793080521537e-07,False,False,False,False
informativo,300,74,20263802,5,250,75000,0.03,1.0,0.5,0.03,0.01,0.02953051647364125,0.0004570235038682158,0.028307195770814572,0.030140306666512132,0.029648535564853556,0.028661087866108784,0.030142259414225936,1.0,0.015476312589254984,0.3033357267493976,0.03172380491254231,0.03103756917583516,0.025416171875316574,0.24577086527600212,True,True,True,0.01589824975725719,0.011854360711261619,True,2.2041478152224518e-07,False,False,False,False
informativo,300,75,20263803,5,250,75000,0.03,1.0,0.5,0.03,0.01,0.030072921255555597,0.0004610945040159102,0.028838395047007314,0.0307577430136964,0.030142259414225936,0.029648535564853556,0.030635983263598322,1.0,0.01533254784587077,0.30051793777906705,0.032536721323954215,0.03191156506510835,0.016384184841741718,0.16089204247011757,True,True,True,0.0024248145012558805,0.004719600222098776,True,5.317509511804776e-09,False,False,False,False
informativo,300,76,20263804,5,250,75000,0.03,1.0,0.5,0.03,0.01,0.029614523485098444,0.0004527801986789781,0.02840158534056157,0.030300804214521023,0.029648535564853556,0.02915481171548117,0.030142259414225936,1.0,0.015289126597184989,0.29966688130482577,0.032677816755531774,0.032065666613124995,0.01665717349272091,0.16338246084844166,True,True,True,0.013016468595063556,0.011854360711261619,True,1.4859214354064845e-07,False,False,False,False
informativo,300,77,20263805,5,250,75000,0.03,1.0,0.5,0.03,0.01,0.03031806463880904,0.0004546991860486238,0.02918243848099761,0.031030758380125457,0.030142259414225936,0.029648535564853556,0.03112970711297071,1.0,0.014997632318079436,0.29395359343435695,0.03094102165005746,0.030482155130078452,0.02418649222000674,0.23938667168364297,True,True,True,0.01049092818417904,0.004719600222098776,True,1.0116511446072522e-07,False,False,False,False
informativo,300,78,20263806,5,250,75000,0.03,1.0,0.5,0.03,0.01,0.030191553746516393,0.00045977598103474915,0.029005051651858273,0.030931731869750023,0.030142259414225936,0.029648535564853556,0.030635983263598322,1.0,0.0152286293343813,0.2984811349538734,0.032418075267806594,0.03190760293537488,0.016384184841741718,0.1602598450040894,True,True,True,0.006344613732855677,0.004719600222098776,True,3.669283780446708e-08,False,False,False,False
informativo,300,79,20263807,5,250,75000,0.03,1.0,0.5,0.03,0.01,0.02980842716580771,0.00045796083061113997,0.028679683245914692,0.030530316464106592,0.029648535564853556,0.02915481171548117,0.030635983263598322,1.0,0.015363468460236377,0.30112398182063294,0.0315009580535742,0.03104211449832384,0.024583094340664014,0.24347948804555397,True,True,True,0.00642680115682296,0.011854360711261619,True,3.6700150800466304e-08,False,False,False,False
informativo,300,80,20263808,5,250,75000,0.03,1.0,0.5,0.03,0.01,0.03065546408436633,0.00046059706549003867,0.02944480438134002,0.031392263565989884,0.030635983263598322,0.030142259414225936,0.03112970711297071,1.0,0.015024958168058983,0.294489180093956,0.032293488227411495,0.031763655237616,0.016120002029935625,0.15783462649704008,True,True,True,0.021381639585114198,0.020759355367385834,True,4.296331658941931e-07,False,False,False,False
informativo,300,81,20263809,5,250,75000,0.03,1.0,0.5,0.03,0.01,0.029337986459819436,0.0004600851180487255,0.028193748812055414,0.030053884305477573,0.02915481171548117,0.028661087866108784,0.030142259414225936,1.0,0.015682232271762974,0.3073717525265543,0.03220263810371216,0.03170182616263993,0.024992927692239045,0.2473837322037783,True,True,True,0.022565063934678588,0.028989667049368603,True,4.382619273824019e-07,False,False,False,False
informativo,300,82,20263810,5,250,75000,0.03,1.0,0.5,0.03,0.01,0.030069898888203453,0.00045700352991404997,0.028842658974721457,0.030734523759718833,0.030142259414225936,0.029648535564853556,0.030635983263598322,1.0,0.015198040126876993,0.29788158648678903,0.032087086305828245,0.03145778427840944,0.016384184841741718,0.16090821395304106,True,True,True,0.00232454683214371,0.004719600222098776,True,4.885854572078964e-09,False,False,False,False
informativo,300,83,20263811,5,250,75000,0.03,1.0,0.5,0.03,0.01,0.03000197303133286,0.00045681414970258425,0.0287838273426458,0.030625469236115085,0.030142259414225936,0.02915481171548117,0.030635983263598322,1.0,0.01522613693524442,0.2984322839307906,0.03133961910493263,0.03069201301437657,0.02499246565483256,0.24190877640595007,True,True,True,6.576338598804909e-05,0.004719600222098776,True,3.892852640456194e-12,False,False,False,False
informativo,300,84,20263812,5,250,75000,0.03,1.0,0.5,0.03,0.01,0.029701978152779206,0.00046100887151936167,0.02851461107076611,0.030444832171966366,0.029648535564853556,0.02915481171548117,0.030142259414225936,1.0,0.015521150448231179,0.3042145487853311,0.03302032937460965,0.03249314054558426,0.01665717349272091,0.16290139663295847,True,True,True,0.010033737338565345,0.011854360711261619,True,8.88170214208934e-08,False,False,False,False
informativo,300,85,20263813,5,250,75000,0.03,1.0,0.5,0.03,0.01,0.030632795733800934,0.00046165451165352774,0.02940848659834245,0.03136478508137666,0.030635983263598322,0.030142259414225936,0.03112970711297071,1.0,0.015070596744264106,0.2953836961875765,0.03248454332744786,0.031931438776180446,0.016120002029935625,0.15795142454172018,True,True,True,0.020657459387642376,0.020759355367385834,True,4.0043044071666404e-07,False,False,False,False
informativo,300,86,20263814,5,250,75000,0.03,1.0,0.5,0.03,0.01,0.02967022171686061,0.0004589551882690926,0.02846577761854071,0.03040375485816705,0.029648535564853556,0.02915481171548117,0.030142259414225936,1.0,0.015468545959947561,0.3031835008149722,0.033219201869821344,0.032658624160618446,0.01665717349272091,0.1630757521808405,True,True,True,0.011114789983250616,0.011854360711261619,True,1.087537160303635e-07,False,False,False,False
informativo,300,87,20263815,5,250,75000,0.03,1.0,0.5,0.03,0.01,0.0294868403717527,0.00045566056214542893,0.028276241164867558,0.030122441162912763,0.029648535564853556,0.028661087866108784,0.030142259414225936,1.0,0.015453014171770498,0.30287907776670175,0.03195693706776165,0.03130549042843187,0.025416171875316574,0.24613490269804195,True,True,True,0.017403004926186866,0.011854360711261619,True,2.633328040629077e-07,False,False,False,False
informativo,300,88,20263816,5,250,75000,0.03,1.0,0.5,0.03,0.01,0.029880772031814405,0.00045489195700841123,0.02871368036842664,0.030570084042753513,0.029648535564853556,0.02915481171548117,0.030635983263598322,1.0,0.01522356773526743,0.2983819276112416,0.03159721050637684,0.031063515901636293,0.024583094340664014,0.2428899955478608,True,True,True,0.0039901234164449306,0.011854360711261619,True,1.421530839766495e-08,False,False,False,False
informativo,300,89,20263817,5,250,75000,0.03,1.0,0.5,0.03,0.01,0.029901147816855687,0.0004562476602479154,0.028722548257636888,0.030581663989429284,0.030142259414225936,0.02915481171548117,0.030635983263598322,1.0,0.015258533319270183,0.29906725305769555,0.03164318644035905,0.031087698425148524,0.02499246565483256,0.24272448102085087,True,True,True,0.0033059661705892294,0.004719600222098776,True,9.771754112396637e-09,False,False,False,False
informativo,300,90,20263818,5,250,75000,0.03,1.0,0.5,0.03,0.01,0.030096890774245065,0.00045758632543199825,0.028870798775972754,0.030790768837256764,0.030142259414225936,0.029648535564853556,0.030635983263598322,1.0,0.01520377399992329,0.29799397039849645,0.03250175109859464,0.03189648518323017,0.016384184841741718,0.16076390615039265,True,True,True,0.0032192951415426305,0.004719600222098776,True,9.387822133808373e-09,False,False,False,False
informativo,300,91,20263819,5,250,75000,0.03,1.0,0.5,0.03,0.01,0.02936310810460547,0.0004561035181588597,0.02820781889022115,0.03006447065540789,0.02915481171548117,0.028661087866108784,0.030142259414225936,1.0,0.015533216597302993,0.3044510453071386,0.03214248241746464,0.03161538210758305,0.024992927692239045,0.2471720827345148,True,True,True,0.02169020708317447,0.028989667049368603,True,4.056312864192368e-07,False,False,False,False
informativo,300,92,20263820,5,250,75000,0.03,1.0,0.5,0.03,0.01,0.02944408588761977,0.000454890248486988,0.028250087340845033,0.03010382727134054,0.029648535564853556,0.028661087866108784,0.030142259414225936,1.0,0.015449290911023112,0.30280610185605294,0.0320904182035453,0.03147898592557328,0.025416171875316574,0.24649230454886276,True,True,True,0.0188803318432776,0.011854360711261619,True,3.090405003434965e-07,False,False,False,False
informativo,300,93,20263821,5,250,75000,0.03,1.0,0.5,0.03,0.01,0.030230335426697046,0.000458769374029087,0.029091319508804215,0.030968730149415424,0.030142259414225936,0.029648535564853556,0.03112970711297071,1.0,0.015175795026870198,0.29744558252665587,0.0314981775960108,0.031051766613102622,0.02418649222000674,0.2400813779712342,True,True,True,0.007619347368988726,0.004719600222098776,True,5.30544087917109e-08,False,False,False,False
informativo,300,94,20263822,5,250,75000,0.03,1.0,0.5,0.03,0.01,0.029934135001242392,0.00045805890563249024,0.028738502962660385,0.030598581082613673,0.030142259414225936,0.02915481171548117,0.030635983263598322,1.0,0.015302226224792494,0.29992363400593286,0.031659384868042637,0.03106951511837718,0.02499246565483256,0.2424570005270845,True,True,True,0.002200330784733708,0.004719600222098776,True,4.3381980613395295e-09,False,False,False,False
informativo,300,95,20263823,5,250,75000,0.03,1.0,0.5,0.03,0.01,0.030055443111036168,0.0004563206531083447,0.028829613679366435,0.030698612825217787,0.030142259414225936,0.029648535564853556,0.030635983263598322,1.0,0.015182629363424247,0.2975795355231152,0.03173545052962315,0.031092523556324924,0.016384184841741718,0.16098560603395953,True,True,True,0.0018446945144459902,0.004719600222098776,True,3.073938561368922e-09,False,False,False,False
informativo,300,96,20263824,5,250,75000,0.03,1.0,0.5,0.03,0.01,0.029895802918692992,0.0004569015472116015,0.028719258865783845,0.030579621364823794,0.029648535564853556,0.02915481171548117,0.030635983263598322,1.0,0.015283133503864317,0.2995494166757406,0.0316644880478142,0.031114108293052695,0.024583094340664014,0.24276787633076036,True,True,True,0.0034853414571398384,0.011854360711261619,True,1.085703175289894e-08,False,False,False,False
informativo,300,97,20263825,5,250,75000,0.03,1.0,0.5,0.03,0.01,0.030340069860438225,0.0004594498102449268,0.029187919315091935,0.031049349958851644,0.030142259414225936,0.029648535564853556,0.03112970711297071,1.0,0.015143333959294007,0.29680934560216254,0.031158589570332695,0.03067611004724337,0.02418649222000674,0.2392130479316311,True,True,True,0.011208605056037158,0.004719600222098776,True,1.1564750997847452e-07,False,False,False,False
informativo,300,98,20263826,5,250,75000,0.03,1.0,0.5,0.03,0.01,0.02970166685057382,0.00045978020474982405,0.02851853893271986,0.030442142338793686,0.029648535564853556,0.02915481171548117,0.030142259414225936,1.0,0.015479946195037916,0.3034069454227431,0.03290515039297028,0.03238207834851975,0.01665717349272091,0.16290310399720462,True,True,True,0.010044323469354808,0.011854360711261619,True,8.900266804654202e-08,False,False,False,False
informativo,300,99,20263827,5,250,75000,0.03,1.0,0.5,0.03,0.01,0.029854255693669254,0.00045522079979992073,0.028701137221204393,0.03055583537271581,0.029648535564853556,0.02915481171548117,0.030635983263598322,1.0,0.015248104138682399,0.298862841118175,0.03156866561919959,0.031062542147127028,0.024583094340664014,0.24310572871904107,True,True,True,0.004881860322568627,0.011854360711261619,True,2.1241402827830102e-08,False,False,False,False
sesgado,20,0,20260728,5,250,5000,0.03,1.0,0.5,0.045,0.01,0.030224250053843688,0.0017554803626670002,0.026544285202508372,0.033458903144676644,0.029648535564853556,0.026686192468619245,0.03310460251046025,1.0,0.05808185015474856,1.1384042630330717,0.11765516359398794,0.11438857754700392,0.10770248367032653,1.0405621032446863,False,False,False,0.007419540714631338,0.011854360711261619,True,5.028808664889727e-08,False,True,False,True
sesgado,20,1,20260729,5,250,5000,0.03,1.0,0.5,0.045,0.01,0.03038253749286785,0.0017221728495317007,0.02677180122400692,0.03353828292649337,0.030142259414225936,0.026686192468619245,0.03310460251046025,1.0,0.05668298278035442,1.1109864624949466,0.11448235185966708,0.11135478239885083,0.10949600513139039,1.0351409658394626,False,False,False,0.012590702569120467,0.004719600222098776,True,1.4633493344961998e-07,False,True,False,True
sesgado,20,2,20260730,5,250,5000,0.03,1.0,0.5,0.045,0.01,0.03150149959559019,0.0017020117251092752,0.027917525980029455,0.034606907186831494,0.03112970711297071,0.028167364016736397,0.03409205020920502,1.0,0.05402954611556128,1.058979103865001,0.1090554718892948,0.10617559945842177,0.09603091470890145,0.921573979518112,False,False,True,0.0476643847075897,0.03629032258064519,True,2.254501035557509e-06,False,True,False,False
sesgado,20,3,20260731,5,250,5000,0.03,1.0,0.5,0.045,0.01,0.030191913976618186,0.0017630868772216322,0.026492269497295103,0.033443334714521045,0.029648535564853556,0.026686192468619245,0.03310460251046025,1.0,0.05839599564926677,1.1445615147256287,0.1184358750645545,0.11511468306727957,0.10770248367032653,1.0416765637772152,False,False,False,0.006356469376761424,0.011854360711261619,True,3.683097442140622e-08,False,True,False,True
sesgado,20,4,20260732,5,250,5000,0.03,1.0,0.5,0.045,0.01,0.0326385137415274,0.0018156044621559751,0.028838222839854655,0.03598527354421041,0.032117154811715475,0.028661087866108784,0.03557322175732217,1.0,0.05562766970745676,1.0903023262661522,0.11239162225760632,0.10948799263586338,0.10886877626045903,1.037714411114622,False,False,False,0.08084049912390188,0.06591974986972371,True,6.961754764228941e-06,False,True,False,True
sesgado,20,5,20260733,5,250,5000,0.03,1.0,0.5,0.045,0.01,0.031694911635878176,0.0017348117816477022,0.028060933561381868,0.03489350921088313,0.03112970711297071,0.028167364016736397,0.034585774058577406,1.0,0.05473470951986882,1.0728003065894287,0.11058525779928001,0.10778663351386163,0.10254837698227356,0.9922794411396865,False,False,False,0.05347582777165918,0.03629032258064519,True,2.8727254534352377e-06,False,True,False,True
sesgado,20,6,20260734,5,250,5000,0.03,1.0,0.5,0.045,0.01,0.031074663595022332,0.001769314175033953,0.02736203051725242,0.034341830242855705,0.030635983263598322,0.02717991631799163,0.03409205020920502,1.0,0.05693751662423045,1.1159753258349168,0.11541111624450283,0.11230692335992556,0.11426487143026415,1.0899379799680584,False,False,False,0.03458327366074776,0.020759355367385834,True,1.154901842466326e-06,False,True,False,True
sesgado,20,7,20260735,5,250,5000,0.03,1.0,0.5,0.045,0.01,0.029781104820476405,0.0017577032614277555,0.02610481322196655,0.0330132128676306,0.02915481171548117,0.02619246861924686,0.03261087866108786,1.0,0.05902075399899948,1.1568067783803897,0.11936579100091689,0.11598628874429945,0.10953899985324994,1.0560457509755277,False,False,False,0.007350136297599263,0.028989667049368603,True,4.7915099618666496e-08,False,True,False,True
sesgado,20,8,20260736,5,250,5000,0.03,1.0,0.5,0.045,0.01,0.03235056550269733,0.0017769081955076945,0.028655214103464187,0.03560792533743216,0.032117154811715475,0.028661087866108784,0.035079497907949786,1.0,0.05492665021140168,1.0765623441434728,0.11021881690215175,0.1074588824944693,0.10251525324566771,0.9721687616990388,False,False,False,0.07265917816803998,0.06591974986972371,True,5.525158182470771e-06,False,True,False,True
sesgado,20,9,20260737,5,250,5000,0.03,1.0,0.5,0.045,0.01,0.0289000121353822,0.0017971168473680413,0.025153744776537285,0.032205824850690366,0.028167364016736397,0.025205020920502086,0.031623430962343095,1.0,0.062183947845746275,1.2188053777766268,0.12579059971445014,0.12200825454877993,0.11340902597601138,1.0882420760826097,False,False,False,0.038061847845077,0.06506238859180051,True,1.2099733023064224e-06,False,True,False,True
sesgado,20,10,20260738,5,250,5000,0.03,1.0,0.5,0.045,0.01,0.03201057044633085,0.0017603243335902207,0.028317864097878818,0.03525633203424908,0.031623430962343095,0.028167364016736397,0.035079497907949786,1.0,0.05499197012254415,1.0778426144018654,0.11123190696656755,0.10837776146481588,0.11060927812022338,1.058070993259285,False,False,False,0.06280957878278957,0.05133633236305904,True,4.042393519659035e-06,False,True,False,True
sesgado,20,11,20260739,5,250,5000,0.03,1.0,0.5,0.045,0.01,0.030195589157410614,0.0017547058368808253,0.02651350722412844,0.03343106609465993,0.029648535564853556,0.026686192468619245,0.03310460251046025,1.0,0.058111329695654725,1.1389820620348325,0.11782812569920838,0.11454585029737328,0.10770248367032653,1.0415497787133716,False,False,False,0.006477408219823317,0.011854360711261619,True,3.825511849659444e-08,False,True,False,True
sesgado,20,12,20260740,5,250,5000,0.03,1.0,0.5,0.045,0.01,0.030638392242882312,0.0017856461362921968,0.026893347481878747,0.0339348741200801,0.030142259414225936,0.026686192468619245,0.033598326359832634,1.0,0.058281326322108994,1.1423139959133362,0.11819842699425305,0.11491344882558568,0.11618597084389168,1.1054580083200647,False,False,False,0.02083634930389074,0.004719600222098776,True,4.075446557723101e-07,False,True,False,True
sesgado,20,13,20260741,5,250,5000,0.03,1.0,0.5,0.045,0.01,0.03030247068023702,0.0017723725650895066,0.026598255076367705,0.03355433444771057,0.029648535564853556,0.026686192468619245,0.03310460251046025,1.0,0.05848937480353478,1.1463917461492816,0.11808936772028045,0.11477742928532146,0.10770248367032653,1.037876070796182,False,False,False,0.00998171678569733,0.011854360711261619,True,9.148851240304686e-08,False,True,False,True
sesgado,20,14,20260742,5,250,5000,0.03,1.0,0.5,0.045,0.01,0.033068008869644935,0.001796024353415968,0.029307555761264623,0.03638749492451617,0.03261087866108786,0.02915481171548117,0.03606694560669456,1.0,0.05431304801253528,1.0645357410456915,0.10976801681079955,0.1070511864073957,0.10718278587430509,1.0242363306620605,False,False,False,0.09277876033416824,0.08006158583525777,True,9.412678424220001e-06,False,True,False,True
sesgado,20,15,20260743,5,250,5000,0.03,1.0,0.5,0.045,0.01,0.030943943711340793,0.0017358146268809426,0.027301531152024758,0.0341168904780481,0.030635983263598322,0.02717991631799163,0.033598326359832634,1.0,0.05609545580464508,1.0994709337710435,0.1132082245073393,0.11012428457083748,0.10766226864774327,1.016360729530883,False,False,False,0.030504958260858073,0.020759355367385834,True,8.910297301798331e-07,False,True,False,True
sesgado,20,16,20260744,5,250,5000,0.03,1.0,0.5,0.045,0.01,0.02887561216540942,0.001730877161870176,0.02525493101615883,0.03204941322306718,0.028167364016736397,0.025205020920502086,0.031623430962343095,1.0,0.05994252700012444,1.1748735292024388,0.12119684121929677,0.11765087728681259,0.11340902597601138,1.0891616435649345,False,False,False,0.038939012899525734,0.06506238859180051,True,1.2642480025752895e-06,False,True,False,True
sesgado,20,17,20260745,5,250,5000,0.03,1.0,0.5,0.045,0.01,0.031093505848893897,0.0018053282580406964,0.02731605740476901,0.034429329553996746,0.030635983263598322,0.02717991631799163,0.03409205020920502,1.0,0.05806126420140938,1.1380007783476236,0.11758787418290653,0.11438517392982847,0.11426487143026415,1.0892774919477424,False,False,False,0.03516830344600066,0.020759355367385834,True,1.1957550415651638e-06,False,True,False,True
sesgado,20,18,20260746,5,250,5000,0.03,1.0,0.5,0.045,0.01,0.02867762532388448,0.0017088385230323512,0.025090733750544502,0.03182196710078899,0.028167364016736397,0.025205020920502086,0.03112970711297071,1.0,0.05958786697757453,1.1679221927604606,0.12088361881771457,0.11736036847929496,0.10634558540033424,1.0123209999161782,False,False,False,0.04611172163596698,0.06506238859180051,True,1.7486747840316234e-06,False,True,False,True
sesgado,20,19,20260747,5,250,5000,0.03,1.0,0.5,0.045,0.01,0.0307545897810239,0.0017804318266189622,0.02702526529277602,0.034027091390232016,0.030142259414225936,0.02717991631799163,0.033598326359832634,1.0,0.05789158103866235,1.1346749883577818,0.1170837084515287,0.11383383988064509,0.1059272034059468,1.0226183938381195,False,False,False,0.024535842825303928,0.004719600222098776,True,5.694057376257e-07,False,True,False,True
sesgado,20,20,20260748,5,250,5000,0.03,1.0,0.5,0.045,0.01,0.031923001886588975,0.0017810251645723229,0.028209321053689018,0.035204200815840574,0.031623430962343095,0.028167364016736397,0.034585774058577406,1.0,0.05579128087326089,1.0935091051159134,0.11242602564181012,0.10955861524241776,0.10417481629462683,0.985189592029982,False,False,False,0.06023875490847377,0.05133633236305904,True,3.6979362558247624e-06,False,True,False,True
sesgado,20,21,20260749,5,250,5000,0.03,1.0,0.5,0.045,0.01,0.03024674901123152,0.0017483141920234138,0.02658700435230406,0.033466551903657465,0.029648535564853556,0.026686192468619245,0.03310460251046025,1.0,0.05780172247186673,1.132913760448588,0.11693060810028107,0.1137237517459947,0.10770248367032653,1.0397880841125275,False,False,False,0.008157868838726897,0.011854360711261619,True,6.088507454373286e-08,False,True,False,True
sesgado,20,22,20260750,5,250,5000,0.03,1.0,0.5,0.045,0.01,0.030275997388406934,0.0017455308653765292,0.02662937538743441,0.03348749210787389,0.029648535564853556,0.026686192468619245,0.03310460251046025,1.0,0.0576539508503497,1.130017436666854,0.11642057275750232,0.11325996353576018,0.10770248367032653,1.0387835882514507,False,False,False,0.009116046116208806,0.011854360711261619,True,7.61745584074486e-08,False,True,False,True
sesgado,20,23,20260751,5,250,5000,0.03,1.0,0.5,0.045,0.01,0.030744432076445134,0.0017445670892303597,0.027094849192367605,0.03395763869593447,0.030142259414225936,0.02717991631799163,0.033598326359832634,1.0,0.05674416378525206,1.1121856101909402,0.11466026373552468,0.11161028257901687,0.1059272034059468,1.0229562584477372,False,False,False,0.02421355758317894,0.004719600222098776,True,5.541791164404149e-07,False,True,False,True
sesgado,20,24,20260752,5,250,5000,0.03,1.0,0.5,0.045,0.01,0.029918202611870042,0.0017763505413621625,0.026216967852717963,0.03318151003743792,0.029648535564853556,0.02619246861924686,0.03261087866108786,1.0,0.05937357148110882,1.1637220010297327,0.11976211826216124,0.11639305801674019,0.11139399439726308,1.0512065050506423,False,False,False,0.002734034166126733,0.011854360711261619,True,6.690812704882792e-09,False,True,False,True
sesgado,20,25,20260753,5,250,5000,0.03,1.0,0.5,0.045,0.01,0.029366296359130965,0.0017798882248769602,0.02565579439295625,0.03262375040065664,0.028661087866108784,0.025698744769874472,0.032117154811715475,1.0,0.060609897928906975,1.1879539994065766,0.12223771683284189,0.11863865845537275,0.11144001381920231,1.0709627397478056,False,False,False,0.021579283717607606,0.046715328467153226,True,4.0158030445067e-07,False,True,False,True
sesgado,20,26,20260754,5,250,5000,0.03,1.0,0.5,0.045,0.01,0.030617258596137183,0.0017540960199717494,0.02693274749349049,0.033854525412207015,0.030142259414225936,0.02717991631799163,0.033598326359832634,1.0,0.05729108680530446,1.1229053013839674,0.1162134992670445,0.11303719268304785,0.1059272034059468,1.027205264190074,False,False,False,0.020160478907640066,0.004719600222098776,True,3.8100817450524694e-07,False,True,False,True
sesgado,20,27,20260755,5,250,5000,0.03,1.0,0.5,0.045,0.01,0.03170778393981112,0.0017947274629930288,0.027946576643391677,0.03501037481245895,0.03112970711297071,0.028167364016736397,0.034585774058577406,1.0,0.0566021096396975,1.109401348938071,0.11445869768608147,0.11138902331484336,0.10254837698227356,0.9918766087444295,False,False,False,0.05386008505207744,0.03629032258064519,True,2.9165259850767984e-06,False,True,False,True
sesgado,20,28,20260756,5,250,5000,0.03,1.0,0.5,0.045,0.01,0.033139913461042794,0.0018161454393974044,0.02933865956061071,0.03648676127921668,0.03261087866108786,0.02915481171548117,0.03606694560669456,1.0,0.05480235914111095,1.0741262391657747,0.11064620308687392,0.10784732022624059,0.10718278587430509,1.022014016625614,False,False,False,0.09474718347511324,0.08006158583525777,True,9.859056542837746e-06,False,True,False,True
sesgado,20,29,20260757,5,250,5000,0.03,1.0,0.5,0.045,0.01,0.030783964849840972,0.0017697925834394917,0.027083436244296006,0.03403406489992313,0.030142259414225936,0.02717991631799163,0.033598326359832634,1.0,0.05749072908808997,1.1268182901265633,0.11606494166814767,0.11289365566669415,0.1059272034059468,1.021642577830041,False,False,False,0.025466662714339276,0.004719600222098776,True,6.146008857861801e-07,False,True,False,True
sesgado,20,30,20260758,5,250,5000,0.03,1.0,0.5,0.045,0.01,0.03129693509162009,0.0017501071604721623,0.027648419307287606,0.03451141414960077,0.030635983263598322,0.02767364016736401,0.03409205020920502,1.0,0.05591944244216943,1.0960210718665209,0.11255179441816243,0.10964324177786292,0.1042101155832105,1.004897416087299,False,False,False,0.04143968372057475,0.020759355367385834,True,1.6820406318756178e-06,False,True,False,True
sesgado,20,31,20260759,5,250,5000,0.03,1.0,0.5,0.045,0.01,0.031779868925097036,0.00172088793825227,0.028188251976402276,0.03494654007218348,0.03112970711297071,0.028167364016736397,0.034585774058577406,1.0,0.05415025286316581,1.06134495611805,0.1090150548905523,0.10632970374594722,0.10254837698227356,0.9896267753384043,False,False,False,0.0560061757741062,0.03629032258064519,True,3.167933390526084e-06,False,True,False,True
sesgado,20,32,20260760,5,250,5000,0.03,1.0,0.5,0.045,0.01,0.031316665890995694,0.0017682794350384469,0.027628912466685553,0.034556901288144745,0.030635983263598322,0.02767364016736401,0.03409205020920502,1.0,0.05646448575315517,1.1067039207618412,0.11361982568051829,0.11061185193809468,0.1042101155832105,1.004264289004777,False,False,False,0.04204361650689865,0.020759355367385834,True,1.7336090685114886e-06,False,True,False,True
sesgado,20,33,20260761,5,250,5000,0.03,1.0,0.5,0.045,0.01,0.030335222580833328,0.0017583130848894792,0.026673016160621194,0.03355789545601291,0.029648535564853556,0.026686192468619245,0.03310460251046025,1.0,0.057962755348313556,1.1360700048269456,0.11666663615454317,0.11347995349376115,0.10770248367032653,1.0367555115581075,False,False,False,0.011050605610032065,0.011854360711261619,True,1.1237417870055776e-07,False,True,False,True
sesgado,20,34,20260762,5,250,5000,0.03,1.0,0.5,0.045,0.01,0.03119352081711884,0.0017267079337489985,0.027576239014127094,0.03437657446087256,0.030635983263598322,0.02767364016736401,0.03409205020920502,1.0,0.055354698300083854,1.0849520866816436,0.11188377316150877,0.10900237082268507,0.1042101155832105,1.00822890078382,False,False,False,0.038261818026769416,0.020759355367385834,True,1.4244919408960267e-06,False,True,False,True
sesgado,20,35,20260763,5,250,5000,0.03,1.0,0.5,0.045,0.01,0.027500405037910212,0.0017346602060094442,0.02385685594061267,0.03067150213477581,0.02717991631799163,0.023723849372384934,0.030142259414225936,1.0,0.06307762389747198,1.2363214283904507,0.12805724475355204,0.1239008331835281,0.12197887319116268,1.1436271270065208,False,False,False,0.090893023526163,0.10375615763546782,True,6.247974974504645e-06,False,True,False,False
sesgado,20,36,20260764,5,250,5000,0.03,1.0,0.5,0.045,0.01,0.029332661160057123,0.001740869971425352,0.02570479224215524,0.0325290394365792,0.028661087866108784,0.025698744769874472,0.032117154811715475,1.0,0.05934919992175581,1.1632443184664139,0.11969909933493425,0.11632506094804439,0.11144001381920231,1.0721907921483542,False,False,False,0.022750709057779088,0.046715328467153226,True,4.45341127296303e-07,False,True,False,True
sesgado,20,37,20260765,5,250,5000,0.03,1.0,0.5,0.045,0.01,0.031003365831766928,0.001738495312775504,0.027350928076597808,0.034197103879510346,0.030635983263598322,0.02717991631799163,0.033598326359832634,1.0,0.05607440566966417,1.0990583511254177,0.11346593633092812,0.11041020255771314,0.10766226864774327,1.0144127374969116,False,False,False,0.032363125900957926,0.020759355367385834,True,1.0067429923573407e-06,False,True,False,True
sesgado,20,38,20260766,5,250,5000,0.03,1.0,0.5,0.045,0.01,0.03204538468862983,0.0018211654528815485,0.028246272627188374,0.03541300385164975,0.031623430962343095,0.028167364016736397,0.035079497907949786,1.0,0.056830818870703854,1.1138840498657954,0.1147975707351688,0.11182158201714827,0.11060927812022338,1.0569215004294512,False,False,False,0.06382774644473417,0.05133633236305904,True,4.18359852448135e-06,False,True,False,True
sesgado,20,39,20260767,5,250,5000,0.03,1.0,0.5,0.045,0.01,0.03097419133440895,0.0017373352555593179,0.02732567298421254,0.03415841308937525,0.030635983263598322,0.02717991631799163,0.033598326359832634,1.0,0.05608976960213091,1.0993594842017658,0.11336952578576878,0.11029731222671631,0.10766226864774327,1.0153682097935242,False,False,False,0.03145171164894073,0.020759355367385834,True,9.490487560374929e-07,False,True,False,True
sesgado,20,40,20260768,5,250,5000,0.03,1.0,0.5,0.045,0.01,0.031618276452291386,0.001814210871516135,0.027822442097796465,0.034966787424817077,0.03112970711297071,0.02767364016736401,0.034585774058577406,1.0,0.05737855048024475,1.124619589412797,0.11609664096606331,0.1129780957194278,0.11240700883702771,1.07119868213092,False,False,False,0.051181678252867326,0.03629032258064519,True,2.6188186760407967e-06,False,True,False,True
sesgado,20,41,20260769,5,250,5000,0.03,1.0,0.5,0.045,0.01,0.030356709954182035,0.001756198879205221,0.02669812742835801,0.03357169498962544,0.029648535564853556,0.026686192468619245,0.03310460251046025,1.0,0.05785208218729519,1.1339008108709856,0.11639996263824233,0.1132133154686697,0.10770248367032653,1.0360216654732781,False,False,False,0.011750613117179823,0.011854360711261619,True,1.2724199141254998e-07,False,True,False,True
sesgado,20,42,20260770,5,250,5000,0.03,1.0,0.5,0.045,0.01,0.02855467966657372,0.0017387074541068755,0.02489919520385721,0.03175045994169067,0.028167364016736397,0.024711297071129706,0.03112970711297071,1.0,0.06089045558939388,1.19345292955212,0.12373219439790974,0.11996745923670074,0.11750953104005762,1.1014029774543999,False,False,False,0.0506158832913885,0.06506238859180051,True,2.088950866215452e-06,False,True,False,True
sesgado,20,43,20260771,5,250,5000,0.03,1.0,0.5,0.045,0.01,0.029270263637405716,0.0017021560063940745,0.025714779882544114,0.03240374805997303,0.028661087866108784,0.025698744769874472,0.032117154811715475,1.0,0.058153080801732746,1.1398003837139619,0.11748372561324337,0.11426217850803363,0.11144001381920231,1.07447645824513,False,False,False,0.02493098017954722,0.046715328467153226,True,5.325151588923344e-07,False,True,False,True
sesgado,20,44,20260772,5,250,5000,0.03,1.0,0.5,0.045,0.01,0.031546491317484465,0.0017397366525699575,0.027889654079810866,0.034750344228742784,0.03112970711297071,0.028167364016736397,0.03409205020920502,1.0,0.05514834074766718,1.0809074786542767,0.11165717461677238,0.10873935360807335,0.09603091470890145,0.9202596273204559,False,False,True,0.049022609263279046,0.03629032258064519,True,2.3916353950548406e-06,False,True,False,False
sesgado,20,45,20260773,5,250,5000,0.03,1.0,0.5,0.045,0.01,0.030635023480800702,0.001772861818800777,0.02691450532901598,0.03390834834815857,0.030142259414225936,0.026686192468619245,0.033598326359832634,1.0,0.057870424676248367,1.134260323654468,0.11738458358955915,0.11414783186841208,0.11618597084389168,1.1055795693504837,False,False,False,0.020728676157166316,0.004719600222098776,True,4.0325482116824116e-07,False,True,False,True
sesgado,20,46,20260774,5,250,5000,0.03,1.0,0.5,0.045,0.01,0.029112120117812633,0.0017988457298566101,0.025344976646806936,0.03243485326656355,0.028661087866108784,0.025205020920502086,0.032117154811715475,1.0,0.061790268883782286,1.2110892701221327,0.12553900535461554,0.12176846947362274,0.12236316156253921,1.163414273157733,False,False,False,0.030498633510518614,0.046715328467153226,True,7.883306851930508e-07,False,True,False,True
sesgado,20,47,20260775,5,250,5000,0.03,1.0,0.5,0.045,0.01,0.03367321148240732,0.0017949079043076868,0.029912221681274102,0.03697842554120365,0.03310460251046025,0.030142259414225936,0.036560669456066945,1.0,0.053303733896763676,1.0447531843765678,0.10755822293569538,0.1049232245582116,0.0964041873433404,0.9339830631079608,False,False,True,0.10908408555941863,0.09378159757330631,True,1.3492482594488967e-05,False,False,False,False
sesgado,20,48,20260776,5,250,5000,0.03,1.0,0.5,0.045,0.01,0.029158921876974386,0.0017597573296481994,0.025462705366927765,0.03240594994734,0.028661087866108784,0.025205020920502086,0.032117154811715475,1.0,0.06035056224207686,1.1828710199447063,0.12268024336627069,0.11905866426932325,0.12236316156253921,1.161546925837849,False,False,False,0.028844623493771166,0.046715328467153226,True,7.074124090322875e-07,False,True,False,True
sesgado,20,49,20260777,5,250,5000,0.03,1.0,0.5,0.045,0.01,0.026572798793108962,0.0017578533859219632,0.022882517267240943,0.029809406068113112,0.02619246861924686,0.022736401673640168,0.02915481171548117,1.0,0.06615236127772214,1.296586281043354,0.1349237481962376,0.13033796053633043,0.12680661836199922,1.1835489912028683,False,False,False,0.12897403971537244,0.1453674121405752,False,1.174570811251538e-05,False,False,False,False
sesgado,20,50,20260778,5,250,5000,0.03,1.0,0.5,0.045,0.01,0.029859691956552803,0.0017634384055238818,0.026190586448130715,0.03308690362862627,0.02915481171548117,0.02619246861924686,0.03261087866108786,1.0,0.0590574882048269,1.157526768814607,0.11881498171904446,0.11547870605179061,0.10953899985324994,1.0532663649304346,False,False,False,0.0046989112831889905,0.028989667049368603,True,1.9686347055980222e-08,False,True,False,True
sesgado,20,51,20260779,5,250,5000,0.03,1.0,0.5,0.045,0.01,0.03023308643043434,0.0017199935767033723,0.02663777949065037,0.033402197855320365,0.029648535564853556,0.026686192468619245,0.03310460251046025,1.0,0.05689110110081018,1.1150655815758794,0.11492377579625475,0.11187111809167698,0.10770248367032653,1.0402579729127934,False,False,False,0.00770964720954538,0.011854360711261619,True,5.432928405262305e-08,False,True,False,True
sesgado,20,52,20260780,5,250,5000,0.03,1.0,0.5,0.045,0.01,0.031237850933811928,0.0017740145265087257,0.027521504885353803,0.034501690779977744,0.030635983263598322,0.02767364016736401,0.03409205020920502,1.0,0.05679054331450593,1.113094648964316,0.11481683872601837,0.1117264102036637,0.1042101155832105,1.0067981075797745,False,False,False,0.039626635533754916,0.020759355367385834,True,1.5322749343390652e-06,False,True,False,True
sesgado,20,53,20260781,5,250,5000,0.03,1.0,0.5,0.045,0.01,0.026978144160085503,0.0016374380411047086,0.023517554154769308,0.02998052536373702,0.026686192468619245,0.023723849372384934,0.029648535564853556,1.0,0.060694984480337916,1.189621695814623,0.12364680674228619,0.11978161230470698,0.11239152543132225,1.0760918976053184,False,False,False,0.11201125703766407,0.12417685794920039,False,9.131612717225343e-06,False,False,False,False
sesgado,20,54,20260782,5,250,5000,0.03,1.0,0.5,0.045,0.01,0.02920213974878421,0.0017691386901273263,0.025489272637963124,0.03246420205551133,0.028661087866108784,0.025205020920502086,0.032117154811715475,1.0,0.06058250201343489,1.1874170394633237,0.12307286797835976,0.11942497155261708,0.12236316156253921,1.1598278878983759,False,False,False,0.027321979076858793,0.046715328467153226,True,6.365809804701214e-07,False,True,False,True
sesgado,20,55,20260783,5,250,5000,0.03,1.0,0.5,0.045,0.01,0.03023541390529761,0.0016927970620855075,0.02669958600567242,0.03335123265394345,0.029648535564853556,0.026686192468619245,0.03310460251046025,1.0,0.05598722965683989,1.0973497012740618,0.112927230033466,0.10999761189155706,0.10770248367032653,1.0401778954813796,False,False,False,0.007786032168600911,0.011854360711261619,True,5.5419706807472785e-08,False,True,False,True
sesgado,20,56,20260784,5,250,5000,0.03,1.0,0.5,0.045,0.01,0.02907676385314954,0.0017035641527094725,0.025489576600769167,0.032195102041654815,0.028661087866108784,0.025698744769874472,0.031623430962343095,1.0,0.05858850597381544,1.1483347170867826,0.11879453467986643,0.11530728582368217,0.1044737369767579,0.998424807166141,False,False,False,0.031751681566532214,0.046715328467153226,True,8.523649828512837e-07,False,True,False,True
sesgado,20,57,20260785,5,250,5000,0.03,1.0,0.5,0.045,0.01,0.03139848231262872,0.0018229723695457288,0.02759983143755239,0.034769021666822664,0.03112970711297071,0.02767364016736401,0.03409205020920502,1.0,0.05805925112541235,1.137961322058082,0.11728699640880903,0.11416459811477528,0.1058895465636556,1.001647432887908,False,False,False,0.04453980605509205,0.03629032258064519,True,1.9557527787353758e-06,False,True,False,True
sesgado,20,58,20260786,5,250,5000,0.03,1.0,0.5,0.045,0.01,0.029082682940326163,0.0017370823857533382,0.02542937295132934,0.032279607272459626,0.028661087866108784,0.025205020920502086,0.031623430962343095,1.0,0.05972909684149851,1.1706902980933709,0.1213517397029373,0.11777170516190107,0.11539688472009478,1.0814067350509797,False,False,False,0.031541693094686275,0.046715328467153226,True,8.414705879686523e-07,False,True,False,True
sesgado,20,59,20260787,5,250,5000,0.03,1.0,0.5,0.045,0.01,0.033248695439823964,0.0017734028674599837,0.029540797950778783,0.03650649381590424,0.03261087866108786,0.029648535564853556,0.03606694560669456,1.0,0.05333751727701991,1.0454153386295901,0.1073783623749259,0.10475141615304137,0.09786949594409547,0.9459080661357647,False,False,True,0.09770895961027111,0.08006158583525777,True,1.0554022060733024e-05,False,True,False,False
sesgado,20,60,20260788,5,250,5000,0.03,1.0,0.5,0.045,0.01,0.02864631172598423,0.0017429623861441974,0.02498307880118809,0.03186030641312815,0.028167364016736397,0.024711297071129706,0.03112970711297071,1.0,0.06084421627525639,1.192546638995025,0.12375313511713866,0.12003687730769763,0.11750953104005762,1.0978798773767915,False,False,False,0.047255237845781076,0.06506238859180051,True,1.832471943207796e-06,False,True,False,True
sesgado,20,61,20260789,5,250,5000,0.03,1.0,0.5,0.045,0.01,0.03102973566027221,0.0018070525977771316,0.027257462245789576,0.03437147065846072,0.030635983263598322,0.02717991631799163,0.03409205020920502,1.0,0.05823615829543548,1.1414287025905352,0.11780912236076142,0.11463211434603522,0.11426487143026415,1.0915161004838698,False,False,False,0.033185447389763,0.020759355367385834,True,1.060355530036249e-06,False,True,False,True
sesgado,20,62,20260790,5,250,5000,0.03,1.0,0.5,0.045,0.01,0.030545609401446967,0.001727024476011786,0.02691289453527101,0.03371865571406868,0.030142259414225936,0.02717991631799163,0.03310460251046025,1.0,0.05653920513793958,1.1081684207036158,0.11454202110369396,0.1114032640395656,0.09923723769344553,0.9504135917393417,False,False,True,0.017862121991945656,0.004719600222098776,True,2.976896189473191e-07,False,True,False,False
sesgado,20,63,20260791,5,250,5000,0.03,1.0,0.5,0.045,0.01,0.02985923512361518,0.0017536319514774162,0.026205441558703368,0.03307106480135643,0.02915481171548117,0.02619246861924686,0.03261087866108786,1.0,0.058729968943192976,1.1511073912865821,0.11827391976765143,0.11496649552860036,0.10953899985324994,1.0532824794345603,False,False,False,0.0047142827270042886,0.028989667049368603,True,1.9814750423633777e-08,False,True,False,True
sesgado,20,64,20260792,5,250,5000,0.03,1.0,0.5,0.045,0.01,0.03382965507110912,0.0017972795389233484,0.030084723026547203,0.03713772535090062,0.033598326359832634,0.030142259414225936,0.036560669456066945,1.0,0.053127338577514616,1.0412958361192863,0.1067776315255906,0.10424289442987483,0.0978419646571061,0.9296639040189254,False,False,True,0.1132040827214844,0.10709838107098377,False,1.4666257963671798e-05,False,False,True,False
sesgado,20,65,20260793,5,250,5000,0.03,1.0,0.5,0.045,0.01,0.02860187352719512,0.0017409915052373464,0.024940486464360177,0.03180806027785748,0.028167364016736397,0.024711297071129706,0.03112970711297071,1.0,0.060869841396298176,1.1930488913674442,0.12380144574294472,0.12005461472598121,0.11750953104005762,1.0995856329172822,False,False,False,0.04888233882565479,0.06506238859180051,True,1.9547576339578095e-06,False,True,False,True
sesgado,20,66,20260794,5,250,5000,0.03,1.0,0.5,0.045,0.01,0.03270899547126156,0.0017898497773253751,0.028959270407568502,0.036001723615691976,0.032117154811715475,0.02915481171548117,0.03557322175732217,1.0,0.0547204141104839,1.0725201165654845,0.11047150520734579,0.10765315636658791,0.09938047939554168,0.9615155938571506,False,False,True,0.08282111487164787,0.06591974986972371,True,7.338656463315659e-06,False,True,False,False
sesgado,20,67,20260795,5,250,5000,0.03,1.0,0.5,0.045,0.01,0.02966158794248626,0.0017476661143464795,0.02599079895363271,0.032885513321581704,0.02915481171548117,0.02619246861924686,0.03261087866108786,1.0,0.05892018046151809,1.1548355370457546,0.11963449636597503,0.11622294769446981,0.10953899985324994,1.0603009274487523,False,False,False,0.0114091011637651,0.028989667049368603,True,1.145227206706829e-07,False,True,False,True
sesgado,20,68,20260796,5,250,5000,0.03,1.0,0.5,0.045,0.01,0.031128670902735786,0.0018223493388097925,0.02731795340319837,0.0344903531444163,0.030635983263598322,0.02717991631799163,0.03409205020920502,1.0,0.058542471810116146,1.1474324474782764,0.11848115183302642,0.11520568551784159,0.11426487143026415,1.0880469703564806,False,False,False,0.03625824264268836,0.020759355367385834,True,1.2738980066824167e-06,False,True,False,True
sesgado,20,69,20260797,5,250,5000,0.03,1.0,0.5,0.045,0.01,0.03142961823702509,0.0017455481742821798,0.027772253629167645,0.03462536567383023,0.03112970711297071,0.02767364016736401,0.03409205020920502,1.0,0.05553831933681804,1.0885510590016334,0.11199314768876954,0.10902315123556612,0.1058895465636556,1.0006551453422234,False,False,False,0.045486337958154405,0.03629032258064519,True,2.0438083036347394e-06,False,True,False,True
sesgado,20,70,20260798,5,250,5000,0.03,1.0,0.5,0.045,0.01,0.030047269243175027,0.0017436599061924094,0.026382810577412926,0.0332566458741103,0.029648535564853556,0.02619246861924686,0.03261087866108786,1.0,0.05803056151561814,1.1373990057061154,0.11769950312019548,0.11438369392351194,0.11139399439726308,1.0466910969676402,False,False,False,0.001573162698828696,0.011854360711261619,True,2.2343813503399136e-09,False,True,False,True
sesgado,20,71,20260799,5,250,5000,0.03,1.0,0.5,0.045,0.01,0.029325080501587268,0.0017825780719943124,0.02559793608542249,0.03259017152557768,0.028661087866108784,0.025698744769874472,0.032117154811715475,1.0,0.0607868091580457,1.1914214594976957,0.12289484440059277,0.11921937332408555,0.11144001381920231,1.0724679580442622,False,False,False,0.02301509448119667,0.046715328467153226,True,4.5551632933769204e-07,False,True,False,True
sesgado,20,72,20260800,5,250,5000,0.03,1.0,0.5,0.045,0.01,0.03184141386093312,0.00176878885187954,0.028161685424204237,0.03507582696498566,0.031623430962343095,0.028167364016736397,0.034585774058577406,1.0,0.055549946984285864,1.0887789608920029,0.11143819057021255,0.10857152215317491,0.10417481629462683,0.9877139671742982,False,False,False,0.057830781917394415,0.05133633236305904,True,3.3908050072366325e-06,False,True,False,True
sesgado,20,73,20260801,5,250,5000,0.03,1.0,0.5,0.045,0.01,0.03112174110450281,0.001762483542425031,0.027420384401612364,0.03437474610648557,0.030635983263598322,0.02767364016736401,0.03409205020920502,1.0,0.056631906823812896,1.1099853737467327,0.11480957971443036,0.11172835223969878,0.1042101155832105,1.0105542970560413,False,False,False,0.03604364873855068,0.020759355367385834,True,1.258303105531188e-06,False,True,False,True
sesgado,20,74,20260802,5,250,5000,0.03,1.0,0.5,0.045,0.01,0.029433265807124714,0.0017111698583056614,0.02583553603461197,0.03256383967064639,0.02915481171548117,0.025698744769874472,0.032117154811715475,1.0,0.05813727465782781,1.139490583293425,0.11769579708449365,0.11429760598305312,0.11335971040762068,1.0685259804709801,False,False,False,0.019254886514771242,0.028989667049368603,True,3.2118764537400016e-07,False,True,False,True
sesgado,20,75,20260803,5,250,5000,0.03,1.0,0.5,0.045,0.01,0.031139159205501664,0.0017730853218370433,0.027418142526752492,0.03441221700387894,0.030635983263598322,0.02767364016736401,0.03409205020920502,1.0,0.05694069355359392,1.1160375936504408,0.11541345874916453,0.11230352160392848,0.1042101155832105,1.009989030129764,False,False,False,0.036582850486868566,0.020759355367385834,True,1.2976836954791847e-06,False,True,False,True
sesgado,20,76,20260804,5,250,5000,0.03,1.0,0.5,0.045,0.01,0.030993734914307756,0.0017567199142374844,0.02731029531267467,0.03422805371905214,0.030635983263598322,0.02717991631799163,0.033598326359832634,1.0,0.05667983929960384,1.110924850272235,0.11468343914251232,0.11159930265751866,0.10766226864774327,1.0147279536324108,False,False,False,0.03206244478296206,0.020759355367385834,True,9.875090799142464e-07,False,True,False,True
sesgado,20,77,20260805,5,250,5000,0.03,1.0,0.5,0.045,0.01,0.030074824363284344,0.0017034142794455289,0.026489102051450174,0.03319550693543866,0.029648535564853556,0.026686192468619245,0.03261087866108786,1.0,0.05663920955512128,1.110128507280377,0.1146875649243493,0.11149532916600721,0.10092284607089753,0.9652911682017173,False,False,False,0.0024879401582039405,0.011854360711261619,True,5.59868534090759e-09,False,True,False,True
sesgado,20,78,20260806,5,250,5000,0.03,1.0,0.5,0.045,0.01,0.031553083611055244,0.0017540359652161188,0.027869781492779345,0.0347888663094778,0.03112970711297071,0.02767364016736401,0.034585774058577406,1.0,0.05559000149834984,1.0895640293676567,0.1125865800032255,0.10964197512337934,0.11240700883702771,1.0734119201927637,False,False,False,0.04922129419107211,0.03629032258064519,True,2.412068702928399e-06,False,True,False,True
sesgado,20,79,20260807,5,250,5000,0.03,1.0,0.5,0.045,0.01,0.03091990061352344,0.0018197061221320945,0.027131939870340432,0.03428412744094476,0.030635983263598322,0.02717991631799163,0.033598326359832634,1.0,0.05885226297707469,1.1535043543506638,0.11887021343612421,0.11565670375208405,0.10766226864774327,1.0171510445045067,False,False,False,0.029751085717303595,0.020759355367385834,True,8.462171387608044e-07,False,True,False,True
sesgado,20,80,20260808,5,250,5000,0.03,1.0,0.5,0.045,0.01,0.027732226276573447,0.0017431530196339161,0.024074312165576903,0.030944693487484624,0.02717991631799163,0.02421757322175732,0.030635983263598322,1.0,0.06285658433078736,1.2319890528834323,0.12787790379384778,0.1238699925023945,0.11756637653429453,1.1340672361233468,False,False,False,0.08177395138818098,0.10375615763546782,True,5.142797660663928e-06,False,True,False,False
sesgado,20,81,20260809,5,250,5000,0.03,1.0,0.5,0.045,0.01,0.028528076129305174,0.0017405740896232964,0.0248710162772475,0.031723670412818455,0.028167364016736397,0.024711297071129706,0.03112970711297071,1.0,0.06101266982512394,1.195848328572429,0.12388660196043258,0.12010368495426928,0.11750953104005762,1.1024300784417074,False,False,False,0.051595623343938184,0.06506238859180051,True,2.1665598811212364e-06,False,True,False,True
sesgado,20,82,20260810,5,250,5000,0.03,1.0,0.5,0.045,0.01,0.02952995636553933,0.001698195123029317,0.02595216433571471,0.03262470356594821,0.02915481171548117,0.02619246861924686,0.032117154811715475,1.0,0.057507539192000474,1.1271477681632092,0.11636002034904244,0.1129791583102401,0.10266729043847718,0.9831021076947669,False,False,False,0.015917518761023215,0.028989667049368603,True,2.2094101829699398e-07,False,True,False,True
sesgado,20,83,20260811,5,250,5000,0.03,1.0,0.5,0.045,0.01,0.031133900029813866,0.001817658660965653,0.027331125991788777,0.034487078784744184,0.030635983263598322,0.02717991631799163,0.03409205020920502,1.0,0.05838197781919582,1.1442867652562378,0.11818355905395916,0.11492220354826822,0.11426487143026415,1.0878642262778568,False,False,False,0.03642010890791198,0.020759355367385834,True,1.2857292776118882e-06,False,True,False,True
sesgado,20,84,20260812,5,250,5000,0.03,1.0,0.5,0.045,0.01,0.031548468992790596,0.001805860951772428,0.027774875309733785,0.03488771743312952,0.03112970711297071,0.02767364016736401,0.034585774058577406,1.0,0.05724084272314769,1.1219205173736946,0.11578886257327321,0.1127288003265887,0.11240700883702771,1.073568928960877,False,False,False,0.04908222307537176,0.03629032258064519,True,2.397756221633926e-06,False,True,False,True
sesgado,20,85,20260813,5,250,5000,0.03,1.0,0.5,0.045,0.01,0.030308502384874945,0.0017238432570024678,0.02670902309897164,0.03347787865707851,0.029648535564853556,0.026686192468619245,0.03310460251046025,1.0,0.056876556786346816,1.1147805130123973,0.11471858824542336,0.11166595221618045,0.10770248367032653,1.0376695227513357,False,False,False,0.010178740637112398,0.011854360711261619,True,9.517372147352966e-08,False,True,False,True
sesgado,20,86,20260814,5,250,5000,0.03,1.0,0.5,0.045,0.01,0.028394663396355775,0.0017624510863692524,0.02472330994395884,0.03161603000129899,0.02767364016736401,0.024711297071129706,0.03112970711297071,1.0,0.062069800291960804,1.2165680857224317,0.12519397272121627,0.12137351235910013,0.11544979772711544,1.1076098619664316,False,False,False,0.05653656045277358,0.08406410644088311,True,2.5771056109999716e-06,False,True,False,True
sesgado,20,87,20260815,5,250,5000,0.03,1.0,0.5,0.045,0.01,0.02694957444439962,0.0017655062012838446,0.023264672580430194,0.030182366522498973,0.02619246861924686,0.023230125523012547,0.029648535564853556,1.0,0.06551146864772604,1.2840247854954303,0.1327495404353063,0.1283451424500386,0.12204474708012966,1.1670020715876868,False,False,False,0.11319011963969194,0.1453674121405752,True,9.30509607025987e-06,False,False,False,False
sesgado,20,88,20260816,5,250,5000,0.03,1.0,0.5,0.045,0.01,0.030913495501642643,0.0017708031984014706,0.02721961729464152,0.03416587622765904,0.030635983263598322,0.02717991631799163,0.033598326359832634,1.0,0.05728252886534219,1.1227375657607068,0.11545015218411131,0.1123499432901145,0.10766226864774327,1.017361792792075,False,False,False,0.029550055301708154,0.020759355367385834,True,8.344740315213465e-07,False,True,False,True
sesgado,20,89,20260817,5,250,5000,0.03,1.0,0.5,0.045,0.01,0.030759497301911003,0.0017963419740891007,0.026996967724948775,0.0340569581761513,0.030142259414225936,0.02717991631799163,0.033598326359832634,1.0,0.058399588148584564,1.1446319277122574,0.11809527130693082,0.11476114810829349,0.1059272034059468,1.0224552402898663,False,False,False,0.024691473155636315,0.004719600222098776,True,5.768361516100955e-07,False,True,False,True
sesgado,20,90,20260818,5,250,5000,0.03,1.0,0.5,0.045,0.01,0.028770734251857742,0.0017521869550612523,0.02510195348059927,0.031995946204325894,0.028167364016736397,0.025205020920502086,0.031623430962343095,1.0,0.060901711430882674,1.1936735440453003,0.12347791634557617,0.11980912032652549,0.11340902597601138,1.093131962837903,False,False,False,0.04272625569376565,0.06506238859180051,True,1.511094279555742e-06,False,True,False,True
sesgado,20,91,20260819,5,250,5000,0.03,1.0,0.5,0.045,0.01,0.026952892345345168,0.0016841901364870828,0.02340202704093716,0.030039717298305502,0.02619246861924686,0.023230125523012547,0.029648535564853556,1.0,0.0624864342908989,1.2247341121016184,0.1272456795668464,0.12313502707464881,0.12204474708012966,1.1668584136370979,False,False,False,0.11305308594018385,0.1453674121405752,True,9.284865059056063e-06,False,False,False,False
sesgado,20,92,20260820,5,250,5000,0.03,1.0,0.5,0.045,0.01,0.03211248782891482,0.0017530265470669612,0.02843106938593653,0.03534819442504155,0.031623430962343095,0.028661087866108784,0.035079497907949786,1.0,0.05459018175130286,1.069967562325536,0.11051192732902303,0.10770148167836256,0.10093932829999436,0.9793762903882649,False,False,False,0.06578399780700546,0.05133633236305904,True,4.4626048273132574e-06,False,True,False,True
sesgado,20,93,20260821,5,250,5000,0.03,1.0,0.5,0.045,0.01,0.031319496206589637,0.0017786010127863084,0.02760782232157233,0.03457539957649157,0.030635983263598322,0.02767364016736401,0.03409205020920502,1.0,0.05678894069860836,1.1130632376927236,0.11430552049889252,0.11123386546449715,0.1042101155832105,1.0041735345156608,False,False,False,0.04213018619092657,0.020759355367385834,True,1.7410702392044436e-06,False,True,False,True
sesgado,20,94,20260822,5,250,5000,0.03,1.0,0.5,0.045,0.01,0.02974985080027806,0.0017373401726051858,0.026114323461374923,0.03294974746522324,0.02915481171548117,0.02619246861924686,0.03261087866108786,1.0,0.05839828186933117,1.144606324638891,0.11816514330570915,0.11488165183982087,0.10953899985324994,1.0571551910010573,False,False,False,0.008408418630442397,0.028989667049368603,True,6.257462212152627e-08,False,True,False,True
sesgado,20,95,20260823,5,250,5000,0.03,1.0,0.5,0.045,0.01,0.031159239577708834,0.0018214959520280421,0.027347656404643084,0.034515034929409674,0.030635983263598322,0.02717991631799163,0.03409205020920502,1.0,0.05845765097974764,1.1457699592030535,0.11830109482452376,0.11501208986329206,0.11426487143026415,1.0869795452638595,False,False,False,0.037203718493122435,0.020759355367385834,True,1.343836398526558e-06,False,True,False,True
sesgado,20,96,20260824,5,250,5000,0.03,1.0,0.5,0.045,0.01,0.02952328577095184,0.0017698639640124744,0.025815096267521806,0.0327866285859286,0.02915481171548117,0.025698744769874472,0.032117154811715475,1.0,0.059948068712387545,1.1749821467627959,0.1215884801372961,0.1180683676690576,0.11335971040762068,1.0652679193304757,False,False,False,0.016147058723294305,0.028989667049368603,True,2.2725645617698014e-07,False,True,False,True
sesgado,20,97,20260825,5,250,5000,0.03,1.0,0.5,0.045,0.01,0.027309989949664097,0.001745310691155146,0.023660680405351228,0.030519981393597677,0.026686192468619245,0.023723849372384934,0.030142259414225936,1.0,0.06390740876770673,1.2525852118470517,0.1297059536047206,0.12558226862933752,0.11976312395523944,1.1516009073232096,False,False,False,0.0984991226761322,0.12417685794920039,True,7.236154070908161e-06,False,True,False,False
sesgado,20,98,20260826,5,250,5000,0.03,1.0,0.5,0.045,0.01,0.032117211424329745,0.0018258164431885389,0.028300558040023044,0.035484776522437395,0.031623430962343095,0.028167364016736397,0.035079497907949786,1.0,0.05684853579179133,1.11423130151911,0.11488155164534518,0.11184374613812348,0.11060927812022338,1.054557807633588,False,False,False,0.0659213963615128,0.05133633236305904,True,4.482584215312391e-06,False,True,False,True
sesgado,20,99,20260827,5,250,5000,0.03,1.0,0.5,0.045,0.01,0.029434624287594715,0.0017300937125243776,0.025804597275604385,0.032594448385391175,0.02915481171548117,0.025698744769874472,0.032117154811715475,1.0,0.058777502835445715,1.152039055574736,0.11880864173637706,0.11533782533532096,0.11335971040762068,1.068476665362964,False,False,False,0.019207845389199105,0.028989667049368603,True,3.1964969617778236e-07,False,True,False,True
sesgado,50,0,20261728,5,250,12500,0.03,1.0,0.5,0.045,0.01,0.030875662102391503,0.0011419250379269051,0.028365869552174343,0.03291088702641831,0.030635983263598322,0.028661087866108784,0.03261087866108786,1.0,0.03698463320851203,0.7248988108868357,0.07515989280202098,0.07360194348499381,0.06473225707965503,0.6268359470710232,True,True,True,0.02836091739466468,0.020759355367385834,True,7.667841175647093e-07,False,False,False,False
sesgado,50,1,20261729,5,250,12500,0.03,1.0,0.5,0.045,0.01,0.030839495286888455,0.0011243397025970747,0.028363443520532425,0.03283946959855382,0.030635983263598322,0.028661087866108784,0.03261087866108786,1.0,0.036457785451342734,0.7145725948463175,0.0740994158246306,0.07256970382268865,0.06473225707965503,0.6275710648100621,True,True,True,0.02722143404355165,0.020759355367385834,True,7.04752336707932e-07,False,False,False,False
sesgado,50,2,20261730,5,250,12500,0.03,1.0,0.5,0.045,0.01,0.03020138014210897,0.0011189291061677177,0.027754788439431338,0.032150384663594773,0.030142259414225936,0.028167364016736397,0.032117154811715475,1.0,0.03704893951543708,0.7261592145025666,0.07438587758889809,0.07277144626305959,0.06580162660228873,0.6408308098613266,True,True,True,0.0066679119020854214,0.004719600222098776,True,4.055396163582953e-08,False,False,False,False
sesgado,50,3,20261731,5,250,12500,0.03,1.0,0.5,0.045,0.01,0.02813899767378791,0.0011063797569046856,0.025733468675991585,0.030079374177359862,0.028167364016736397,0.02619246861924686,0.029648535564853556,1.0,0.03931837834917988,0.7706402156439257,0.07899357709888533,0.07722210918366476,0.06267851200991206,0.6018241385068199,True,True,True,0.06613605600975801,0.06506238859180051,True,3.4633296581668068e-06,False,False,False,False
sesgado,50,4,20261732,5,250,12500,0.03,1.0,0.5,0.045,0.01,0.02809456545809714,0.0011122827581856822,0.02569213901530993,0.030054380473758815,0.02767364016736401,0.025698744769874472,0.029648535564853556,1.0,0.0395906731444074,0.7759771936303851,0.079358596993541,0.07763496938500687,0.07172907479978277,0.688886785747366,True,True,True,0.06782217524399171,0.08406410644088311,True,3.6306807934765635e-06,False,False,False,False
sesgado,50,5,20261733,5,250,12500,0.03,1.0,0.5,0.045,0.01,0.030591410547286525,0.001121955198477089,0.02817104586526771,0.032558967046093165,0.030635983263598322,0.028661087866108784,0.03261087866108786,1.0,0.036675497415943996,0.7188397493525023,0.07317365286246898,0.07171818988279156,0.06473225707965503,0.6326604281774181,True,True,True,0.01933256874090048,0.020759355367385834,True,3.497664354417478e-07,False,False,False,False
sesgado,50,6,20261734,5,250,12500,0.03,1.0,0.5,0.045,0.01,0.030095011327451657,0.0011096171114637027,0.027691428286647352,0.03204520107507195,0.030142259414225936,0.028167364016736397,0.031623430962343095,1.0,0.03687046664945254,0.7226611463292696,0.07382813852948233,0.07233379547614979,0.058475340708424556,0.5627088107465016,True,True,True,0.00315704574482055,0.004719600222098776,True,9.027152344126285e-09,False,False,False,False
sesgado,50,7,20261735,5,250,12500,0.03,1.0,0.5,0.045,0.01,0.029541519256747896,0.0011128506087958263,0.027121624924607537,0.03150937049427328,0.02915481171548117,0.02717991631799163,0.03112970711297071,1.0,0.037670730442938484,0.7383463166815942,0.07583834286018927,0.0742640473486056,0.06805047936861056,0.6551448734640358,True,True,True,0.015519876932103854,0.028989667049368603,True,2.1020459193300072e-07,False,False,False,False
sesgado,50,8,20261736,5,250,12500,0.03,1.0,0.5,0.045,0.01,0.02933090994373009,0.0011127746192233254,0.026876885330243596,0.03130123378717527,0.02915481171548117,0.02717991631799163,0.03112970711297071,1.0,0.03793863270379708,0.7435972009944227,0.0771266503836419,0.07542126148523122,0.06805047936861056,0.6598491125071513,True,True,True,0.022811772889198705,0.028989667049368603,True,4.476815033992707e-07,False,False,False,False
sesgado,50,9,20261737,5,250,12500,0.03,1.0,0.5,0.045,0.01,0.031242984999245854,0.0011164603578993917,0.028789739281127144,0.0332068105592392,0.03112970711297071,0.02915481171548117,0.03310460251046025,1.0,0.035734753191039234,0.700401162544369,0.07217587134715898,0.07068900872017632,0.06369722515988155,0.6194662544524682,True,True,True,0.03978445079034088,0.03629032258064519,True,1.5450117083502188e-06,False,False,False,False
sesgado,50,10,20261738,5,250,12500,0.03,1.0,0.5,0.045,0.01,0.030668977418594513,0.0011411608063931886,0.028198167330003805,0.03267000968596606,0.030635983263598322,0.028661087866108784,0.03261087866108786,1.0,0.03720896170803876,0.7292956494775595,0.074436447588494,0.07290497976060642,0.06473225707965503,0.6310603262456094,True,True,True,0.021812837430599072,0.020759355367385834,True,4.475307865893801e-07,False,False,False,False
sesgado,50,11,20261739,5,250,12500,0.03,1.0,0.5,0.045,0.01,0.029188144715208496,0.0011272485043970083,0.02673610880014632,0.03114901297453746,0.02915481171548117,0.02717991631799163,0.03112970711297071,1.0,0.03862008070042407,0.7569535817283116,0.07733186828443646,0.07559411907554023,0.06805047936861056,0.663076570444475,True,True,True,0.02781455596828273,0.028989667049368603,True,6.591090034438926e-07,False,False,False,False
sesgado,50,12,20261740,5,250,12500,0.03,1.0,0.5,0.045,0.01,0.02996540201129215,0.0011140767867824544,0.027520074086243507,0.03194481405721228,0.029648535564853556,0.02767364016736401,0.031623430962343095,1.0,0.03717876991480462,0.7287038903301705,0.07540981982286447,0.07383081277036353,0.0669070787562576,0.6458773651060702,True,True,True,0.00115459784903976,0.011854360711261619,True,1.1970208226284487e-09,False,False,False,False
sesgado,50,13,20261741,5,250,12500,0.03,1.0,0.5,0.045,0.01,0.028011901625746537,0.001088936134229598,0.025637126055734587,0.029943558999566522,0.02767364016736401,0.025698744769874472,0.029648535564853556,1.0,0.03887405249305623,0.761931428863902,0.07857014039826961,0.07686791495572314,0.07172907479978277,0.6909197081289448,True,True,True,0.07097334557344524,0.08406410644088311,False,3.952535145709259e-06,False,False,False,False
sesgado,50,14,20261742,5,250,12500,0.03,1.0,0.5,0.045,0.01,0.029486382950917638,0.0011114662571490338,0.027050768858050557,0.031459608912666484,0.02915481171548117,0.02717991631799163,0.03112970711297071,1.0,0.03769422173615378,0.7388067460286141,0.07638057380257057,0.07476061173652228,0.06805047936861056,0.6563699226050772,True,True,True,0.017418787849880175,0.028989667049368603,True,2.638024731080721e-07,False,False,False,False
sesgado,50,15,20261743,5,250,12500,0.03,1.0,0.5,0.045,0.01,0.031518346336889304,0.0011320698518526141,0.029048859858050707,0.03351615619152284,0.03112970711297071,0.02915481171548117,0.03310460251046025,1.0,0.03591780608513814,0.7039889992687076,0.07230942242958292,0.07086819031878545,0.06369722515988155,0.6140542618743118,True,True,True,0.04817341368929064,0.03629032258064519,True,2.3053755987451707e-06,False,False,False,False
sesgado,50,16,20261744,5,250,12500,0.03,1.0,0.5,0.045,0.01,0.03027521236962726,0.001129542406268768,0.02779749251437989,0.03227634152919272,0.030142259414225936,0.028167364016736397,0.032117154811715475,1.0,0.037309148899710085,0.7312593184343176,0.07556726440162423,0.07396891159888452,0.06580162660228873,0.6392680143447582,True,True,True,0.009090353067295423,0.004719600222098776,True,7.574184839585143e-08,False,False,False,False
sesgado,50,17,20261745,5,250,12500,0.03,1.0,0.5,0.045,0.01,0.030226938616397428,0.0011186699576932022,0.027775281903025056,0.03218631121873987,0.030142259414225936,0.028167364016736397,0.032117154811715475,1.0,0.037009039251045726,0.7253771693204961,0.07457176645215455,0.07296520120171761,0.06580162660228873,0.6402889535395552,True,True,True,0.007507826686567539,0.004719600222098776,True,5.150113561237946e-08,False,False,False,False
sesgado,50,18,20261746,5,250,12500,0.03,1.0,0.5,0.045,0.01,0.029597503016143882,0.0011244236480236669,0.027170858220411882,0.03157017389679761,0.02915481171548117,0.02717991631799163,0.031623430962343095,1.0,0.03799049019136354,0.7446136077507254,0.07589791992202184,0.07431903417639878,0.07536153907320328,0.7356438732499164,True,True,True,0.013599018256255348,0.028989667049368603,True,1.6200382201327117e-07,False,False,False,False
sesgado,50,19,20261747,5,250,12500,0.03,1.0,0.5,0.045,0.01,0.030782306469452146,0.0011192460481987258,0.02831979948833961,0.03276206931639087,0.030635983263598322,0.028661087866108784,0.03261087866108786,1.0,0.036360044992387014,0.7126568818507854,0.07369102504261393,0.07215622117952229,0.06473225707965503,0.6287369958649474,True,True,True,0.02541416024911889,0.020759355367385834,True,6.120034121466835e-07,False,False,False,False
sesgado,50,20,20261748,5,250,12500,0.03,1.0,0.5,0.045,0.01,0.03104593635985213,0.0011378368923001417,0.028568328163549414,0.03304690550671205,0.030635983263598322,0.028661087866108784,0.03310460251046025,1.0,0.036650107090072034,0.7183420989654118,0.07363753147206413,0.07212823751314237,0.07173769124604217,0.7013227594410322,True,True,True,0.03368996018444172,0.020759355367385834,True,1.0939828688607275e-06,False,False,False,False
sesgado,50,21,20261749,5,250,12500,0.03,1.0,0.5,0.045,0.01,0.030940612784505973,0.0011230617168473394,0.028472482199230723,0.03293717853919689,0.030635983263598322,0.028661087866108784,0.03261087866108786,1.0,0.03629733272153327,0.711427721342052,0.07365107961231128,0.0721494491893506,0.06473225707965503,0.6255200900574698,True,True,True,0.03040058679694283,0.020759355367385834,True,8.847524103760828e-07,False,False,False,False
sesgado,50,22,20261750,5,250,12500,0.03,1.0,0.5,0.045,0.01,0.03122213805722588,0.0011272834961831004,0.02875583325162663,0.03320739689259701,0.03112970711297071,0.02915481171548117,0.03310460251046025,1.0,0.03610526268626912,0.7076631486508747,0.07277537319933293,0.07128857788040134,0.06369722515988155,0.6198798704920306,True,True,True,0.039143317314972774,0.03629032258064519,True,1.4936214309198517e-06,False,False,False,False
sesgado,50,23,20261751,5,250,12500,0.03,1.0,0.5,0.045,0.01,0.031175415910028398,0.0010982434687784783,0.028763045567651514,0.03308329775572015,0.03112970711297071,0.02915481171548117,0.03310460251046025,1.0,0.03522786903462607,0.6904662330786709,0.07076975567871736,0.06928940740577119,0.06369722515988155,0.6208088755336142,True,True,True,0.03770329523175,0.03629032258064519,True,1.3816025615478892e-06,False,False,False,False
sesgado,50,24,20261752,5,250,12500,0.03,1.0,0.5,0.045,0.01,0.032394601878221685,0.0011256691023363513,0.029917768733724103,0.03439811334822336,0.032117154811715475,0.030142259414225936,0.03409205020920502,1.0,0.034748662958352904,0.6810737939837169,0.07051641860553752,0.06915264202569678,0.061723740996997,0.5974444436191341,True,True,True,0.07391978105560656,0.06591974986972371,True,5.734118155182827e-06,False,False,False,False
sesgado,50,25,20261753,5,250,12500,0.03,1.0,0.5,0.045,0.01,0.030994777977682342,0.0011353181907321013,0.028508999585907895,0.03300381309455621,0.030635983263598322,0.028661087866108784,0.03261087866108786,1.0,0.0366293377403633,0.7179350197111207,0.07403278971677231,0.07250920641994574,0.06473225707965503,0.62442695699686,True,True,True,0.032095018664067464,0.020759355367385834,True,9.895832248817733e-07,False,False,False,False
sesgado,50,26,20261754,5,250,12500,0.03,1.0,0.5,0.045,0.01,0.031058342692707422,0.0011430912853662503,0.02857143068423854,0.03306350128306588,0.030635983263598322,0.028661087866108784,0.03310460251046025,1.0,0.036804645266363525,0.721371047220725,0.07384379801669087,0.07231665004266452,0.07173769124604217,0.70104261430648,True,True,True,0.034075955152491844,0.020759355367385834,True,1.1200892552071988e-06,False,False,False,False
sesgado,50,27,20261755,5,250,12500,0.03,1.0,0.5,0.045,0.01,0.030016511574224594,0.0011126707948157,0.027589881238390103,0.03198733468220566,0.029648535564853556,0.02767364016736401,0.031623430962343095,1.0,0.03706862444905686,0.7265450392015145,0.07478312127519784,0.07325057465357972,0.0669070787562576,0.6447776200621832,True,True,True,0.0005500830495831366,0.011854360711261619,True,2.726320833743186e-10,False,False,False,False
sesgado,50,28,20261756,5,250,12500,0.03,1.0,0.5,0.045,0.01,0.030433036872725028,0.001121000664531787,0.02796730878750825,0.03242690780532581,0.030142259414225936,0.028167364016736397,0.032117154811715475,1.0,0.03683499182878001,0.7219658398440881,0.07482640726291159,0.07326904371174314,0.06580162660228873,0.635952796177994,True,True,True,0.014229170573283483,0.004719600222098776,True,1.8752093313947287e-07,False,False,False,False
sesgado,50,29,20261757,5,250,12500,0.03,1.0,0.5,0.045,0.01,0.03126277280263738,0.0011019668408114988,0.028831272804060747,0.03319498351491328,0.03112970711297071,0.02915481171548117,0.03310460251046025,1.0,0.035248531784696176,0.6908712229800449,0.07127170980958351,0.06979084578326984,0.06369722515988155,0.6190741626655951,True,True,True,0.040392220184987976,0.03629032258064519,True,1.5945951510806695e-06,False,False,False,False
sesgado,50,30,20261758,5,250,12500,0.03,1.0,0.5,0.045,0.01,0.03013874404537766,0.0011082950813009315,0.02772355316231637,0.032075264115340195,0.030142259414225936,0.028167364016736397,0.032117154811715475,1.0,0.03677310108318563,0.7207527812304383,0.073745591637468,0.07219463004947682,0.06580162660228873,0.6421626218483969,True,True,True,0.0046035111870875054,0.004719600222098776,True,1.9249910127758077e-08,False,False,False,False
sesgado,50,31,20261759,5,250,12500,0.03,1.0,0.5,0.045,0.01,0.03002024422698949,0.0011275501889860618,0.027556430112053262,0.032014341394909863,0.029648535564853556,0.02767364016736401,0.031623430962343095,1.0,0.037559660756268785,0.7361693508228682,0.07584869623508375,0.07424841798669891,0.0669070787562576,0.644697449796143,True,True,True,0.0006743525081414958,0.011854360711261619,True,4.098287264020884e-10,False,False,False,False
sesgado,50,32,20261760,5,250,12500,0.03,1.0,0.5,0.045,0.01,0.028198246446742382,0.0011116951089991884,0.025768802317956037,0.030128500568908922,0.028167364016736397,0.02619246861924686,0.030142259414225936,1.0,0.03942426388459406,0.7727155721380435,0.07917294238423613,0.07730442137930428,0.07045925852339756,0.6863538458659495,True,True,True,0.06389594319847368,0.06506238859180051,True,3.2463158666764468e-06,False,False,False,False
sesgado,50,33,20261761,5,250,12500,0.03,1.0,0.5,0.045,0.01,0.029400889054448785,0.0011182810163930695,0.026936290646916963,0.03139024690134139,0.02915481171548117,0.02717991631799163,0.03112970711297071,1.0,0.03803561906995657,0.7454981337711487,0.07743617517266667,0.07574526481454266,0.06805047936861056,0.6582785595209386,True,True,True,0.020377307109376727,0.028989667049368603,True,3.5893392507926926e-07,False,False,False,False
sesgado,50,34,20261762,5,250,12500,0.03,1.0,0.5,0.045,0.01,0.03146856632477394,0.0011236931924039832,0.02900568902997093,0.033462169971528385,0.03112970711297071,0.02915481171548117,0.03310460251046025,1.0,0.035708433006029404,0.6998852869181762,0.07224399065791184,0.07080845208459731,0.06369722515988155,0.6150256321070741,True,True,True,0.04666772262890788,0.03629032258064519,True,2.1566870502600415e-06,False,False,False,False
sesgado,50,35,20261763,5,250,12500,0.03,1.0,0.5,0.045,0.01,0.02899524765318442,0.0011100055505598458,0.026563945399637173,0.030965619239542958,0.028661087866108784,0.026686192468619245,0.030635983263598322,1.0,0.03828232694670358,0.7503336081553902,0.07757867131399326,0.07590336686471393,0.06923382574746274,0.6674878285880725,True,True,True,0.03465231126264328,0.046715328467153226,True,1.0095272784314103e-06,False,False,False,False
sesgado,50,36,20261764,5,250,12500,0.03,1.0,0.5,0.045,0.01,0.03129803149495234,0.0011349862764369314,0.028806561200279992,0.033317518210319676,0.03112970711297071,0.02915481171548117,0.03310460251046025,1.0,0.0362638230656768,0.7107709320872652,0.07355152044646578,0.07206454838489121,0.06369722515988155,0.6183767467458403,True,True,True,0.0414732631079908,0.03629032258064519,True,1.6848857618882096e-06,False,False,False,False
sesgado,50,37,20261765,5,250,12500,0.03,1.0,0.5,0.045,0.01,0.030723561238078748,0.001129969746868946,0.02825425102592225,0.032714221240408355,0.030635983263598322,0.028661087866108784,0.03261087866108786,1.0,0.03677860577791557,0.7208606732471452,0.07412302439359204,0.07258224689393138,0.06473225707965503,0.6299391774743281,True,True,True,0.023550695587397284,0.020759355367385834,True,5.235408652500517e-07,False,False,False,False
sesgado,50,38,20261766,5,250,12500,0.03,1.0,0.5,0.045,0.01,0.03122519460046308,0.001120932380505619,0.028768027266496937,0.033194838947557245,0.03112970711297071,0.02915481171548117,0.03310460251046025,1.0,0.03589833129459489,0.7036072933740597,0.0723744968720547,0.07088525368220855,0.06369722515988155,0.6198191922592678,True,True,True,0.03923737277348834,0.03629032258064519,True,1.5011018090038885e-06,False,False,False,False
sesgado,50,39,20261767,5,250,12500,0.03,1.0,0.5,0.045,0.01,0.028864753050023367,0.0011178183646081638,0.026400354692656607,0.030850385385030387,0.028661087866108784,0.026686192468619245,0.030635983263598322,1.0,0.038726067140465587,0.7590309159531256,0.07885522978760987,0.0770841635932544,0.06923382574746274,0.6705054729502288,True,True,True,0.03932986878526961,0.046715328467153226,True,1.2887856374312445e-06,False,False,False,False
sesgado,50,40,20261768,5,250,12500,0.03,1.0,0.5,0.045,0.01,0.02978768786570562,0.0011228314450041495,0.02731996669121952,0.03177421678229003,0.029648535564853556,0.02767364016736401,0.031623430962343095,1.0,0.037694481359758655,0.7388118346512696,0.07642340376916501,0.07476663027946293,0.0669070787562576,0.6497306868076734,True,True,True,0.0071275130601462415,0.011854360711261619,True,4.5076442368635013e-08,False,False,False,False
sesgado,50,41,20261769,5,250,12500,0.03,1.0,0.5,0.045,0.01,0.02943372794993805,0.0011173515118035147,0.026973943494568248,0.03142105795163429,0.02915481171548117,0.02717991631799163,0.03112970711297071,1.0,0.03796160356255064,0.7440474298259926,0.07721974015404862,0.07554453286769948,0.06805047936861056,0.6575441251721637,True,True,True,0.01923888306044972,0.028989667049368603,True,3.206640346813605e-07,False,False,False,False
sesgado,50,42,20261770,5,250,12500,0.03,1.0,0.5,0.045,0.01,0.02835256446263936,0.0011091162518487515,0.02590460069759202,0.03031572771587929,0.028167364016736397,0.02619246861924686,0.030142259414225936,1.0,0.039118727807153114,0.7667270650202009,0.07962822121012875,0.07779061791923418,0.07045925852339756,0.6826181427398049,True,True,True,0.0581053449162065,0.06506238859180051,True,2.7140438497587335e-06,False,False,False,False
sesgado,50,43,20261771,5,250,12500,0.03,1.0,0.5,0.045,0.01,0.030612103565071047,0.001127448823816844,0.0281775828838886,0.03258134739610538,0.030635983263598322,0.028661087866108784,0.03261087866108786,1.0,0.036830164951593955,0.7218712330512415,0.07342001843261634,0.0719284857843215,0.06473225707965503,0.63223276552222,True,True,True,0.019995475442251942,0.020759355367385834,True,3.74670774372687e-07,False,False,False,False
sesgado,50,44,20261772,5,250,12500,0.03,1.0,0.5,0.045,0.01,0.027930165095585317,0.0011153037796765046,0.025472007885211423,0.02991343969469118,0.02767364016736401,0.025698744769874472,0.029648535564853556,1.0,0.039931872076645586,0.7826646927022535,0.08140235523916231,0.07950958747074817,0.07172907479978277,0.6929416574933397,True,True,True,0.07410750696714792,0.08406410644088311,False,4.284216531533334e-06,False,False,False,False
sesgado,50,45,20261773,5,250,12500,0.03,1.0,0.5,0.045,0.01,0.03148999883608261,0.0011328736923589598,0.029010497088239946,0.033494970073518655,0.03112970711297071,0.02915481171548117,0.03310460251046025,1.0,0.03597566637763301,0.7051230610016069,0.07266399922688106,0.07120471818087533,0.06369722515988155,0.6146070374960081,True,True,True,0.04731657323452505,0.03629032258064519,True,2.220096531527539e-06,False,False,False,False
sesgado,50,46,20261774,5,250,12500,0.03,1.0,0.5,0.045,0.01,0.02983727548145584,0.001103559128279623,0.0274001600146267,0.03178862550907021,0.029648535564853556,0.02767364016736401,0.031623430962343095,1.0,0.03698592148487203,0.7249240611034916,0.07516523284893292,0.07353998352113258,0.0669070787562576,0.6486508765663338,True,True,True,0.005453732484565847,0.011854360711261619,True,2.6479268935428185e-08,False,False,False,False
sesgado,50,47,20261775,5,250,12500,0.03,1.0,0.5,0.045,0.01,0.029660647020175363,0.0011199229035050219,0.02722480837753506,0.031608163541346074,0.029648535564853556,0.02767364016736401,0.031623430962343095,1.0,0.037757871658809165,0.7400542845126596,0.07554281958284398,0.07389176576002252,0.0669070787562576,0.6525135774089086,True,True,True,0.011441186013029564,0.011854360711261619,True,1.1516044491585962e-07,False,False,False,False
sesgado,50,48,20261776,5,250,12500,0.03,1.0,0.5,0.045,0.01,0.028977146009505073,0.0011005574030670253,0.02656412894019221,0.030931658238240536,0.028661087866108784,0.026686192468619245,0.030635983263598322,1.0,0.03798018627183025,0.7444116509278729,0.07701275463860499,0.07536161940543919,0.06923382574746274,0.6679047994943669,True,True,True,0.03529864501353614,0.046715328467153226,True,1.0462302858713948e-06,False,False,False,False
sesgado,50,49,20261777,5,250,12500,0.03,1.0,0.5,0.045,0.01,0.02956101235090541,0.001123863158023171,0.027118890736557332,0.03154197216531549,0.02915481171548117,0.02717991631799163,0.03112970711297071,1.0,0.03801842591458979,0.7451611479259598,0.07642817274946051,0.07481275296417052,0.06805047936861056,0.654712858465576,True,True,True,0.014850223797600747,0.028989667049368603,True,1.9271015605759392e-07,False,False,False,False
sesgado,50,50,20261778,5,250,12500,0.03,1.0,0.5,0.045,0.01,0.028819613605803065,0.0011097653936328659,0.026371919160443867,0.0307787251959346,0.028661087866108784,0.026686192468619245,0.030635983263598322,1.0,0.038507296066225036,0.7547430028980107,0.07823295412330214,0.07645498124588646,0.06923382574746274,0.6715556690010721,True,True,True,0.040957745316864726,0.046715328467153226,True,1.3933120396052398e-06,False,False,False,False
sesgado,50,51,20261779,5,250,12500,0.03,1.0,0.5,0.045,0.01,0.030157543397146075,0.0011296362206871364,0.027707651256838058,0.032117022235868285,0.030142259414225936,0.028167364016736397,0.032117154811715475,1.0,0.03745783288150845,0.7341735244775657,0.07471496890597883,0.07310560613248597,0.06580162660228873,0.6417623159991546,True,True,True,0.005224012946657623,0.004719600222098776,True,2.4819921984326233e-08,False,False,False,False
sesgado,50,52,20261780,5,250,12500,0.03,1.0,0.5,0.045,0.01,0.031163289472710416,0.0011392279422919765,0.028695058056526643,0.03315944925166071,0.03112970711297071,0.02915481171548117,0.03310460251046025,1.0,0.036556729458537884,0.7165118973873426,0.07310736393242365,0.07162901077955065,0.06369722515988155,0.6210504482315863,True,True,True,0.03732884083784249,0.03629032258064519,True,1.3532423973188808e-06,False,False,False,False
sesgado,50,53,20261781,5,250,12500,0.03,1.0,0.5,0.045,0.01,0.029313502641366965,0.0011154732815340902,0.026855874284661636,0.031286574480773224,0.02915481171548117,0.02717991631799163,0.03112970711297071,1.0,0.038053223976037026,0.7458431899303256,0.07728812525907368,0.07557439058577431,0.06805047936861056,0.6602409521708031,True,True,True,0.023419151475411012,0.028989667049368603,True,4.712786234101328e-07,False,False,False,False
sesgado,50,54,20261782,5,250,12500,0.03,1.0,0.5,0.045,0.01,0.030231540809645307,0.0011297853593342806,0.02776203835152699,0.032222108526669055,0.030142259414225936,0.028167364016736397,0.032117154811715475,1.0,0.03737108096633384,0.7324731869401432,0.07536447408263806,0.07376518125928747,0.06580162660228873,0.6401914813823394,True,True,True,0.007658915273396828,0.004719600222098776,True,5.361114653120474e-08,False,False,False,False
sesgado,50,55,20261783,5,250,12500,0.03,1.0,0.5,0.045,0.01,0.032491389208660564,0.0011371930120609045,0.030005248440771185,0.03450033992025751,0.032117154811715475,0.030142259414225936,0.03409205020920502,1.0,0.03499982733141451,0.6859966156957243,0.0705433724842464,0.06917358089275169,0.061723740996997,0.5956647396978249,True,True,True,0.0766784452539348,0.06591974986972371,False,6.207020189030315e-06,False,False,False,False
sesgado,50,56,20261784,5,250,12500,0.03,1.0,0.5,0.045,0.01,0.028876148323158414,0.0011167839393279634,0.026413566016771632,0.03086065634010067,0.028661087866108784,0.026686192468619245,0.030635983263598322,1.0,0.03867496200773815,0.7580292553516678,0.07876858108596001,0.07700283073699464,0.06923382574746274,0.6702408741915127,True,True,True,0.03891972240426078,0.046715328467153226,True,1.2630425915396422e-06,False,False,False,False
sesgado,50,57,20261785,5,250,12500,0.03,1.0,0.5,0.045,0.01,0.02866698316877295,0.0011234131364392962,0.026228143710830647,0.030621151241777896,0.028661087866108784,0.026686192468619245,0.030635983263598322,1.0,0.03918839767077529,0.7680925943471957,0.07840159073281741,0.07662137841788264,0.06923382574746274,0.6751312051726404,True,True,True,0.04650007373915464,0.046715328467153226,True,1.7769338723346012e-06,False,False,False,False
sesgado,50,58,20261786,5,250,12500,0.03,1.0,0.5,0.045,0.01,0.029586338196431035,0.0011089625405627996,0.027188551028837486,0.03153902768191184,0.02915481171548117,0.02767364016736401,0.03112970711297071,1.0,0.03748225053063756,0.7346521104004962,0.07505224722779134,0.0735217150596748,0.058481845287448334,0.5723833723875851,True,True,True,0.013981514063097647,0.028989667049368603,True,1.711160877319282e-07,False,False,False,False
sesgado,50,59,20261787,5,250,12500,0.03,1.0,0.5,0.045,0.01,0.030179532323883998,0.0010961788287380076,0.02777173334322468,0.03208700439729261,0.030142259414225936,0.028167364016736397,0.032117154811715475,1.0,0.0363219289475369,0.7119098073717232,0.0730732510257287,0.07149333872633998,0.06580162660228873,0.6412947254348536,True,True,True,0.005948810669339508,0.004719600222098776,True,3.223185531918915e-08,False,False,False,False
sesgado,50,60,20261788,5,250,12500,0.03,1.0,0.5,0.045,0.01,0.02962395796582703,0.0011302891620165172,0.027185824504668995,0.03159714469021443,0.029648535564853556,0.02767364016736401,0.031623430962343095,1.0,0.03815456271307068,0.7478294291761853,0.07606612984093258,0.07445528026056054,0.0669070787562576,0.653321710681721,True,True,True,0.012693848492721784,0.011854360711261619,True,1.4140761146494518e-07,False,False,False,False
sesgado,50,61,20261789,5,250,12500,0.03,1.0,0.5,0.045,0.01,0.030728464197788623,0.001120233785360799,0.028272892065761578,0.03269506755822932,0.030635983263598322,0.028661087866108784,0.03261087866108786,1.0,0.03645589893950563,0.7145356192143102,0.07350118793777097,0.07195568681864001,0.06473225707965503,0.6298386658969533,True,True,True,0.023706495485740928,0.020759355367385834,True,5.306600874598233e-07,False,False,False,False
sesgado,50,62,20261790,5,250,12500,0.03,1.0,0.5,0.045,0.01,0.030227640867668906,0.0011200556500982712,0.027773710294506922,0.032191056101860446,0.030142259414225936,0.028167364016736397,0.032117154811715475,1.0,0.037054021350910925,0.7262588184778541,0.07467350402887406,0.0730679881154447,0.06580162660228873,0.6402740782889954,True,True,True,0.007530884354008193,0.004719600222098776,True,5.1820364633052665e-08,False,False,False,False
sesgado,50,63,20261791,5,250,12500,0.03,1.0,0.5,0.045,0.01,0.029552949495984224,0.0011209872535747182,0.02711551504743659,0.03153137153723866,0.02915481171548117,0.02717991631799163,0.03112970711297071,1.0,0.037931484765236126,0.7434571013986281,0.0763176636875951,0.0747109267452664,0.06805047936861056,0.6548914820846351,True,True,True,0.015127102764362731,0.028989667049368603,True,1.9985415314075799e-07,False,False,False,False
sesgado,50,64,20261792,5,250,12500,0.03,1.0,0.5,0.045,0.01,0.03148726735188007,0.001157374435581574,0.028951678643182176,0.03353036706971489,0.03112970711297071,0.02915481171548117,0.03310460251046025,1.0,0.03675690312047572,0.720435301161324,0.07425642042916826,0.0727069830380077,0.06369722515988155,0.6146603539491295,True,True,True,0.04723392904374321,0.03629032258064519,True,2.2119641759683682e-06,False,False,False,False
sesgado,50,65,20261793,5,250,12500,0.03,1.0,0.5,0.045,0.01,0.029044867332841208,0.0011108337632544903,0.026629198043181677,0.031009921070147838,0.028661087866108784,0.026686192468619245,0.030635983263598322,1.0,0.038245441114425884,0.7496106458427473,0.07704180489496791,0.07541303213344086,0.06923382574746274,0.6663475055199795,True,True,True,0.03288473161930447,0.046715328467153226,True,9.122784118738656e-07,False,False,False,False
sesgado,50,66,20261794,5,250,12500,0.03,1.0,0.5,0.045,0.01,0.03012013813464346,0.0011137306650508079,0.02770310088281398,0.03206966863414595,0.030142259414225936,0.028167364016736397,0.032117154811715475,1.0,0.0369762801243538,0.7247350904373343,0.07401918698488465,0.0724858520205398,0.06580162660228873,0.64255930065397,True,True,True,0.003988631596124108,0.004719600222098776,True,1.4433171395610567e-08,False,False,False,False
sesgado,50,67,20261795,5,250,12500,0.03,1.0,0.5,0.045,0.01,0.030856535043011172,0.0011077601329403503,0.028412125232434148,0.03282262893966016,0.030635983263598322,0.028661087866108784,0.03261087866108786,1.0,0.03590034109131938,0.7036466853898599,0.07296729874395554,0.07146790300787462,0.06473225707965503,0.6272245042555756,True,True,True,0.027758626878139122,0.020759355367385834,True,7.33652279906152e-07,False,False,False,False
sesgado,50,68,20261796,5,250,12500,0.03,1.0,0.5,0.045,0.01,0.030308455304542736,0.0011161156172318117,0.027849289972234605,0.032284884272498184,0.030142259414225936,0.028167364016736397,0.032117154811715475,1.0,0.036825222731312356,0.7217743655337222,0.07476051125757953,0.07317420593847877,0.06580162660228873,0.6385668520855511,True,True,True,0.01017720307562179,0.004719600222098776,True,9.514467490055287e-08,False,False,False,False
sesgado,50,69,20261797,5,250,12500,0.03,1.0,0.5,0.045,0.01,0.03022127474759486,0.0011409162464414845,0.027737953528894722,0.03223731741923203,0.030142259414225936,0.028167364016736397,0.032117154811715475,1.0,0.037752088751063805,0.7399409395208506,0.0760327310479724,0.07444033926291262,0.06580162660228873,0.6404089522046964,True,True,True,0.007321820454065246,0.004719600222098776,True,4.896251392316966e-08,False,False,False,False
sesgado,50,70,20261798,5,250,12500,0.03,1.0,0.5,0.045,0.01,0.02865348948017018,0.0010965277600948212,0.026255676728267875,0.030574161634567783,0.028661087866108784,0.026686192468619245,0.030142259414225936,1.0,0.03826855925710828,0.7500637614393222,0.07707280329054902,0.07535705047876527,0.06157187855463036,0.5910179995770696,True,True,True,0.04699289839590662,0.046715328467153226,True,1.8130905800123728e-06,False,False,False,False
sesgado,50,71,20261799,5,250,12500,0.03,1.0,0.5,0.045,0.01,0.03059582642399681,0.001134065000498288,0.028146683484054576,0.032579162028178954,0.030635983263598322,0.028167364016736397,0.03261087866108786,1.0,0.03706600321175904,0.7264936629504771,0.07394549079313083,0.07243599964745374,0.07410026086157047,0.7116402562751197,True,True,True,0.01947410786490458,0.020759355367385834,True,3.550091275328271e-07,False,False,False,False
sesgado,50,72,20261800,5,250,12500,0.03,1.0,0.5,0.045,0.01,0.030004366083677694,0.0011079831342689617,0.027585781656178025,0.03196908683250578,0.029648535564853556,0.02767364016736401,0.031623430962343095,1.0,0.03692739687214062,0.7237769786939561,0.07456596500304243,0.07304445566527504,0.0669070787562576,0.6450386200935612,True,True,True,0.00014551494490902428,0.011854360711261619,True,1.9062686680638368e-11,False,False,False,False
sesgado,50,73,20261801,5,250,12500,0.03,1.0,0.5,0.045,0.01,0.032033078500097664,0.001114079373684907,0.029620909001464947,0.03399874976235416,0.031623430962343095,0.030142259414225936,0.033598326359832634,1.0,0.03477902923634113,0.6816689730322861,0.06962533759030375,0.06833312572308443,0.05395947180305947,0.5286637696536468,True,True,True,0.06346809595872802,0.05133633236305904,True,4.133408187559372e-06,False,False,False,False
sesgado,50,74,20261802,5,250,12500,0.03,1.0,0.5,0.045,0.01,0.029391317269144714,0.0011055991120630776,0.02695211798326536,0.03135414349230651,0.02915481171548117,0.02717991631799163,0.03112970711297071,1.0,0.03761652129908945,0.7372838174621532,0.07655151135987655,0.07488649570773812,0.06805047936861056,0.6584929391958715,True,True,True,0.020709610436354494,0.028989667049368603,True,3.704946668414477e-07,False,False,False,False
sesgado,50,75,20261803,5,250,12500,0.03,1.0,0.5,0.045,0.01,0.02951862452948504,0.0011275079615045798,0.027052557280233536,0.03151410814394104,0.02915481171548117,0.02717991631799163,0.03112970711297071,1.0,0.03819649389077579,0.7486512802592055,0.07723935233544789,0.07557179466900682,0.06805047936861056,0.6556530056495526,True,True,True,0.016307516972348352,0.028989667049368603,True,2.3172234361349865e-07,False,False,False,False
sesgado,50,76,20261804,5,250,12500,0.03,1.0,0.5,0.045,0.01,0.030456560497653534,0.0011278684577429381,0.027979171245097637,0.03246039820504282,0.030142259414225936,0.028167364016736397,0.032117154811715475,1.0,0.03703203642544708,0.7258279139387627,0.0751379100701889,0.07356751528608142,0.06580162660228873,0.6354616075866008,True,True,True,0.014990546870475184,0.004719600222098776,True,2.0844748801764323e-07,False,False,False,False
sesgado,50,77,20261805,5,250,12500,0.03,1.0,0.5,0.045,0.01,0.0314181096041791,0.0011347615273520977,0.02892331632366399,0.03343703433573785,0.03112970711297071,0.02915481171548117,0.03310460251046025,1.0,0.03611807144504826,0.7079142003229457,0.07331766748729786,0.07183306171090363,0.06369722515988155,0.616013348327714,True,True,True,0.04513669415649605,0.03629032258064519,True,2.011034849465013e-06,False,False,False,False
sesgado,50,78,20261806,5,250,12500,0.03,1.0,0.5,0.045,0.01,0.028600129755219354,0.0011132688754614422,0.02619624969991854,0.03055885106493342,0.028167364016736397,0.026686192468619245,0.030142259414225936,1.0,0.0389253085559263,0.7629360476961553,0.07793048793874653,0.07626890860903754,0.06051122429631701,0.5921206714239573,True,True,True,0.048946289991050586,0.06506238859180051,True,1.959636702222222e-06,False,False,False,False
sesgado,50,79,20261807,5,250,12500,0.03,1.0,0.5,0.045,0.01,0.029515378653919223,0.0011282890028291828,0.027046612316451994,0.031512768054665706,0.02915481171548117,0.02717991631799163,0.03112970711297071,1.0,0.038227156631086015,0.7492522699692858,0.0773308524912847,0.07565811353093839,0.06805047936861056,0.6557251093516818,True,True,True,0.01641928269879834,0.028989667049368603,True,2.3485784907714345e-07,False,False,False,False
sesgado,50,80,20261808,5,250,12500,0.03,1.0,0.5,0.045,0.01,0.029509516640512733,0.0011277151874518408,0.02704036303234501,0.03150686542821107,0.02915481171548117,0.02717991631799163,0.03112970711297071,1.0,0.03821530529251822,0.7490199837333572,0.07735385384731028,0.07567901654028002,0.06805047936861056,0.6558553679875252,True,True,True,0.01662119259567582,0.028989667049368603,True,2.4057392593391485e-07,False,False,False,False
sesgado,50,81,20261809,5,250,12500,0.03,1.0,0.5,0.045,0.01,0.030355643132730658,0.0011419817901890134,0.027847177702265007,0.03239145870693973,0.030142259414225936,0.028167364016736397,0.032117154811715475,1.0,0.03762008220994281,0.7373536113148791,0.07646504163205312,0.07485067907810024,0.06580162660228873,0.6375742003149738,True,True,True,0.011715881991878873,0.004719600222098776,True,1.2648203785847717e-07,False,False,False,False
sesgado,50,82,20261810,5,250,12500,0.03,1.0,0.5,0.045,0.01,0.03204608966629652,0.001124387390764138,0.029610676383605383,0.03402439257626964,0.031623430962343095,0.030142259414225936,0.03409205020920502,1.0,0.03508657070090762,0.6876967857377894,0.07019573784300899,0.06886512892251942,0.060774887240138534,0.6039418567736348,True,True,True,0.0638483411736949,0.05133633236305904,True,4.1864829225254e-06,False,False,False,False
sesgado,50,83,20261811,5,250,12500,0.03,1.0,0.5,0.045,0.01,0.02968748403509754,0.001115255097126435,0.0272510786469712,0.03161991312177998,0.029648535564853556,0.02767364016736401,0.031623430962343095,1.0,0.0375665076841117,0.7363035506085892,0.07526007016821315,0.07358040967102161,0.0669070787562576,0.6519237154794456,True,True,True,0.010526859215587051,0.011854360711261619,True,9.76662283189152e-08,False,False,False,False
sesgado,50,84,20261812,5,250,12500,0.03,1.0,0.5,0.045,0.01,0.029476049823620072,0.0011327869995727006,0.026988628058043092,0.03148715863301043,0.02915481171548117,0.02717991631799163,0.03112970711297071,1.0,0.03843076010357953,0.7532428980301588,0.07801815622164127,0.07630823332647725,0.06805047936861056,0.6566000197179929,True,True,True,0.017775454293066983,0.028989667049368603,True,2.745237873285563e-07,False,False,False,False
sesgado,50,85,20261813,5,250,12500,0.03,1.0,0.5,0.045,0.01,0.028959551744238296,0.0011336110033725825,0.02646730783626855,0.030974809588788756,0.028661087866108784,0.026686192468619245,0.030635983263598322,1.0,0.03914463225758051,0.7672347922485779,0.0796121458436936,0.07782409396956576,0.06923382574746274,0.668310582509209,True,True,True,0.03592763675869761,0.046715328467153226,True,1.0825325729175698e-06,False,False,False,False
sesgado,50,86,20261814,5,250,12500,0.03,1.0,0.5,0.045,0.01,0.030882255030282312,0.0011452970576889862,0.028366030584002284,0.03292331384373473,0.030635983263598322,0.028661087866108784,0.03261087866108786,1.0,0.037085927066075275,0.7268841704950754,0.07534994225871004,0.07378482004088911,0.06473225707965503,0.6267021263965176,True,True,True,0.028568348697891252,0.020759355367385834,True,7.783739384584456e-07,False,False,False,False
sesgado,50,87,20261815,5,250,12500,0.03,1.0,0.5,0.045,0.01,0.032214729211463705,0.0011470885359446176,0.029718054553089353,0.03425070315627426,0.032117154811715475,0.030142259414225936,0.03409205020920502,1.0,0.035607579638956666,0.6979085609235506,0.07172766173275576,0.07035056190340332,0.061723740996997,0.600780306683762,True,True,True,0.06874896252971105,0.06591974986972371,True,4.90502548011065e-06,False,False,False,False
sesgado,50,88,20261816,5,250,12500,0.03,1.0,0.5,0.045,0.01,0.02980672141421973,0.0011261187985476772,0.02733093223712772,0.03180454461233811,0.029648535564853556,0.02767364016736401,0.031623430962343095,1.0,0.0377806999601924,0.740501719219771,0.07670063102593183,0.07504368415836885,0.0669070787562576,0.6493157911075861,True,True,True,0.006484396022437409,0.011854360711261619,True,3.7356611721221046e-08,False,False,False,False
sesgado,50,89,20261817,5,250,12500,0.03,1.0,0.5,0.045,0.01,0.029883682356842925,0.0011231699752825713,0.02740912588832139,0.0318826310686545,0.029648535564853556,0.02767364016736401,0.031623430962343095,1.0,0.03758472472939339,0.7366606046961105,0.07648965835742394,0.07484862686791244,0.0669070787562576,0.6476435756574602,True,True,True,0.0038923463905190655,0.011854360711261619,True,1.3529794109616388e-08,False,False,False,False
sesgado,50,90,20261818,5,250,12500,0.03,1.0,0.5,0.045,0.01,0.029818391704547045,0.0011376111783795158,0.027322018406404972,0.03184324875759342,0.029648535564853556,0.02767364016736401,0.031623430962343095,1.0,0.03815132585457451,0.7477659867496603,0.0774784109748076,0.07581278017920401,0.0669070787562576,0.6490616625861212,True,True,True,0.006090479233501397,0.011854360711261619,True,3.298157297732727e-08,False,False,False,False
sesgado,50,91,20261819,5,250,12500,0.03,1.0,0.5,0.045,0.01,0.03027681102042665,0.001127369955446292,0.027802416028447473,0.0322732509470209,0.030142259414225936,0.028167364016736397,0.032117154811715475,1.0,0.03723542597289051,0.7298143490686538,0.07542989723306873,0.07383265885494217,0.06580162660228873,0.6392342602508588,True,True,True,0.0091426742479549,0.004719600222098776,True,7.662434102964421e-08,False,False,False,False
sesgado,50,92,20261820,5,250,12500,0.03,1.0,0.5,0.045,0.01,0.03261838727191878,0.0011256930056686373,0.030176536467676412,0.034575613873812215,0.03261087866108786,0.030635983263598322,0.034585774058577406,1.0,0.0345109951722766,0.6764155053766213,0.06876299772948839,0.0674324786425443,0.06078232027373373,0.5933455487561575,True,True,True,0.08027335165564586,0.08006158583525777,False,6.855951905746266e-06,False,False,False,False
sesgado,50,93,20261821,5,250,12500,0.03,1.0,0.5,0.045,0.01,0.026987098332460907,0.0010889314992191476,0.024598237259447597,0.028918784683865207,0.026686192468619245,0.024711297071129706,0.028661087866108784,1.0,0.04035007712960928,0.7908615117403418,0.08195603674625312,0.08004838777388533,0.07441191810382117,0.7171565707795241,True,True,True,0.11164229775363003,0.12417685794920039,False,9.077576458259841e-06,True,False,True,False
sesgado,50,94,20261822,5,250,12500,0.03,1.0,0.5,0.045,0.01,0.030233694092501495,0.0011398253541696325,0.027748722470465895,0.03225008591136451,0.030142259414225936,0.028167364016736397,0.032117154811715475,1.0,0.0377004990088965,0.7389297805743713,0.07603813021790759,0.07444282903581792,0.06580162660228873,0.6401458861157696,True,True,True,0.0077295910908702576,0.004719600222098776,True,5.4612928870097586e-08,False,False,False,False
sesgado,50,95,20261823,5,250,12500,0.03,1.0,0.5,0.045,0.01,0.030278788997203977,0.0011232603624459622,0.027810772490189022,0.03226580365071699,0.030142259414225936,0.028167364016736397,0.032117154811715475,1.0,0.03709726840626575,0.7271064607628087,0.07516293200252731,0.07356686492546576,0.06580162660228873,0.6391925019585385,True,True,True,0.009207402489898868,0.004719600222098776,True,7.772330496199948e-08,False,False,False,False
sesgado,50,96,20261824,5,250,12500,0.03,1.0,0.5,0.045,0.01,0.030286147156515942,0.0011042335899641357,0.027849616159245468,0.03222768027294912,0.030142259414225936,0.028167364016736397,0.032117154811715475,1.0,0.0364600219452663,0.7146164301272193,0.07386656260496166,0.07227832730056805,0.06580162660228873,0.6390372071884208,True,True,True,0.009448120126906899,0.004719600222098776,True,8.18801951821596e-08,False,False,False,False
sesgado,50,97,20261825,5,250,12500,0.03,1.0,0.5,0.045,0.01,0.030933201511337056,0.001129523090650317,0.02844994763041346,0.03294182938712563,0.030635983263598322,0.028661087866108784,0.03261087866108786,1.0,0.036514910693493705,0.7156922495924765,0.07413000095327454,0.07260615677083875,0.06473225707965503,0.6256699581614344,True,True,True,0.030168280867890047,0.020759355367385834,True,8.708650607617684e-07,False,False,False,False
sesgado,50,98,20261826,5,250,12500,0.03,1.0,0.5,0.045,0.01,0.031162100262411705,0.0011328189299983007,0.02870295464318404,0.033139497342028965,0.03112970711297071,0.02915481171548117,0.03310460251046025,1.0,0.03635245764755874,0.7125081698921513,0.0726722939268044,0.07118491150284185,0.06369722515988155,0.6210741488032049,True,True,True,0.0372921033122229,0.03629032258064519,True,1.3504770198973564e-06,False,False,False,False
sesgado,50,99,20261827,5,250,12500,0.03,1.0,0.5,0.045,0.01,0.030600317743031166,0.0011192401534365517,0.02818042910192596,0.032561524960309035,0.030635983263598322,0.028661087866108784,0.03261087866108786,1.0,0.0365760958051308,0.7168914777805636,0.07305103242288936,0.07158579030410253,0.06473225707965503,0.6324762722375685,True,True,True,0.019618023187614853,0.020759355367385834,True,3.6038139259803466e-07,False,False,False,False
sesgado,100,0,20262728,5,250,25000,0.03,1.0,0.5,0.045,0.01,0.031575092007236044,0.00080877630512976,0.029725539323513944,0.032961297904331575,0.031623430962343095,0.030142259414225936,0.03261087866108786,1.0,0.02561437683045906,0.5020417858769975,0.0521382791831444,0.0512390997954352,0.03970953467672634,0.38309419040968573,True,True,True,0.0498840037227788,0.05133633236305904,True,2.480914831258874e-06,False,False,False,False
sesgado,100,1,20262729,5,250,25000,0.03,1.0,0.5,0.045,0.01,0.028393761660272035,0.0007833110077998696,0.026609541252310877,0.029671298581915615,0.028167364016736397,0.02717991631799163,0.029648535564853556,1.0,0.027587433365543184,0.5407136939646464,0.05505411196278425,0.053916021523289136,0.04314385612927169,0.4260173221975105,True,True,True,0.05657011420136619,0.06506238859180051,False,2.5800016040120463e-06,False,False,False,False
sesgado,100,2,20262730,5,250,25000,0.03,1.0,0.5,0.045,0.01,0.030042038984141012,0.000779748619472946,0.028246631358859183,0.03137684294078212,0.030142259414225936,0.028661087866108784,0.03112970711297071,1.0,0.025955249571594324,0.5087228916032487,0.05305144258143561,0.052097189268267625,0.04169963111215758,0.4026435860764628,True,True,True,0.001399338578956204,0.004719600222098776,True,1.7672761876083362e-09,False,False,False,False
sesgado,100,3,20262731,5,250,25000,0.03,1.0,0.5,0.045,0.01,0.0306568881009601,0.0008016426067441309,0.02880072441536937,0.03201764524488202,0.030635983263598322,0.02915481171548117,0.032117154811715475,1.0,0.026148857773957344,0.5125176123695638,0.05347436620543735,0.05246652593894396,0.04846072180485313,0.47348188517194933,True,True,True,0.021427096540158244,0.020759355367385834,True,4.3150197718297007e-07,False,False,False,False
sesgado,100,4,20262732,5,250,25000,0.03,1.0,0.5,0.045,0.01,0.029076823405548867,0.0007851883896033116,0.027267418878049784,0.030423709494111047,0.02915481171548117,0.02767364016736401,0.030142259414225936,1.0,0.02700392607032412,0.5292769509783527,0.05531434219080826,0.054275024682698556,0.043141204186029125,0.41600948428620477,True,True,True,0.03174956843033115,0.028989667049368603,True,8.522550245423897e-07,False,False,False,False
sesgado,100,5,20262733,5,250,25000,0.03,1.0,0.5,0.045,0.01,0.02963562085405925,0.0007903808334706377,0.0278028757002972,0.030986435755324955,0.029648535564853556,0.028167364016736397,0.030635983263598322,1.0,0.026669960361649644,0.522731223088333,0.05475650738494555,0.05371171521435659,0.042408150466861534,0.40816537534986674,True,True,True,0.012295310016791489,0.011854360711261619,True,1.3277216199651078e-07,False,False,False,False
sesgado,100,6,20262734,5,250,25000,0.03,1.0,0.5,0.045,0.01,0.030126340499304613,0.0007855735686918628,0.02830156068007745,0.031469874156265204,0.030142259414225936,0.028661087866108784,0.03112970711297071,1.0,0.02607597058494362,0.5110890234648949,0.05358449447071145,0.05258377591962899,0.04169963111215758,0.40151688220820053,True,True,True,0.0041936888852308835,0.004719600222098776,True,1.5961921764539196e-08,False,False,False,False
sesgado,100,7,20262735,5,250,25000,0.03,1.0,0.5,0.045,0.01,0.029454039185250303,0.0007839088509071138,0.027688839486433366,0.0307755105642302,0.02915481171548117,0.028167364016736397,0.030635983263598322,1.0,0.02661464683932626,0.5216470780507946,0.05334518148071141,0.05239809484844011,0.041701946437071855,0.41068168048343134,True,True,True,0.018536025273677693,0.028989667049368603,True,2.980732112421523e-07,False,False,False,False
sesgado,100,8,20262736,5,250,25000,0.03,1.0,0.5,0.045,0.01,0.029192532790364385,0.0007816278805955864,0.027367621399605777,0.03051999479096039,0.02915481171548117,0.02767364016736401,0.030142259414225936,1.0,0.02677492515666812,0.5247885330706951,0.05508811673778018,0.05399280381034837,0.043141204186029125,0.41436056256194564,True,True,True,0.027660060037755157,0.028989667049368603,True,6.52003294636724e-07,False,False,False,False
sesgado,100,9,20262737,5,250,25000,0.03,1.0,0.5,0.045,0.01,0.029957944148546096,0.000796478590947029,0.028174387407801673,0.031315449576796946,0.029648535564853556,0.028661087866108784,0.03112970711297071,1.0,0.026586557041354365,0.5210965180105456,0.05332678608828309,0.05242452808878264,0.04101659995290792,0.40377384541624095,True,True,True,0.0014038296902274539,0.011854360711261619,True,1.7686946415127624e-09,False,False,False,False
sesgado,100,10,20262738,5,250,25000,0.03,1.0,0.5,0.045,0.01,0.027894922400782344,0.000778636940863985,0.02612220960796787,0.029153787295972254,0.02767364016736401,0.026686192468619245,0.02915481171548117,1.0,0.02791321408523249,0.5470989960705567,0.05552121649770088,0.05433923859776285,0.04390293449173552,0.4336357038686073,True,True,True,0.07546454401173086,0.08406410644088311,False,4.431351698727966e-06,False,False,False,False
sesgado,100,11,20262739,5,250,25000,0.03,1.0,0.5,0.045,0.01,0.02987092537431313,0.0007885728209168759,0.02806863369897343,0.031164046856653894,0.029648535564853556,0.028661087866108784,0.03112970711297071,1.0,0.026399343543437474,0.5174271334513745,0.05285209219800336,0.051813144703282264,0.04101659995290792,0.4049501030867069,True,True,True,0.004321078910995695,0.011854360711261619,True,1.6660258996205658e-08,False,False,False,False
sesgado,100,12,20262740,5,250,25000,0.03,1.0,0.5,0.045,0.01,0.030259181276439766,0.000789042760042579,0.028422492668054463,0.03157309461538079,0.030142259414225936,0.028661087866108784,0.031623430962343095,1.0,0.026076143727554818,0.5110924170600744,0.053117961568143045,0.052060264263981124,0.04925830994566591,0.47970502040152974,True,True,True,0.008565376375254771,0.004719600222098776,True,6.717493405694723e-08,False,False,False,False
sesgado,100,13,20262741,5,250,25000,0.03,1.0,0.5,0.045,0.01,0.029446684982651572,0.0007908044992770821,0.02767711987723581,0.030784029279965718,0.02915481171548117,0.028167364016736397,0.030635983263598322,1.0,0.026855467762941135,0.5263671681536461,0.05368941178165404,0.05275482460182422,0.041701946437071855,0.41078424674118297,True,True,True,0.01879040094579096,0.028989667049368603,True,3.0615750842329e-07,False,False,False,False
sesgado,100,14,20262742,5,250,25000,0.03,1.0,0.5,0.045,0.01,0.03011657591737935,0.0007938312197376928,0.02828148524530036,0.031474988498131046,0.030142259414225936,0.028661087866108784,0.03112970711297071,1.0,0.026358614668395862,0.5166288475005589,0.05402256084259066,0.05301902948050304,0.04169963111215758,0.40164706448727017,True,True,True,0.0038708224234773065,0.004719600222098776,True,1.3589944512837102e-08,False,False,False,False
sesgado,100,15,20262743,5,250,25000,0.03,1.0,0.5,0.045,0.01,0.029211089301495397,0.0007979870828380117,0.027356184881444617,0.030556677102045328,0.02915481171548117,0.02767364016736401,0.030635983263598322,1.0,0.027317950200411067,0.5354318239280569,0.05592073584558127,0.0547821443351116,0.05093513820641687,0.49691680518073106,True,True,True,0.027007233121710925,0.028989667049368603,True,6.223800902150185e-07,False,False,False,False
sesgado,100,16,20262744,5,250,25000,0.03,1.0,0.5,0.045,0.01,0.02895830098278058,0.0007891838487061477,0.027188102781342767,0.03029320190014407,0.028661087866108784,0.02767364016736401,0.030142259414225936,1.0,0.02725242234257523,0.5341474779144745,0.05458765870781591,0.053613282088746876,0.04241062696244253,0.41771215503341147,True,True,True,0.03597238034920771,0.046715328467153226,True,1.0851368424759063e-06,False,False,False,False
sesgado,100,17,20262745,5,250,25000,0.03,1.0,0.5,0.045,0.01,0.029780061792851437,0.0007793532914616897,0.02796767307537181,0.03107660313550889,0.029648535564853556,0.028167364016736397,0.03112970711297071,1.0,0.026170304712019428,0.5129379723555807,0.05326190246458138,0.05219818014083776,0.05008265769650978,0.48742280229359686,True,True,True,0.007385418092092593,0.011854360711261619,True,4.837281496372358e-08,False,False,False,False
sesgado,100,18,20262746,5,250,25000,0.03,1.0,0.5,0.045,0.01,0.030316272826327553,0.0007943249393792568,0.028479073437670907,0.03161369635289317,0.030142259414225936,0.02915481171548117,0.031623430962343095,1.0,0.026201272957586046,0.5135449499686865,0.052775211461150356,0.051698685606564126,0.04035345186660591,0.3990013673157969,True,True,True,0.010432444256567449,0.004719600222098776,True,1.0002850067321938e-07,False,False,False,False
sesgado,100,19,20262747,5,250,25000,0.03,1.0,0.5,0.045,0.01,0.030192511635905517,0.0007975963830546775,0.02833895884709756,0.03153947615899302,0.030142259414225936,0.028661087866108784,0.031623430962343095,1.0,0.02641702660159483,0.5177737213912587,0.0540568905888318,0.05300183950396065,0.04925830994566591,0.48076428177263775,True,True,True,0.0063761385017263444,0.004719600222098776,True,3.7060729959018955e-08,False,False,False,False
sesgado,100,20,20262748,5,250,25000,0.03,1.0,0.5,0.045,0.01,0.03139301793332035,0.0007998388100486818,0.029580030669550048,0.03274396086792669,0.03112970711297071,0.030142259414225936,0.03261087866108786,1.0,0.025478238879344507,0.4993734820351523,0.051274346457800005,0.05039225927715711,0.039089565757454876,0.38531607044968325,True,True,True,0.04437349528736479,0.03629032258064519,True,1.9404989625520933e-06,False,False,False,False
sesgado,100,21,20262749,5,250,25000,0.03,1.0,0.5,0.045,0.01,0.03004918342025495,0.0007919105508109454,0.028235684466831407,0.031408965508601755,0.030142259414225936,0.028661087866108784,0.03112970711297071,1.0,0.026353812672232226,0.5165347283757515,0.053760000420508394,0.052801452162446555,0.04169963111215758,0.4025478543110707,True,True,True,0.0016367639535188516,0.004719600222098776,True,2.4190088279750406e-09,False,False,False,False
sesgado,100,22,20262750,5,250,25000,0.03,1.0,0.5,0.045,0.01,0.03189986364671791,0.0007971412348163384,0.03010440422215991,0.033248721347572334,0.031623430962343095,0.030635983263598322,0.03310460251046025,1.0,0.024988860254841688,0.489781660994897,0.050104898550663024,0.049284178143124045,0.03848689725190704,0.37919391893287857,True,True,True,0.05955710869984805,0.05133633236305904,False,3.6094818761202755e-06,False,False,False,False
sesgado,100,23,20262751,5,250,25000,0.03,1.0,0.5,0.045,0.01,0.029504353425914974,0.000790126764585599,0.027711393980980575,0.03085567006366012,0.029648535564853556,0.028167364016736397,0.030635983263598322,1.0,0.026780006095357977,0.5248881194690164,0.05424796152646791,0.05328495150003506,0.042408150466861534,0.40998133851659924,True,True,True,0.01679909967624212,0.011854360711261619,True,2.456655264022221e-07,False,False,False,False
sesgado,100,24,20262752,5,250,25000,0.03,1.0,0.5,0.045,0.01,0.030700074803659532,0.0007973480367551736,0.028845898528355913,0.0320425452087317,0.030635983263598322,0.02915481171548117,0.032117154811715475,1.0,0.02597218547037962,0.5090548352194405,0.053087588495914564,0.05206252266191116,0.04846072180485313,0.47281582420827867,True,True,True,0.022803683969398063,0.020759355367385834,True,4.901047307189339e-07,False,False,False,False
sesgado,100,25,20262753,5,250,25000,0.03,1.0,0.5,0.045,0.01,0.029860048002077415,0.0007894744869082412,0.0280496761602121,0.03114825430587001,0.029648535564853556,0.028661087866108784,0.03112970711297071,1.0,0.02643915665685856,0.5182074704744277,0.05294944300644029,0.05188501615004666,0.04101659995290792,0.40509761768574104,True,True,True,0.004686931444746775,0.011854360711261619,True,1.958656172252299e-08,False,False,False,False
sesgado,100,26,20262754,5,250,25000,0.03,1.0,0.5,0.045,0.01,0.03011305402827691,0.0008006662282413043,0.028269031107166494,0.031483002471817956,0.030142259414225936,0.028661087866108784,0.03112970711297071,1.0,0.026588675711518957,0.5211380439457716,0.05437255528393242,0.05336508481726002,0.04169963111215758,0.4016940393446897,True,True,True,0.0037543195775078426,0.004719600222098776,True,1.2781213309636345e-08,False,False,False,False
sesgado,100,27,20262755,5,250,25000,0.03,1.0,0.5,0.045,0.01,0.0306049544810682,0.0007930226605719994,0.028772320941256646,0.03196284425711858,0.030635983263598322,0.02915481171548117,0.031623430962343095,1.0,0.02591157784804262,0.5078669258216353,0.053088853970701635,0.052124294415068446,0.04101443289384903,0.3952377814221548,True,True,True,0.019766553857886535,0.020759355367385834,True,3.6596992416449573e-07,False,False,False,False
sesgado,100,28,20262756,5,250,25000,0.03,1.0,0.5,0.045,0.01,0.03161293234543635,0.000801966756712664,0.029762658728412338,0.032981564649032194,0.031623430962343095,0.030142259414225936,0.03310460251046025,1.0,0.025368312814183974,0.49721893115800586,0.05183225345216395,0.05091122021593384,0.04694076541007159,0.45916275696719994,True,True,True,0.05102128229712278,0.05133633236305904,True,2.601550750954807e-06,False,False,False,False
sesgado,100,29,20262757,5,250,25000,0.03,1.0,0.5,0.045,0.01,0.029689685983665125,0.0007917347512084949,0.02784694967683362,0.03103099578331766,0.029648535564853556,0.028167364016736397,0.03112970711297071,1.0,0.026666996466183476,0.522673130737196,0.05469928055349222,0.05362209132551722,0.05008265769650978,0.48890652395361645,True,True,True,0.010451913048376652,0.011854360711261619,True,9.629478873388011e-08,False,False,False,False
sesgado,100,30,20262758,5,250,25000,0.03,1.0,0.5,0.045,0.01,0.02988598995567398,0.0007833822419327958,0.028108872857515784,0.031172191775874145,0.029648535564853556,0.028661087866108784,0.03112970711297071,1.0,0.02621235713103984,0.5137621997683809,0.052241915572760464,0.0512500827796199,0.04101659995290792,0.4047459805602629,True,True,True,0.003814832451430021,0.011854360711261619,True,1.2998290207220987e-08,False,False,False,False
sesgado,100,31,20262759,5,250,25000,0.03,1.0,0.5,0.045,0.01,0.029969991817594698,0.000798934784208298,0.02817847778896351,0.03133623116502733,0.029648535564853556,0.028661087866108784,0.03112970711297071,1.0,0.026657824569016452,0.5224933615527224,0.05358836982391188,0.052681919222446645,0.04101659995290792,0.4036115319364888,True,True,True,0.0010012742942318907,0.011854360711261619,True,9.004910112697988e-10,False,False,False,False
sesgado,100,32,20262760,5,250,25000,0.03,1.0,0.5,0.045,0.01,0.029708783191612034,0.0007913275569514951,0.0278654582785399,0.031044221871248397,0.029648535564853556,0.028167364016736397,0.03112970711297071,1.0,0.026636148368907892,0.5220685080305946,0.05458409704970976,0.05349871740297309,0.05008265769650978,0.48859224822262054,True,True,True,0.009802380882101645,0.011854360711261619,True,8.480722948767249e-08,False,False,False,False
sesgado,100,33,20262761,5,250,25000,0.03,1.0,0.5,0.045,0.01,0.03041234053959043,0.0007998715768562623,0.028603243785511608,0.031765852933331146,0.030142259414225936,0.02915481171548117,0.031623430962343095,1.0,0.0263008884769983,0.5154974141491666,0.05292849722303892,0.05199549083870231,0.04035345186660591,0.39774098589606066,True,True,True,0.013558329687044476,0.004719600222098776,True,1.7002472058972862e-07,False,False,False,False
sesgado,100,34,20262762,5,250,25000,0.03,1.0,0.5,0.045,0.01,0.030528231206738622,0.0007923299932790204,0.028719256225485393,0.031888477481289125,0.030635983263598322,0.02915481171548117,0.031623430962343095,1.0,0.025954009189504766,0.5086985801142934,0.05282229106470456,0.05190640155896384,0.04101443289384903,0.39623108943676305,True,True,True,0.017303040034039794,0.020759355367385834,True,2.7902820777254216e-07,False,False,False,False
sesgado,100,35,20262763,5,250,25000,0.03,1.0,0.5,0.045,0.01,0.031015783968727152,0.0007993701840940146,0.02920035918538671,0.03238979495236738,0.03112970711297071,0.029648535564853556,0.032117154811715475,1.0,0.025773012376537383,0.5051510425801327,0.05229621233533969,0.051416333215960904,0.04035142138929783,0.3900025329625679,True,True,True,0.032750549518637366,0.03629032258064519,True,1.0318170711230864e-06,False,False,False,False
sesgado,100,36,20262764,5,250,25000,0.03,1.0,0.5,0.045,0.01,0.030408948536316417,0.0007970139428278462,0.028606890728977433,0.03175325684143166,0.030142259414225936,0.02915481171548117,0.031623430962343095,1.0,0.026209848784347095,0.5137130361732031,0.05266495658557874,0.05173421416884285,0.04035345186660591,0.3977853523997153,True,True,True,0.013448295847126274,0.004719600222098776,True,1.6723890535534033e-07,False,False,False,False
sesgado,100,37,20262765,5,250,25000,0.03,1.0,0.5,0.045,0.01,0.029636159003437072,0.0007879399367001351,0.027807045371965773,0.0309829832997892,0.029648535564853556,0.028167364016736397,0.030635983263598322,1.0,0.02658711395794419,0.521107433575706,0.05462429537618254,0.05358214482948169,0.042408150466861534,0.40815796366258406,True,True,True,0.0122769282119431,0.011854360711261619,True,1.3238027077990357e-07,False,False,False,False
sesgado,100,38,20262766,5,250,25000,0.03,1.0,0.5,0.045,0.01,0.029147630063192945,0.0007960854711161636,0.02730508592798886,0.030506342910252258,0.02915481171548117,0.02767364016736401,0.030142259414225936,1.0,0.02731218522364344,0.5353188303834113,0.05600929377781296,0.05491453293669119,0.043141204186029125,0.4149988964248012,True,True,True,0.02924319867375459,0.028989667049368603,True,7.265345091724616e-07,False,False,False,False
sesgado,100,39,20262767,5,250,25000,0.03,1.0,0.5,0.045,0.01,0.031273904855718515,0.0008006211788651898,0.02941613850255874,0.03259121834604883,0.03112970711297071,0.029648535564853556,0.03261087866108786,1.0,0.025600294640494632,0.5017657749536948,0.0517869707938003,0.050762446489145664,0.04768860825007701,0.46414035082970767,True,True,True,0.04073379584659001,0.03629032258064519,True,1.6228335814232136e-06,False,False,False,False
sesgado,100,40,20262768,5,250,25000,0.03,1.0,0.5,0.045,0.01,0.030398861697321457,0.0008032854022194068,0.02857115451729413,0.03175634748959339,0.030142259414225936,0.02915481171548117,0.031623430962343095,1.0,0.02642485137166129,0.5179270868845612,0.053358638459889536,0.05239000400761584,0.04035345186660591,0.39791734407901436,True,True,True,0.01312094187252434,0.004719600222098776,True,1.590906535901543e-07,False,False,False,False
sesgado,100,41,20262769,5,250,25000,0.03,1.0,0.5,0.045,0.01,0.029601466771451035,0.0007955103376502708,0.027769322997064264,0.03096541342151289,0.029648535564853556,0.028167364016736397,0.030635983263598322,1.0,0.02687401755434282,0.5267307440651192,0.05501234004284054,0.053985338786169186,0.042408150466861534,0.40863631532237366,True,True,True,0.013463293276174041,0.011854360711261619,True,1.5882873425766077e-07,False,False,False,False
sesgado,100,42,20262770,5,250,25000,0.03,1.0,0.5,0.045,0.01,0.029878061441581262,0.0007966121991366816,0.028055918846181794,0.031202284328376212,0.029648535564853556,0.028661087866108784,0.03112970711297071,1.0,0.026662111285039307,0.5225773811867703,0.0536933749235577,0.05265344085904491,0.04101659995290792,0.4048533849250714,True,True,True,0.004081207164566365,0.011854360711261619,True,1.4869012029239701e-08,False,False,False,False
sesgado,100,43,20262771,5,250,25000,0.03,1.0,0.5,0.045,0.01,0.029502185645128902,0.0007890258370772252,0.027711398506550997,0.030850654970672034,0.02915481171548117,0.028167364016736397,0.030635983263598322,1.0,0.026744657042299544,0.524195278029071,0.05416617400555811,0.05320379482866142,0.041701946437071855,0.41001146339205674,True,True,True,0.01687381270184943,0.028989667049368603,True,2.478191319157265e-07,False,False,False,False
sesgado,100,44,20262772,5,250,25000,0.03,1.0,0.5,0.045,0.01,0.029914142507395637,0.0008015739665334745,0.028096766729018827,0.031270468109586766,0.029648535564853556,0.028661087866108784,0.03112970711297071,1.0,0.02679581961392684,0.525198064432966,0.05402837368891749,0.053046838627971854,0.04101659995290792,0.40436506935249417,True,True,True,0.0028701304937333557,0.011854360711261619,True,7.371509036308035e-09,False,False,False,False
sesgado,100,45,20262773,5,250,25000,0.03,1.0,0.5,0.045,0.01,0.028015618278920174,0.0007792476680721883,0.02623842425737716,0.02933933169967553,0.02767364016736401,0.026686192468619245,0.02915481171548117,1.0,0.02781475890748121,0.5451692745866317,0.05642493298209699,0.055342477389328,0.04390293449173552,0.43176753013960845,True,True,True,0.07083126637875899,0.08406410644088311,False,3.937770814955727e-06,False,False,False,False
sesgado,100,46,20262774,5,250,25000,0.03,1.0,0.5,0.045,0.01,0.029160714041043603,0.0007866623499334082,0.027330500812372916,0.030502361718992482,0.02915481171548117,0.02767364016736401,0.030142259414225936,1.0,0.026976786262029925,0.5287450107357865,0.05547550135489341,0.05438585801011565,0.043141204186029125,0.41481269260409825,True,True,True,0.028781392587818713,0.028989667049368603,True,7.044009209013565e-07,False,False,False,False
sesgado,100,47,20262775,5,250,25000,0.03,1.0,0.5,0.045,0.01,0.03080829626314631,0.0008025604054092634,0.028951136441850624,0.032115757439468776,0.030635983263598322,0.02915481171548117,0.032117154811715475,1.0,0.026050139175313864,0.5105827278361517,0.05242948676218572,0.05135988323709666,0.04846072180485313,0.4711549463029505,True,True,True,0.026236318173595802,0.020759355367385834,True,6.533428490162894e-07,False,False,False,False
sesgado,100,48,20262776,5,250,25000,0.03,1.0,0.5,0.045,0.01,0.03045507644045836,0.000786948151863572,0.028680745333892307,0.03178975222499583,0.030142259414225936,0.02915481171548117,0.031623430962343095,1.0,0.02583963804530606,0.5064569056879987,0.05192467735818378,0.051042506775214214,0.04035345186660591,0.3971828582756097,True,True,True,0.014942547963984367,0.004719600222098776,True,2.0709456666025078e-07,False,False,False,False
sesgado,100,49,20262777,5,250,25000,0.03,1.0,0.5,0.045,0.01,0.03019266876802757,0.0007861629458180639,0.028359126390243735,0.031523682068006514,0.030142259414225936,0.028661087866108784,0.031623430962343095,1.0,0.026038206554651062,0.5103488484711608,0.05343852484686192,0.052406027802250385,0.04925830994566591,0.4807617797244623,True,True,True,0.006381309632078639,0.004719600222098776,True,3.712125417326239e-08,False,False,False,False
sesgado,100,50,20262778,5,250,25000,0.03,1.0,0.5,0.045,0.01,0.028974498077710957,0.0007797680299496088,0.027208020161264532,0.030290295945676563,0.028661087866108784,0.02767364016736401,0.030142259414225936,1.0,0.026912218733116083,0.5274794871690752,0.05418224089406568,0.05318945950582514,0.04241062696244253,0.41747864888567754,True,True,True,0.03539325925641918,0.046715328467153226,True,1.05165419261852e-06,False,False,False,False
sesgado,100,51,20262779,5,250,25000,0.03,1.0,0.5,0.045,0.01,0.031835114969775556,0.00079705462974603,0.03000404193149121,0.03314978340075177,0.031623430962343095,0.030635983263598322,0.03310460251046025,1.0,0.025036964072621015,0.49072449582337185,0.0503429888212185,0.0494067866921031,0.03848689725190704,0.37996515235166156,True,True,True,0.05764436445471698,0.05133633236305904,False,3.3676469522943446e-06,False,False,False,False
sesgado,100,52,20262780,5,250,25000,0.03,1.0,0.5,0.045,0.01,0.03095495450976335,0.0008047210053473884,0.029158181187644742,0.032334152385054195,0.030635983263598322,0.029648535564853556,0.032117154811715475,1.0,0.02599651713568422,0.5095317358594107,0.05213805412855873,0.05129988474716924,0.039711439168338525,0.3907689254012046,True,True,True,0.030849811440108964,0.020759355367385834,True,9.119381157173611e-07,False,False,False,False
sesgado,100,53,20262781,5,250,25000,0.03,1.0,0.5,0.045,0.01,0.02979117275264371,0.0008004799503384864,0.027933320951370164,0.03110886780841855,0.029648535564853556,0.028167364016736397,0.03112970711297071,1.0,0.026869702545276628,0.5266461698874219,0.0544338876698336,0.05329677491072557,0.05008265769650978,0.48724101236531553,True,True,True,0.007009702138622771,0.011854360711261619,True,4.36088192384051e-08,False,False,False,False
sesgado,100,54,20262782,5,250,25000,0.03,1.0,0.5,0.045,0.01,0.030239150042917103,0.0007928081016420613,0.0283930775644171,0.03156490146112867,0.030142259414225936,0.028661087866108784,0.031623430962343095,1.0,0.026217936037119544,0.5138715463275431,0.05350960490380574,0.05244565227875022,0.04925830994566591,0.48002279002375847,True,True,True,0.007908623178154528,0.004719600222098776,True,5.7192743027252864e-08,False,False,False,False
sesgado,100,55,20262783,5,250,25000,0.03,1.0,0.5,0.045,0.01,0.0300193415667436,0.0007970094198236254,0.028210105256321567,0.031388128101625515,0.030142259414225936,0.028661087866108784,0.03112970711297071,1.0,0.026549863462247896,0.5203773238600587,0.05387137475544989,0.05293292056786256,0.04169963111215758,0.4029480221186474,True,True,True,0.0006443034968172867,0.004719600222098776,True,3.7409620409723196e-10,False,False,False,False
sesgado,100,56,20262784,5,250,25000,0.03,1.0,0.5,0.045,0.01,0.029529086059244255,0.0007961976333919075,0.027719448513813503,0.030896307402843166,0.029648535564853556,0.028167364016736397,0.030635983263598322,1.0,0.026963165463180772,0.5284780430783431,0.05476798607502208,0.053792028690896936,0.042408150466861534,0.4096379510478156,True,True,True,0.015947460744668757,0.011854360711261619,True,2.217599395981044e-07,False,False,False,False
sesgado,100,57,20262785,5,250,25000,0.03,1.0,0.5,0.045,0.01,0.03041177753902085,0.0007925904358733974,0.028626415742622823,0.03174492009465902,0.030142259414225936,0.02915481171548117,0.031623430962343095,1.0,0.026061956913121492,0.5108143554971812,0.05218154712102977,0.05127132651215298,0.04035345186660591,0.3977483491092539,True,True,True,0.013540068103303396,0.004719600222098776,True,1.6956074164206834e-07,False,False,False,False
sesgado,100,58,20262786,5,250,25000,0.03,1.0,0.5,0.045,0.01,0.02941706158063386,0.0007963978635851976,0.02761398427800313,0.03075760525470037,0.02915481171548117,0.028167364016736397,0.030635983263598322,1.0,0.027072651746749932,0.5306239742362986,0.05443997033956094,0.05343193384696826,0.041701946437071855,0.41119791235664227,True,True,True,0.01981633746009166,0.028989667049368603,True,3.398172007730904e-07,False,False,False,False
sesgado,100,59,20262787,5,250,25000,0.03,1.0,0.5,0.045,0.01,0.030422839168012063,0.0007845089980278677,0.02866524369902119,0.03173792663602965,0.030142259414225936,0.02915481171548117,0.031623430962343095,1.0,0.025786843683305388,0.5054221361927855,0.05137517383431597,0.050499608534880225,0.04035345186660591,0.3976037293173464,True,True,True,0.013898741194959142,0.004719600222098776,True,1.7879296200513434e-07,False,False,False,False
sesgado,100,60,20262788,5,250,25000,0.03,1.0,0.5,0.045,0.01,0.030789463620081205,0.0007905315987686938,0.028956114653701664,0.032091164729134314,0.030635983263598322,0.02915481171548117,0.032117154811715475,1.0,0.025675393651648448,0.5032377155723096,0.05193867212892679,0.0509110862423069,0.04846072180485313,0.4714431323214395,True,True,True,0.025640707153024564,0.020759355367385834,True,6.232528074317225e-07,False,False,False,False
sesgado,100,61,20262789,5,250,25000,0.03,1.0,0.5,0.045,0.01,0.03010134460884535,0.0007872175823612977,0.02827939001473737,0.03145049413944763,0.030142259414225936,0.028661087866108784,0.03112970711297071,1.0,0.026152239794961583,0.512583899981247,0.05366225166969658,0.052673795239339974,0.04169963111215758,0.40185029827766977,True,True,True,0.0033667801276749286,0.004719600222098776,True,1.027072974201747e-08,False,False,False,False
sesgado,100,62,20262790,5,250,25000,0.03,1.0,0.5,0.045,0.01,0.03022584058152924,0.0007863982859421408,0.02839184785439983,0.03154766040858951,0.030142259414225936,0.028661087866108784,0.031623430962343095,1.0,0.026017416581714598,0.509941365001606,0.05324744516421049,0.05220388405208106,0.04925830994566591,0.4802341603170638,True,True,True,0.007471771741800594,0.004719600222098776,True,5.100396826546504e-08,False,False,False,False
sesgado,100,63,20262791,5,250,25000,0.03,1.0,0.5,0.045,0.01,0.02919137881096839,0.0007891405030261157,0.02735339686206528,0.030530063963841406,0.02915481171548117,0.02767364016736401,0.030635983263598322,1.0,0.027033341183925284,0.5298534872049355,0.05552100741666317,0.05441104927497504,0.05093513820641687,0.49725233143472025,True,True,True,0.027700684995659513,0.028989667049368603,True,6.538682273508928e-07,False,False,False,False
sesgado,100,64,20262792,5,250,25000,0.03,1.0,0.5,0.045,0.01,0.029449491503192465,0.0007927898949276155,0.0276764873899735,0.03079308014115767,0.02915481171548117,0.028167364016736397,0.030635983263598322,1.0,0.026920325427068015,0.5276383783705331,0.053847278513229534,0.052914203133971174,0.041701946437071855,0.41074509922564,True,True,True,0.018693310774070823,0.028989667049368603,True,3.0305960505729094e-07,False,False,False,False
sesgado,100,65,20262793,5,250,25000,0.03,1.0,0.5,0.045,0.01,0.03219065885002967,0.0008095349166199341,0.030314770176794924,0.033545969125180174,0.032117154811715475,0.030635983263598322,0.033598326359832634,1.0,0.025148131338081886,0.49290337422640496,0.05114096818065792,0.050188456276070784,0.046216064246918945,0.4509221522669999,True,True,True,0.06805262545993684,0.06591974986972371,False,4.798986197213315e-06,False,False,False,False
sesgado,100,66,20262794,5,250,25000,0.03,1.0,0.5,0.045,0.01,0.031477532175177285,0.0008015518726440582,0.029672048614595763,0.032853871843566945,0.031623430962343095,0.030142259414225936,0.03261087866108786,1.0,0.025464253937802345,0.4990993771809259,0.05137036344545631,0.050541179836841234,0.03970953467672634,0.3842815326915095,True,True,True,0.04693926343890598,0.05133633236305904,True,2.1831013286841223e-06,False,False,False,False
sesgado,100,67,20262795,5,250,25000,0.03,1.0,0.5,0.045,0.01,0.030228197375624603,0.0007874606999736016,0.028392218893460937,0.03155068244840031,0.030142259414225936,0.028661087866108784,0.031623430962343095,1.0,0.026050534545225434,0.5105904770864185,0.053290529008691245,0.05224366368413182,0.04925830994566591,0.4801967180237188,True,True,True,0.0075491559350680856,0.004719600222098776,True,5.2074042241956504e-08,False,False,False,False
sesgado,100,68,20262796,5,250,25000,0.03,1.0,0.5,0.045,0.01,0.029564609211204806,0.0007902723241298003,0.02775027413556769,0.030921265850175267,0.029648535564853556,0.028167364016736397,0.030635983263598322,1.0,0.02673034906310522,0.5239148416368622,0.05462767437523228,0.05362816893594842,0.042408150466861534,0.40914575339758025,True,True,True,0.014726756091542724,0.011854360711261619,True,1.8956513896770048e-07,False,False,False,False
sesgado,100,69,20262797,5,250,25000,0.03,1.0,0.5,0.045,0.01,0.030668735714877743,0.0007988121768621156,0.028815222492378587,0.032022328106188,0.030635983263598322,0.02915481171548117,0.032117154811715475,1.0,0.02604646583049731,0.5105107302777473,0.05329718347297106,0.052286237744283814,0.04846072180485313,0.47329897477666383,True,True,True,0.021805128228788814,0.020759355367385834,True,4.472074563530473e-07,False,False,False,False
sesgado,100,70,20262798,5,250,25000,0.03,1.0,0.5,0.045,0.01,0.03048203070634581,0.0007933516871059214,0.02868923180987013,0.03183903254760588,0.030142259414225936,0.02915481171548117,0.031623430962343095,1.0,0.02602686463867251,0.5101265469179812,0.05255550317149767,0.05166651736690267,0.04035345186660591,0.39683164242417795,True,True,True,0.015813602151035937,0.004719600222098776,True,2.323536018602401e-07,False,False,False,False
sesgado,100,71,20262799,5,250,25000,0.03,1.0,0.5,0.045,0.01,0.029041496526895867,0.0007980016139334611,0.027227379469055474,0.03041261766060044,0.02915481171548117,0.02767364016736401,0.030142259414225936,1.0,0.027477978388421448,0.5385683764130603,0.05585618430003769,0.05483942930756092,0.043141204186029125,0.41651552971524336,True,True,True,0.03300461710767713,0.028989667049368603,True,9.187289079526829e-07,False,False,False,False
sesgado,100,72,20262800,5,250,25000,0.03,1.0,0.5,0.045,0.01,0.0302592360729549,0.0007877100847124109,0.028425408312384663,0.03157147032790774,0.030142259414225936,0.028661087866108784,0.031623430962343095,1.0,0.026032054570487004,0.5102282695815452,0.053038804117212374,0.05198515269747614,0.04925830994566591,0.47970415170268527,True,True,True,0.008567171766328981,0.004719600222098776,True,6.720334152107929e-08,False,False,False,False
sesgado,100,73,20262801,5,250,25000,0.03,1.0,0.5,0.045,0.01,0.030390337122659306,0.0007956527174693674,0.028581059269061196,0.03172200555321513,0.030142259414225936,0.02915481171548117,0.031623430962343095,1.0,0.0261811086286411,0.5131497291213655,0.05264135674655878,0.05167672657721223,0.04035345186660591,0.39802896100827956,True,True,True,0.012844119533253533,0.004719600222098776,True,1.5236306932594713e-07,False,False,False,False
sesgado,100,74,20262802,5,250,25000,0.03,1.0,0.5,0.045,0.01,0.03058213542337891,0.0007985306088898724,0.02874784700190271,0.031952063299729855,0.030635983263598322,0.02915481171548117,0.031623430962343095,1.0,0.026111015396244216,0.5117759017663867,0.05334029383774829,0.0523870595278582,0.04101443289384903,0.39553269064318863,True,True,True,0.019035146346709764,0.020759355367385834,True,3.38881651152546e-07,False,False,False,False
sesgado,100,75,20262803,5,250,25000,0.03,1.0,0.5,0.045,0.01,0.0307843958657918,0.0007936587853399147,0.028942747060140588,0.032091842575372544,0.030635983263598322,0.02915481171548117,0.032117154811715475,1.0,0.02578120385405527,0.5053115955394832,0.052185766960009754,0.051147593231337204,0.04846072180485313,0.4715207417040127,True,True,True,0.02548030727032845,0.020759355367385834,True,6.152768742712669e-07,False,False,False,False
sesgado,100,76,20262804,5,250,25000,0.03,1.0,0.5,0.045,0.01,0.028692670663902263,0.0007862316348709806,0.0268600750441804,0.030028267147460434,0.028661087866108784,0.02717991631799163,0.029648535564853556,1.0,0.027401828295479116,0.5370758345913906,0.05635273416964678,0.05520908353898684,0.04390009127829934,0.4215792406121849,True,True,True,0.0455631806258615,0.046715328467153226,True,1.709109993021747e-06,False,False,False,False
sesgado,100,77,20262805,5,250,25000,0.03,1.0,0.5,0.045,0.01,0.03135457616332885,0.0008030105432377442,0.029512701955872286,0.03269625215042943,0.03112970711297071,0.030142259414225936,0.03261087866108786,1.0,0.0256106330079153,0.5019684069551398,0.051722045818210625,0.050766914819287266,0.039089565757454876,0.3857884809736557,True,True,True,0.043201864897574854,0.03629032258064519,True,1.834876582258717e-06,False,False,False,False
sesgado,100,78,20262806,5,250,25000,0.03,1.0,0.5,0.045,0.01,0.030420777535842075,0.000809699667047829,0.028585900060294725,0.03180250467943363,0.030142259414225936,0.02915481171548117,0.031623430962343095,1.0,0.026616665734261146,0.5216866483915185,0.053817658622385786,0.05286854708675785,0.04035345186660591,0.39763067513220274,True,True,True,0.013831912591527667,0.004719600222098776,True,1.7705373466932973e-07,False,False,False,False
sesgado,100,79,20262807,5,250,25000,0.03,1.0,0.5,0.045,0.01,0.029853432712520136,0.0007983785400370574,0.028015932228927173,0.03116755431468918,0.029648535564853556,0.028661087866108784,0.03112970711297071,1.0,0.0267432743070189,0.5241681764175704,0.053875412990857845,0.05278491951178967,0.04101659995290792,0.4051873841814657,True,True,True,0.004909562290248601,0.011854360711261619,True,2.1481969759204822e-08,False,False,False,False
sesgado,100,80,20262808,5,250,25000,0.03,1.0,0.5,0.045,0.01,0.031141924952528315,0.0008005379905861948,0.02928903075112106,0.032503275447407644,0.03112970711297071,0.029648535564853556,0.03261087866108786,1.0,0.02570611777552311,0.503839908400253,0.05257294016417693,0.05160639076078743,0.04768860825007701,0.4661073839743366,True,True,True,0.036668412574657194,0.03629032258064519,True,1.303992597206796e-06,False,False,False,False
sesgado,100,81,20262809,5,250,25000,0.03,1.0,0.5,0.045,0.01,0.031007951638775975,0.0007942615052299708,0.029201657596494093,0.032371256362516844,0.03112970711297071,0.029648535564853556,0.032117154811715475,1.0,0.02561476857557831,0.5020494640813348,0.05198527096203825,0.051109450939337664,0.04035142138929783,0.3901010440978903,True,True,True,0.032506230999003446,0.03629032258064519,True,1.0159665061111766e-06,False,False,False,False
sesgado,100,82,20262810,5,250,25000,0.03,1.0,0.5,0.045,0.01,0.03078108915507664,0.0007999552152489938,0.0289248541457228,0.03209723146991258,0.030635983263598322,0.02915481171548117,0.032117154811715475,1.0,0.025988528580609353,0.5093751601799432,0.0525896247811534,0.051531271492817936,0.04846072180485313,0.47157139561951117,True,True,True,0.025375617839299876,0.020759355367385834,True,6.101002681783412e-07,False,False,False,False
sesgado,100,83,20262811,5,250,25000,0.03,1.0,0.5,0.045,0.01,0.030256983390866687,0.0007906637035098775,0.02841665498311099,0.03157373669740789,0.030142259414225936,0.028661087866108784,0.031623430962343095,1.0,0.026131610454879176,0.5121795649156318,0.05323319301956881,0.052171124819566324,0.04925830994566591,0.4797398664643396,True,True,True,0.008493357964570335,0.004719600222098776,True,6.604046318134122e-08,False,False,False,False
sesgado,100,84,20262812,5,250,25000,0.03,1.0,0.5,0.045,0.01,0.02991184241873785,0.0007913940330770427,0.02812593655989389,0.03123850258999878,0.029648535564853556,0.028661087866108784,0.03112970711297071,1.0,0.02645754888643319,0.5185679581740905,0.052982755502793626,0.05202899217192767,0.04101659995290792,0.40439616324155,True,True,True,0.0029472467803226716,0.011854360711261619,True,7.77175913399222e-09,False,False,False,False
sesgado,100,85,20262813,5,250,25000,0.03,1.0,0.5,0.045,0.01,0.031162668375549343,0.0007969482994849956,0.029312228298534873,0.03251362604804056,0.03112970711297071,0.029648535564853556,0.03261087866108786,1.0,0.025573814471879185,0.5012467636488319,0.05233955631273845,0.051365911784652385,0.04768860825007701,0.46579711970163423,True,True,True,0.037309654023773856,0.03629032258064519,True,1.3517977515025499e-06,False,False,False,False
sesgado,100,86,20262814,5,250,25000,0.03,1.0,0.5,0.045,0.01,0.030572041094193394,0.0008014478579052229,0.028736881177688106,0.03194799568312211,0.030635983263598322,0.02915481171548117,0.031623430962343095,1.0,0.026215058897635837,0.5138151543936623,0.053464681265831565,0.05251717566943697,0.04101443289384903,0.39566328830824754,True,True,True,0.01871124968172445,0.020759355367385834,True,3.272310134459766e-07,False,False,False,False
sesgado,100,87,20262815,5,250,25000,0.03,1.0,0.5,0.045,0.01,0.029479587211097235,0.0007917092066699684,0.027694798119014534,0.03082944543351561,0.02915481171548117,0.028167364016736397,0.030635983263598322,1.0,0.026856183602596003,0.5263811986108816,0.05411481406569636,0.05316640446920972,0.041701946437071855,0.4103257695911682,True,True,True,0.017653326865678023,0.028989667049368603,True,2.708294708535527e-07,False,False,False,False
sesgado,100,88,20262816,5,250,25000,0.03,1.0,0.5,0.045,0.01,0.03139810515927259,0.0007990117121151798,0.029590948522603147,0.03274883066731957,0.03112970711297071,0.030142259414225936,0.03261087866108786,1.0,0.02544776852176422,0.4987762630265787,0.051158131929798754,0.05028778215592134,0.039089565757454876,0.3852536402519543,True,True,True,0.04452832908802776,0.03629032258064519,True,1.9546980363846395e-06,False,False,False,False
sesgado,100,89,20262817,5,250,25000,0.03,1.0,0.5,0.045,0.01,0.03219602225454592,0.0007999408476092606,0.030336650315588496,0.033537219414475135,0.032117154811715475,0.030635983263598322,0.033598326359832634,1.0,0.024845952747976904,0.48698067386034727,0.050641289214868726,0.04970441804242967,0.046216064246918945,0.45084703497801226,True,True,True,0.06820787478601804,0.06591974986972371,False,4.822513742460937e-06,False,False,False,False
sesgado,100,90,20262818,5,250,25000,0.03,1.0,0.5,0.045,0.01,0.029731621206398013,0.0007821498203073341,0.027905959176280776,0.031047847506083696,0.029648535564853556,0.028167364016736397,0.03112970711297071,1.0,0.026307002059444425,0.5156172403651107,0.05390771073284333,0.052837487535439376,0.05008265769650978,0.4882169415108957,True,True,True,0.009026712392805364,0.011854360711261619,True,7.202717685525734e-08,False,False,False,False
sesgado,100,91,20262819,5,250,25000,0.03,1.0,0.5,0.045,0.01,0.03081065845582788,0.000798212378499177,0.028964327850627178,0.03211222487849809,0.030635983263598322,0.02915481171548117,0.032117154811715475,1.0,0.025907021092832046,0.5077776134195081,0.05213839410234829,0.05108454647900395,0.04846072180485313,0.4711188237784144,True,True,True,0.026310974722922393,0.020759355367385834,True,6.571671320052449e-07,False,False,False,False
sesgado,100,92,20262820,5,250,25000,0.03,1.0,0.5,0.045,0.01,0.030704729152695752,0.000802476502192769,0.028841255666768324,0.032052473630311676,0.030635983263598322,0.02915481171548117,0.032117154811715475,1.0,0.026135273761967538,0.5122513657345638,0.053329724945557336,0.05229191157449795,0.04846072180485313,0.4727441528424519,True,True,True,0.022951811403093884,0.020759355367385834,True,4.96643178659274e-07,False,False,False,False
sesgado,100,93,20262821,5,250,25000,0.03,1.0,0.5,0.045,0.01,0.03141622811970925,0.000792732147397489,0.029643753929296197,0.03275701670663647,0.03112970711297071,0.030142259414225936,0.03261087866108786,1.0,0.025233205729753454,0.4945708323031677,0.050361920547151585,0.049548640363149474,0.039089565757454876,0.3850314004447515,True,True,True,0.045079508409246814,0.03629032258064519,True,2.005702087055192e-06,False,False,False,False
sesgado,100,94,20262822,5,250,25000,0.03,1.0,0.5,0.045,0.01,0.030086962955543146,0.0007956825354570563,0.028256903180463026,0.0314520964636164,0.030142259414225936,0.028661087866108784,0.03112970711297071,1.0,0.026446090176425126,0.5183433674579324,0.054084314267733496,0.0530992989866513,0.04169963111215758,0.4020423838556577,True,True,True,0.0028903866326303526,0.004719600222098776,True,7.562555636799454e-09,False,False,False,False
sesgado,100,95,20262823,5,250,25000,0.03,1.0,0.5,0.045,0.01,0.028436869547020186,0.0007932967055530428,0.026648676185232634,0.02977166121756257,0.028167364016736397,0.02717991631799163,0.029648535564853556,1.0,0.02789676635261598,0.5467766205112732,0.05596841200229046,0.05491084430313434,0.04314385612927169,0.42537151600398154,True,True,True,0.05496844335819694,0.06506238859180051,False,2.4433768130328744e-06,False,False,False,False
sesgado,100,96,20262824,5,250,25000,0.03,1.0,0.5,0.045,0.01,0.029676440500523163,0.0007916367909126307,0.02783522255560839,0.031020912648756456,0.029648535564853556,0.028167364016736397,0.03112970711297071,1.0,0.026675597799496034,0.5228417168701223,0.054743942310972106,0.0536737229839257,0.05008265769650978,0.4891247375604979,True,True,True,0.010902907964017102,0.011854360711261619,True,1.0469074970170059e-07,False,False,False,False
sesgado,100,97,20262825,5,250,25000,0.03,1.0,0.5,0.045,0.01,0.03055872108265583,0.0008016580838843121,0.028727573682100438,0.03193620161880337,0.030635983263598322,0.02915481171548117,0.031623430962343095,1.0,0.026233364993121653,0.5141739538651844,0.0534370322712423,0.05249938189533798,0.04101443289384903,0.39583575100886254,True,True,True,0.018283523094588715,0.020759355367385834,True,3.121692482041047e-07,False,False,False,False
sesgado,100,98,20262826,5,250,25000,0.03,1.0,0.5,0.045,0.01,0.030133522061061284,0.0007964826363622368,0.0282907681496831,0.031493210287593956,0.030142259414225936,0.028661087866108784,0.03112970711297071,1.0,0.026431780352402165,0.5180628949070823,0.05415511957226184,0.05313753452751995,0.04169963111215758,0.4014211908290089,True,True,True,0.004431014097546395,0.004719600222098776,True,1.782814079005352e-08,False,False,False,False
sesgado,100,99,20262827,5,250,25000,0.03,1.0,0.5,0.045,0.01,0.030903658451966902,0.0008004194293412673,0.02909140278470303,0.032257824654000816,0.030635983263598322,0.029648535564853556,0.032117154811715475,1.0,0.025900474876958252,0.5076493075883817,0.05213734788892626,0.05123053431067568,0.039711439168338525,0.3914175510457571,True,True,True,0.02924114804632097,0.020759355367385834,True,8.165985978112196e-07,False,False,False,False
sesgado,300,0,20263728,5,250,75000,0.03,1.0,0.5,0.045,0.01,0.030238196093773793,0.0004585075685886726,0.029111778668661676,0.030975386502292285,0.030142259414225936,0.029648535564853556,0.030635983263598322,1.0,0.015163191850689855,0.29719856027352115,0.031246036513529057,0.030815459821929254,0.016384184841741718,0.160012644565316,True,True,True,0.007877324858768305,0.004719600222098776,True,5.673737908909399e-08,False,False,False,False
sesgado,300,1,20263729,5,250,75000,0.03,1.0,0.5,0.045,0.01,0.029955335348177063,0.00045285187576302616,0.028756607751326595,0.030603501341097857,0.030142259414225936,0.02915481171548117,0.030635983263598322,1.0,0.015117569891955309,0.29630436988232406,0.03143238198929791,0.030827456416435257,0.02499246565483256,0.24228540596911446,True,True,True,0.0014910416225953325,0.004719600222098776,True,1.994931122464075e-09,False,False,False,False
sesgado,300,2,20263730,5,250,75000,0.03,1.0,0.5,0.045,0.01,0.029834931739934904,0.00045539287491008887,0.028692592916346342,0.0305444915075136,0.029648535564853556,0.02915481171548117,0.030635983263598322,1.0,0.01526374784027183,0.29916945766932784,0.031521694663619544,0.031035743726680623,0.024583094340664014,0.2432631872275864,True,True,True,0.005532717872591774,0.011854360711261619,True,2.724753048091794e-08,False,False,False,False
sesgado,300,3,20263731,5,250,75000,0.03,1.0,0.5,0.045,0.01,0.02997346273011508,0.00045892234090611747,0.028761421272904906,0.03061589344232375,0.030142259414225936,0.02915481171548117,0.030635983263598322,1.0,0.015310955061759576,0.30009471921048764,0.031562395812892725,0.030935234045474647,0.02499246565483256,0.24213887634951212,True,True,True,0.0008853588297042591,0.004719600222098776,True,7.04226692945085e-10,False,False,False,False
sesgado,300,4,20263732,5,250,75000,0.03,1.0,0.5,0.045,0.01,0.029937128500181293,0.00045658894985841004,0.028741689322589636,0.030598674608091795,0.030142259414225936,0.02915481171548117,0.030635983263598322,1.0,0.015251594683025295,0.29893125578729574,0.031606303226696685,0.031014752892731732,0.02499246565483256,0.24243275655947072,True,True,True,0.002100117912722581,0.004719600222098776,True,3.952825489453589e-09,False,False,False,False
sesgado,300,5,20263733,5,250,75000,0.03,1.0,0.5,0.045,0.01,0.03024648658692077,0.00045845538585828345,0.029133306747412206,0.03098250434871457,0.030142259414225936,0.029648535564853556,0.030635983263598322,1.0,0.015157310404988638,0.2970832839377773,0.0309828924434571,0.030568800048697147,0.016384184841741718,0.15996878546355267,True,True,True,0.008149263426429057,0.004719600222098776,True,6.075563753185008e-08,False,False,False,False
sesgado,300,6,20263734,5,250,75000,0.03,1.0,0.5,0.045,0.01,0.029792439708209426,0.000455733893201631,0.028675121269476626,0.030516332580228362,0.029648535564853556,0.02915481171548117,0.030635983263598322,1.0,0.015296964520701931,0.2998205046057578,0.03134311130775365,0.030900646754424454,0.024583094340664014,0.24361014595841057,True,True,True,0.006966877967143432,0.011854360711261619,True,4.3081274728187947e-08,False,False,False,False
sesgado,300,7,20263735,5,250,75000,0.03,1.0,0.5,0.045,0.01,0.030429291082763998,0.0004585877788126772,0.02923251614805157,0.031093388685693293,0.030635983263598322,0.029648535564853556,0.03112970711297071,1.0,0.015070603438160088,0.29538382738793767,0.03114900737723865,0.030576994590185716,0.024582661859368315,0.23851165530060714,True,True,True,0.014107823990916443,0.020759355367385834,True,1.842908337406865e-07,False,False,False,False
sesgado,300,8,20263736,5,250,75000,0.03,1.0,0.5,0.045,0.01,0.030169757738545744,0.0004607612603628923,0.028963445324263256,0.030908759574687937,0.030142259414225936,0.029648535564853556,0.030635983263598322,1.0,0.015272289037117807,0.299336865127509,0.03277930922761659,0.03223947416619942,0.016384184841741718,0.1603756240199289,True,True,True,0.005626751796182247,0.004719600222098776,True,2.88176897961655e-08,False,False,False,False
sesgado,300,9,20263737,5,250,75000,0.03,1.0,0.5,0.045,0.01,0.02982369448265905,0.000458297421204203,0.02868558844711389,0.030540677979718843,0.029648535564853556,0.02915481171548117,0.030635983263598322,1.0,0.015366889620958245,0.3011910365707816,0.03157576519324084,0.031100934421179668,0.024583094340664014,0.2433548462613862,True,True,True,0.005911592121608606,0.011854360711261619,True,3.108363544485983e-08,False,False,False,False
sesgado,300,10,20263738,5,250,75000,0.03,1.0,0.5,0.045,0.01,0.02993126887664495,0.00045911484334957946,0.028735845833267215,0.03059819259512881,0.030142259414225936,0.02915481171548117,0.030635983263598322,1.0,0.01533897026690445,0.3006438172313272,0.03169829638708497,0.031110387760987384,0.02499246565483256,0.2424802174503595,True,True,True,0.0022962983506748455,0.004719600222098776,True,4.723967317646736e-09,False,False,False,False
sesgado,300,11,20263739,5,250,75000,0.03,1.0,0.5,0.045,0.01,0.030107578823519172,0.00046180885034678763,0.028874379783566644,0.030823598716316732,0.030142259414225936,0.029648535564853556,0.030635983263598322,1.0,0.015338624638459333,0.3006370429138029,0.032969355002252766,0.032370901429433684,0.016384184841741718,0.16070683571771172,True,True,True,0.003573147616743455,0.004719600222098776,True,1.1573203269769483e-08,False,False,False,False
sesgado,300,12,20263740,5,250,75000,0.03,1.0,0.5,0.045,0.01,0.030142046855822054,0.0004563183242369208,0.02893315071597245,0.030861048826869533,0.030142259414225936,0.029648535564853556,0.030635983263598322,1.0,0.015138929563065857,0.29672301943609075,0.03254021452353941,0.03198021222843237,0.016384184841741718,0.16052306424289092,True,True,True,0.004712581614032629,0.004719600222098776,True,2.01773092489318e-08,False,False,False,False
sesgado,300,13,20263741,5,250,75000,0.03,1.0,0.5,0.045,0.01,0.030609012345042288,0.00045871855392404866,0.0293842565199158,0.03132034284979032,0.030635983263598322,0.030142259414225936,0.03112970711297071,1.0,0.014986388608463116,0.29373321672587704,0.032196067208276606,0.03162608299885425,0.016120002029935625,0.15807415375926276,True,True,True,0.019896504277144088,0.020759355367385834,True,3.70896036413908e-07,False,False,False,False
sesgado,300,14,20263742,5,250,75000,0.03,1.0,0.5,0.045,0.01,0.029229099914069086,0.0004602602664736676,0.02806587660863097,0.02997079371527652,0.02915481171548117,0.028661087866108784,0.029648535564853556,1.0,0.015746645220919946,0.3086342463300309,0.0330966983747739,0.03258596932929575,0.016939415852374663,0.16553687038171278,True,True,True,0.026374403871391436,0.028989667049368603,False,5.942869424882892e-07,False,False,False,False
sesgado,300,15,20263743,5,250,75000,0.03,1.0,0.5,0.045,0.01,0.02975589043061953,0.0004538443438946687,0.028662771068729973,0.03048443510656374,0.029648535564853556,0.02915481171548117,0.030142259414225936,1.0,0.015252252153330016,0.29894414220526827,0.03101808011445612,0.03061014157988752,0.01665717349272091,0.1626062488410841,True,True,True,0.008203739355394077,0.011854360711261619,True,5.9589481863118086e-08,False,False,False,False
sesgado,300,16,20263744,5,250,75000,0.03,1.0,0.5,0.045,0.01,0.030492911711718407,0.00046260633517638367,0.02926821919312057,0.03112262266187281,0.030635983263598322,0.029648535564853556,0.03112970711297071,1.0,0.015170946597356407,0.29735055330818555,0.031038494325758323,0.03040712356832085,0.024582661859368315,0.23801402287813989,True,True,True,0.016164796473961615,0.020759355367385834,True,2.429619555491715e-07,False,False,False,False
sesgado,300,17,20263745,5,250,75000,0.03,1.0,0.5,0.045,0.01,0.03012773203116585,0.0004567713708967124,0.028911523621388695,0.030840654497320076,0.030142259414225936,0.029648535564853556,0.030635983263598322,1.0,0.015161160170443696,0.2971587393406964,0.03259144160339775,0.03201586621149872,0.016384184841741718,0.16059933482029573,True,True,True,0.004239682928463253,0.004719600222098776,True,1.6315471785753577e-08,False,False,False,False
sesgado,300,18,20263746,5,250,75000,0.03,1.0,0.5,0.045,0.01,0.02938973390955204,0.0004568893029965891,0.028219487353060266,0.030079630459045006,0.02915481171548117,0.028661087866108784,0.030142259414225936,1.0,0.015545880898502938,0.3046992656106576,0.03220256006760064,0.031646137248288755,0.024992927692239045,0.24694815571008577,True,True,True,0.02076460073868219,0.028989667049368603,True,3.7242470115063745e-07,False,False,False,False
sesgado,300,19,20263747,5,250,75000,0.03,1.0,0.5,0.045,0.01,0.030222813737052705,0.0004634308913578021,0.029053447208887712,0.030969430095881576,0.030142259414225936,0.029648535564853556,0.030635983263598322,1.0,0.015333810259686144,0.3005426810898484,0.03217848862925781,0.03169762590047826,0.016384184841741718,0.1600940854132795,True,True,True,0.007372369065013231,0.004719600222098776,True,4.964596141939235e-08,False,False,False,False
sesgado,300,20,20263748,5,250,75000,0.03,1.0,0.5,0.045,0.01,0.029956748078302634,0.00046146775633311166,0.02874816535626271,0.030611081193727664,0.030142259414225936,0.02915481171548117,0.030635983263598322,1.0,0.015404467638707021,0.3019275657186576,0.03170801850003951,0.031093425638116002,0.02499246565483256,0.2422739800329246,True,True,True,0.0014438123118139144,0.004719600222098776,True,1.8707287305150243e-09,False,False,False,False
sesgado,300,21,20263749,5,250,75000,0.03,1.0,0.5,0.045,0.01,0.030135683015045905,0.00046257509570733085,0.028907826045514957,0.03086868389039832,0.030142259414225936,0.029648535564853556,0.030635983263598322,1.0,0.015349746527277315,0.30085503193463536,0.03311033747923219,0.0325338211830865,0.016384184841741718,0.16055696237027803,True,True,True,0.00450240384391364,0.004719600222098776,True,1.8409880571947694e-08,False,False,False,False
sesgado,300,22,20263750,5,250,75000,0.03,1.0,0.5,0.045,0.01,0.030804884039345296,0.000460114389561709,0.029669074921576073,0.03152621034747532,0.030635983263598322,0.030142259414225936,0.031623430962343095,1.0,0.014936410374862359,0.29275364334730225,0.030581401382663985,0.030143522428573894,0.023802490427901744,0.2356035678142527,True,True,True,0.026128455420162167,0.020759355367385834,True,6.47838316792801e-07,False,False,False,False
sesgado,300,23,20263751,5,250,75000,0.03,1.0,0.5,0.045,0.01,0.030018013863001503,0.0004588476554241592,0.02879337823470285,0.03063311487612284,0.030142259414225936,0.02915481171548117,0.030635983263598322,1.0,0.015285743337926455,0.2996005694233585,0.031305729943570726,0.03064387687034062,0.02499246565483256,0.24177950676208873,True,True,True,0.0006001017616861048,0.004719600222098776,True,3.2449926023696706e-10,False,False,False,False
sesgado,300,24,20263752,5,250,75000,0.03,1.0,0.5,0.045,0.01,0.029729150723303552,0.00045736355118785585,0.028586605982322034,0.030465646177421486,0.029648535564853556,0.02915481171548117,0.030142259414225936,1.0,0.015384346342236609,0.3015331883078375,0.03207122789271313,0.0316026551277589,0.01665717349272091,0.16275250406183453,True,True,True,0.009110562195916855,0.011854360711261619,True,7.335933068698855e-08,False,False,False,False
sesgado,300,25,20263753,5,250,75000,0.03,1.0,0.5,0.045,0.01,0.029446609826771886,0.00045565811347796195,0.028250769429479957,0.030105579667572265,0.029648535564853556,0.028661087866108784,0.030142259414225936,1.0,0.015474043231411062,0.30329124733565677,0.032109054425826934,0.031494461484764466,0.025416171875316574,0.2464711771056085,True,True,True,0.018793001180223853,0.011854360711261619,True,3.062406838254412e-07,False,False,False,False
sesgado,300,26,20263754,5,250,75000,0.03,1.0,0.5,0.045,0.01,0.02960216620402449,0.00045912455325620527,0.028372748865834036,0.03030064430403463,0.029648535564853556,0.02915481171548117,0.030142259414225936,1.0,0.015509829587869353,0.30399265992223934,0.033191256642056875,0.03256341824637297,0.01665717349272091,0.1634506640663191,True,True,True,0.013439347419156887,0.011854360711261619,True,1.582717292202821e-07,False,False,False,False
sesgado,300,27,20263755,5,250,75000,0.03,1.0,0.5,0.045,0.01,0.030045744331153368,0.000458875777722518,0.02881653282227533,0.030687742992884143,0.030142259414225936,0.02915481171548117,0.030635983263598322,1.0,0.015272571471851537,0.2993424008482901,0.031788414477710844,0.031139354545272856,0.02499246565483256,0.24155635839078718,True,True,True,0.001522489529604911,0.004719600222098776,True,2.0925438326690817e-09,False,False,False,False
sesgado,300,28,20263756,5,250,75000,0.03,1.0,0.5,0.045,0.01,0.03029263241670408,0.0004567721965150764,0.02917057115572336,0.031016027223808935,0.030142259414225936,0.029648535564853556,0.03112970711297071,1.0,0.015078656428128752,0.29554166599132353,0.030894390280177746,0.030460477034474322,0.02418649222000674,0.23958764910018032,True,True,True,0.009660184452729224,0.004719600222098776,True,8.563373130607147e-08,False,False,False,False
sesgado,300,29,20263757,5,250,75000,0.03,1.0,0.5,0.045,0.01,0.02953625915229313,0.00045894817907434925,0.028309150179557818,0.03015423834868427,0.029648535564853556,0.028661087866108784,0.030142259414225936,1.0,0.015538466693021195,0.3045539471832154,0.03192033368507234,0.031234290023203597,0.025416171875316574,0.24572308051443167,True,True,True,0.015700730594072707,0.011854360711261619,True,2.150555738318838e-07,False,False,False,False
sesgado,300,30,20263758,5,250,75000,0.03,1.0,0.5,0.045,0.01,0.02980857608271127,0.0004555036578881139,0.028681656192723292,0.03052747483868429,0.029648535564853556,0.02915481171548117,0.030635983263598322,1.0,0.015280959970184629,0.2995068154156187,0.0314199258949867,0.03096120124690489,0.024583094340664014,0.2434782716771055,True,True,True,0.006421773276173113,0.011854360711261619,True,3.6643116110161475e-08,False,False,False,False
sesgado,300,31,20263759,5,250,75000,0.03,1.0,0.5,0.045,0.01,0.02949415994261741,0.00045553788593423575,0.02828148538858002,0.030125256301538273,0.029648535564853556,0.028661087866108784,0.030142259414225936,1.0,0.015445019855473457,0.3027223891672797,0.031913910931038895,0.03125654225354129,0.025416171875316574,0.2460738193559131,True,True,True,0.01715051584336457,0.011854360711261619,True,2.5587416365282067e-07,False,False,False,False
sesgado,300,32,20263760,5,250,75000,0.03,1.0,0.5,0.045,0.01,0.029714045161356832,0.00045942338539105775,0.028544586288179265,0.03045437724686369,0.029648535564853556,0.02915481171548117,0.030142259414225936,1.0,0.015461489100398174,0.3030451863678042,0.03263954833070524,0.032136165714120125,0.01665717349272091,0.16283524163656526,True,True,True,0.009623558054460161,0.011854360711261619,True,8.177016974343955e-08,False,False,False,False
sesgado,300,33,20263761,5,250,75000,0.03,1.0,0.5,0.045,0.01,0.03091047769547177,0.0004606098327566866,0.029717360898114453,0.03158322606626745,0.030635983263598322,0.030142259414225936,0.031623430962343095,1.0,0.014901414248417249,0.29206771926897807,0.030724813193516762,0.030181758860788103,0.023802490427901744,0.23479871962112386,True,True,True,0.029455309763949555,0.020759355367385834,True,8.289696339515856e-07,False,False,False,False
sesgado,300,34,20263762,5,250,75000,0.03,1.0,0.5,0.045,0.01,0.030270431417967574,0.00045992201871335197,0.029159646242034452,0.031003843561123273,0.030142259414225936,0.029648535564853556,0.03112970711297071,1.0,0.015193771517916219,0.2977979217511579,0.030874377753545523,0.03046202569141718,0.02418649222000674,0.23976336794017672,True,True,True,0.008933847497365335,0.004719600222098776,True,7.313315182395339e-08,False,False,False,False
sesgado,300,35,20263763,5,250,75000,0.03,1.0,0.5,0.045,0.01,0.030014590358986033,0.0004598255381634708,0.028789392833061426,0.03063258375411229,0.030142259414225936,0.02915481171548117,0.030635983263598322,1.0,0.015320067096161589,0.3002733150847671,0.03136581755756888,0.030704915492858538,0.02499246565483256,0.24180708445355006,True,True,True,0.0004861088827642845,0.004719600222098776,True,2.1287857534133425e-10,False,False,False,False
sesgado,300,36,20263764,5,250,75000,0.03,1.0,0.5,0.045,0.01,0.030529312681209116,0.00045689745713327123,0.029304411072845687,0.031145518343669524,0.030635983263598322,0.029648535564853556,0.03112970711297071,1.0,0.014965861233243321,0.29333088017156905,0.0307919762761394,0.030153107114609955,0.024582661859368315,0.2377302319760774,True,True,True,0.017337851223061092,0.020759355367385834,True,2.8017191448878476e-07,False,False,False,False
sesgado,300,37,20263765,5,250,75000,0.03,1.0,0.5,0.045,0.01,0.030241718197284592,0.00045878430370729564,0.02911925934035032,0.030978905922978153,0.030142259414225936,0.029648535564853556,0.030635983263598322,1.0,0.015170576642318225,0.29734330218943716,0.031171699631937118,0.030746377743755517,0.016384184841741718,0.15999400868313762,True,True,True,0.007992872485211463,0.004719600222098776,True,5.8427686898513576e-08,False,False,False,False
sesgado,300,38,20263766,5,250,75000,0.03,1.0,0.5,0.045,0.01,0.030561137845784712,0.0004577546602915308,0.02933255752597626,0.03122614898676946,0.030635983263598322,0.029648535564853556,0.03112970711297071,1.0,0.014978325172361629,0.2935751733782879,0.031590569264952885,0.03098038218256951,0.024582661859368315,0.23748266908115476,True,True,True,0.01836115685928597,0.020759355367385834,True,3.148756819719082e-07,False,False,False,False
sesgado,300,39,20263767,5,250,75000,0.03,1.0,0.5,0.045,0.01,0.03036213821049929,0.00046260436375625795,0.029195038968598125,0.031064658016182564,0.030142259414225936,0.029648535564853556,0.03112970711297071,1.0,0.01523622481885312,0.29863000644952115,0.03129535230769366,0.03078865912905174,0.02418649222000674,0.23903917884361334,True,True,True,0.011927296028645954,0.004719600222098776,True,1.3114408350362777e-07,False,False,False,False
sesgado,300,40,20263768,5,250,75000,0.03,1.0,0.5,0.045,0.01,0.03050130211666451,0.0004573215794529362,0.029281116364675668,0.031121740350636213,0.030635983263598322,0.029648535564853556,0.03112970711297071,1.0,0.014993510037824802,0.2938727967413661,0.030803634098338254,0.030172875553317987,0.024582661859368315,0.2379485491476362,True,True,True,0.016435433305341574,0.020759355367385834,True,2.51303812172318e-07,False,False,False,False
sesgado,300,41,20263769,5,250,75000,0.03,1.0,0.5,0.045,0.01,0.03017099924069922,0.0004593975300215564,0.02896979994314885,0.030907247272073002,0.030142259414225936,0.029648535564853556,0.030635983263598322,1.0,0.015226460560903508,0.29843862699370877,0.032642527610214515,0.03210777530879102,0.016384184841741718,0.16036902474620257,True,True,True,0.005667669119442209,0.004719600222098776,True,2.9240740319710637e-08,False,False,False,False
sesgado,300,42,20263770,5,250,75000,0.03,1.0,0.5,0.045,0.01,0.03023470774760924,0.00046025871244587927,0.029094629688962752,0.030975048185666456,0.030142259414225936,0.029648535564853556,0.030635983263598322,1.0,0.015222859644881914,0.2983680490396855,0.031543179635592763,0.031097017910689,0.016384184841741718,0.16003110611287283,True,True,True,0.007762858155220655,0.004719600222098776,True,5.50877267878039e-08,False,False,False,False
sesgado,300,43,20263771,5,250,75000,0.03,1.0,0.5,0.045,0.01,0.029511873901430584,0.0004545960742083639,0.028295758915646896,0.03013141622115799,0.029648535564853556,0.028661087866108784,0.030142259414225936,1.0,0.01540383629066426,0.3019151912970195,0.03177002135368346,0.031100317649129523,0.025416171875316574,0.24592611807758594,True,True,True,0.01653998997826271,0.011854360711261619,True,2.3826708810459822e-07,False,False,False,False
sesgado,300,44,20263772,5,250,75000,0.03,1.0,0.5,0.045,0.01,0.03005400449163449,0.00045806820231851254,0.028825353193050594,0.03070354154567942,0.030142259414225936,0.02915481171548117,0.030635983263598322,1.0,0.015241503089746842,0.29873346055903804,0.03188954951394995,0.031246890129926236,0.02499246565483256,0.24148996809374376,True,True,True,0.0017969150051043669,0.004719600222098776,True,2.916485116699692e-09,False,False,False,False
sesgado,300,45,20263773,5,250,75000,0.03,1.0,0.5,0.045,0.01,0.030023686235236262,0.00046326283359095184,0.028791770987629785,0.030654762088688305,0.030142259414225936,0.02915481171548117,0.030635983263598322,1.0,0.015429911902265333,0.30242627328440047,0.03168680625247595,0.031025355888379978,0.02499246565483256,0.24173382738247004,True,True,True,0.0007889182910680858,0.004719600222098776,True,5.610377396675848e-10,False,False,False,False
sesgado,300,46,20263774,5,250,75000,0.03,1.0,0.5,0.045,0.01,0.02977300062809278,0.00045694531389858095,0.028666781297922626,0.03050317971812317,0.029648535564853556,0.02915481171548117,0.030635983263598322,1.0,0.015347640622672848,0.30081375620438777,0.031263347269087194,0.030839995658143063,0.024583094340664014,0.24376920137924862,True,True,True,0.007624336382575833,0.011854360711261619,True,5.152871484627186e-08,False,False,False,False
sesgado,300,47,20263775,5,250,75000,0.03,1.0,0.5,0.045,0.01,0.02970618937726216,0.00045253012184906093,0.028556612642631023,0.030432741293583577,0.029648535564853556,0.02915481171548117,0.030142259414225936,1.0,0.015233529824442529,0.29857718455907356,0.03206504108776064,0.031578076661501864,0.01665717349272091,0.16287830331926897,True,True,True,0.00989055240328902,0.011854360711261619,True,8.632468203359674e-08,False,False,False,False
sesgado,300,48,20263776,5,250,75000,0.03,1.0,0.5,0.045,0.01,0.029908143652185953,0.00045812750484747254,0.028724405404248924,0.0305867127268591,0.029648535564853556,0.02915481171548117,0.030635983263598322,1.0,0.015317818122556346,0.30022923520210437,0.03169764239386117,0.031133783230877007,0.024583094340664014,0.24266770516342578,True,True,True,0.0030712821525228405,0.011854360711261619,True,8.43758863373503e-09,False,False,False,False
sesgado,300,49,20263777,5,250,75000,0.03,1.0,0.5,0.045,0.01,0.029296555105994243,0.00045374274672500966,0.02818207640906825,0.030018400993327053,0.02915481171548117,0.028661087866108784,0.030142259414225936,1.0,0.01548792153491696,0.3035632620843724,0.03179621800739702,0.0313402817774142,0.024992927692239045,0.24773358367615958,True,True,True,0.024011181227987562,0.028989667049368603,True,4.94834718902769e-07,False,False,False,False
sesgado,300,50,20263778,5,250,75000,0.03,1.0,0.5,0.045,0.01,0.029755870794259134,0.0004597223443474315,0.02864093177608273,0.030493274424134034,0.029648535564853556,0.02915481171548117,0.030142259414225936,1.0,0.015449803083434775,0.30281614043532157,0.03155533459619647,0.03112566694584317,0.01665717349272091,0.16260635614746832,True,True,True,0.008204404684670336,0.011854360711261619,True,5.9599069095665346e-08,False,False,False,False
sesgado,300,51,20263779,5,250,75000,0.03,1.0,0.5,0.045,0.01,0.030757091373122238,0.00045883163751976575,0.02965156107187069,0.031490630513990356,0.030635983263598322,0.030142259414225936,0.031623430962343095,1.0,0.014917913789492003,0.29239111027404324,0.030288968003951307,0.029896673580239407,0.023802490427901744,0.23596966623821966,True,True,True,0.02461518106305199,0.020759355367385834,True,5.731873472561179e-07,False,False,False,False
sesgado,300,52,20263780,5,250,75000,0.03,1.0,0.5,0.045,0.01,0.030239464855889037,0.00045688659280381416,0.029123324806526178,0.030973959187887624,0.030142259414225936,0.029648535564853556,0.030635983263598322,1.0,0.015108951000990911,0.29613543961942185,0.031018947394207783,0.030599654957204726,0.016384184841741718,0.1600059308889215,True,True,True,0.007918951510228282,0.004719600222098776,True,5.734341720595796e-08,False,False,False,False
sesgado,300,53,20263781,5,250,75000,0.03,1.0,0.5,0.045,0.01,0.03088576949076889,0.00045627646410138165,0.029708556942383585,0.03156776860447972,0.030635983263598322,0.030142259414225936,0.031623430962343095,1.0,0.014773032099386518,0.2895514291479757,0.030614827983926136,0.03009819235120261,0.023802490427901744,0.23498655547316918,True,True,True,0.028678886923430295,0.020759355367385834,True,7.845875907769829e-07,False,False,False,False
sesgado,300,54,20263782,5,250,75000,0.03,1.0,0.5,0.045,0.01,0.03009708020717338,0.0004616942006882157,0.028862649119216207,0.03080537616643758,0.030142259414225936,0.029648535564853556,0.030635983263598322,1.0,0.01534016580711955,0.3006672498195431,0.03288088138797433,0.03227434411990473,0.016384184841741718,0.16076289429218912,True,True,True,0.0032255689424068377,0.004719600222098776,True,9.424566624826771e-09,False,False,False,False
sesgado,300,55,20263783,5,250,75000,0.03,1.0,0.5,0.045,0.01,0.029171561407601743,0.00045561434109120467,0.027974263798171646,0.02989552272019888,0.02915481171548117,0.028661087866108784,0.029648535564853556,1.0,0.015618442041037862,0.3061214640043421,0.03350817381795851,0.03293034087518158,0.016939415852374663,0.16586337824853403,True,True,True,0.028398842997220296,0.028989667049368603,False,6.863105013748041e-07,False,False,False,False
sesgado,300,56,20263784,5,250,75000,0.03,1.0,0.5,0.045,0.01,0.030567481592108738,0.00045917948560588134,0.02933639624927538,0.03124554498518172,0.030635983263598322,0.029648535564853556,0.03112970711297071,1.0,0.015021829136372901,0.29442785107290886,0.03183277949050226,0.031228427015708184,0.024582661859368315,0.23743338370563358,True,True,True,0.01856487883696779,0.020759355367385834,True,3.2203535738226886e-07,False,False,False,False
sesgado,300,57,20263785,5,250,75000,0.03,1.0,0.5,0.045,0.01,0.029714460140292602,0.0004559386755568018,0.0285599690912029,0.030448372857765936,0.029648535564853556,0.02915481171548117,0.030142259414225936,1.0,0.01534399997187067,0.3007423994486651,0.03226345585355996,0.031775838390588375,0.01665717349272091,0.16283296755199628,True,True,True,0.009609458100845883,0.011854360711261619,True,8.153301148171989e-08,False,False,False,False
sesgado,300,58,20263786,5,250,75000,0.03,1.0,0.5,0.045,0.01,0.029889207172014227,0.0004592450860801586,0.028713925017982825,0.03057847283277104,0.029648535564853556,0.02915481171548117,0.030635983263598322,1.0,0.015364913610360251,0.3011523067630609,0.03173580878757837,0.031190988172714422,0.024583094340664014,0.2428214486923424,True,True,True,0.0037067837680723414,0.011854360711261619,True,1.2275050733084894e-08,False,False,False,False
sesgado,300,59,20263787,5,250,75000,0.03,1.0,0.5,0.045,0.01,0.02980520699014687,0.0004608489109125586,0.028676160776787182,0.030531576961340137,0.029648535564853556,0.02915481171548117,0.030635983263598322,1.0,0.015462026855405094,0.30305572636593986,0.03158153568748562,0.03112570540386326,0.024583094340664014,0.24350579374178943,True,True,True,0.006535536220819366,0.011854360711261619,True,3.7944316687640584e-08,False,False,False,False
sesgado,300,60,20263788,5,250,75000,0.03,1.0,0.5,0.045,0.01,0.031005140223109844,0.000462550975068098,0.029775589985475873,0.031623304108792084,0.03112970711297071,0.030142259414225936,0.031623430962343095,1.0,0.014918525500598549,0.2924030998117315,0.03042081622904884,0.029796899965945135,0.024186086968531684,0.23408185009156915,True,True,True,0.03241850273460969,0.03629032258064519,True,1.0103068681133083e-06,False,False,False,False
sesgado,300,61,20263789,5,250,75000,0.03,1.0,0.5,0.045,0.01,0.029702301676742336,0.0004608297832479369,0.02851587044006311,0.03044482875651301,0.029648535564853556,0.02915481171548117,0.030142259414225936,1.0,0.015514951947605408,0.304093058173066,0.03299763266162099,0.03247152926805539,0.01665717349272091,0.1628996222753342,True,True,True,0.010022735830293072,0.011854360711261619,True,8.862429167042385e-08,False,False,False,False
sesgado,300,62,20263790,5,250,75000,0.03,1.0,0.5,0.045,0.01,0.030332691231335827,0.0004569059469048754,0.029186825185694123,0.031042328010592087,0.030142259414225936,0.029648535564853556,0.03112970711297071,1.0,0.015063152274232067,0.2952377845749485,0.031059998324690846,0.030585858846924503,0.02418649222000674,0.23927123809826284,True,True,True,0.010968074965670595,0.004719600222098776,True,1.1068345540774976e-07,False,False,False,False
sesgado,300,63,20263791,5,250,75000,0.03,1.0,0.5,0.045,0.01,0.030071686845994965,0.00045824105888275996,0.028842244347722475,0.03074359540537347,0.030142259414225936,0.02915481171548117,0.030635983263598322,1.0,0.015238289133214681,0.2986704670110077,0.0322408436305887,0.03161364155240632,0.02499246565483256,0.24134797036637312,True,True,True,0.0023838651407249497,0.004719600222098776,True,5.1390038887060326e-09,False,False,False,False
sesgado,300,64,20263792,5,250,75000,0.03,1.0,0.5,0.045,0.01,0.030040221959046855,0.00045985089780791973,0.028810201460359272,0.03067906971325178,0.030142259414225936,0.02915481171548117,0.030635983263598322,1.0,0.015307839550414239,0.30003365518811903,0.03175874605766143,0.031106099273172705,0.02499246565483256,0.24160076432419028,True,True,True,0.0013389368128400745,0.004719600222098776,True,1.6178059895669473e-09,False,False,False,False
sesgado,300,65,20263793,5,250,75000,0.03,1.0,0.5,0.045,0.01,0.030026641101271758,0.00045934113434861084,0.028799587076971073,0.030641259484489813,0.030142259414225936,0.02915481171548117,0.030635983263598322,1.0,0.015297786149285801,0.2998366085260017,0.03133258778758337,0.030667306431433273,0.02499246565483256,0.24171003880506128,True,True,True,0.0008872487995546407,0.004719600222098776,True,7.097482769721296e-10,False,False,False,False
sesgado,300,66,20263794,5,250,75000,0.03,1.0,0.5,0.045,0.01,0.02992367330462366,0.0004590329186097269,0.028731755800664054,0.030594706816788053,0.029648535564853556,0.02915481171548117,0.030635983263598322,1.0,0.0153401259911095,0.30066646942574615,0.0317086595028707,0.03112838115092216,0.024583094340664014,0.24254176657692,True,True,True,0.002550712761743199,0.011854360711261619,True,5.825764427072286e-09,False,False,False,False
sesgado,300,67,20263795,5,250,75000,0.03,1.0,0.5,0.045,0.01,0.02974587787102329,0.000459919591109093,0.02861440790610386,0.030485073930188584,0.029648535564853556,0.02915481171548117,0.030142259414225936,1.0,0.015461624400640736,0.3030478382525584,0.0318948847260865,0.03144412197541862,0.01665717349272091,0.162660982635269,True,True,True,0.00854310402532306,0.011854360711261619,True,6.457805643565576e-08,False,False,False,False
sesgado,300,68,20263796,5,250,75000,0.03,1.0,0.5,0.045,0.01,0.030433321465263268,0.00045822260842271205,0.029235182875142766,0.031094851633689004,0.030635983263598322,0.029648535564853556,0.03112970711297071,1.0,0.015056608558015248,0.2951095277370988,0.031128676003280658,0.030553167860249374,0.024582661859368315,0.23848006843610756,True,True,True,0.014238388858011035,0.020759355367385834,True,1.8776749225790668e-07,False,False,False,False
sesgado,300,69,20263797,5,250,75000,0.03,1.0,0.5,0.045,0.01,0.030601652846012184,0.0004572387186501963,0.02937846129569647,0.03130312262719239,0.030635983263598322,0.030142259414225936,0.03112970711297071,1.0,0.014941634719896537,0.2928560405099721,0.032022298465848836,0.03144701596970655,0.016120002029935625,0.15811216956798818,True,True,True,0.019660795743279207,0.020759355367385834,True,3.619861471145621e-07,False,False,False,False
sesgado,300,70,20263798,5,250,75000,0.03,1.0,0.5,0.045,0.01,0.030253295134378348,0.0004591074874420387,0.02914796789376117,0.030989175050047592,0.030142259414225936,0.029648535564853556,0.030635983263598322,1.0,0.015175453959735172,0.2974388976108093,0.030833799567581643,0.03042986141027272,0.016384184841741718,0.1599327842589658,True,True,True,0.008372480857152026,0.004719600222098776,True,6.415842509974605e-08,False,False,False,False
sesgado,300,71,20263799,5,250,75000,0.03,1.0,0.5,0.045,0.01,0.02992862741218962,0.00046042021012746275,0.028733108424472777,0.030598114461639528,0.029648535564853556,0.02915481171548117,0.030635983263598322,1.0,0.015383940058004076,0.30152522513687985,0.0317438625075417,0.03115756047681548,0.024583094340664014,0.24250161846106055,True,True,True,0.002384759809643313,0.011854360711261619,True,5.094046290750451e-09,False,False,False,False
sesgado,300,72,20263800,5,250,75000,0.03,1.0,0.5,0.045,0.01,0.029824621335591876,0.0004627105448836829,0.02868247305816559,0.03054613644593683,0.029648535564853556,0.02915481171548117,0.030635983263598322,1.0,0.015514381211321432,0.30408187174190004,0.03172046422338461,0.03124370577585835,0.024583094340664014,0.24334728357851296,True,True,True,0.005880331637231108,0.011854360711261619,True,3.075767592957689e-08,False,False,False,False
sesgado,300,73,20263801,5,250,75000,0.03,1.0,0.5,0.045,0.01,0.02947494764661488,0.0004565371615024194,0.02826728611067797,0.030118314883003573,0.029648535564853556,0.028661087866108784,0.030142259414225936,1.0,0.01548898973379013,0.30358419878228654,0.032042133978465455,0.031400034946935516,0.025416171875316574,0.2462342146554271,True,True,True,0.017813512671172302,0.011854360711261619,True,2.756799737952507e-07,False,False,False,False
sesgado,300,74,20263802,5,250,75000,0.03,1.0,0.5,0.045,0.01,0.02956185472486153,0.00045713555803971454,0.02833463947404519,0.03020905308064582,0.029648535564853556,0.028661087866108784,0.030142259414225936,1.0,0.0154636967908263,0.30308845710019544,0.0323677348326926,0.03170324771646088,0.025416171875316574,0.24551032583453847,True,True,True,0.014821305334742262,0.011854360711261619,True,1.9197128212616422e-07,False,False,False,False
sesgado,300,75,20263803,5,250,75000,0.03,1.0,0.5,0.045,0.01,0.03010482054401989,0.00046121119505222047,0.02887241776514738,0.03081707923874119,0.030142259414225936,0.029648535564853556,0.030635983263598322,1.0,0.015320177523656981,0.30027547946367683,0.03289844942922687,0.03229817415370881,0.016384184841741718,0.16072156008285804,True,True,True,0.0034818524782972557,0.004719600222098776,True,1.098734644862573e-08,False,False,False,False
sesgado,300,76,20263804,5,250,75000,0.03,1.0,0.5,0.045,0.01,0.029645282425638877,0.0004528900156635754,0.028444448454237138,0.0303530546778591,0.029648535564853556,0.02915481171548117,0.030142259414225936,1.0,0.015276967483767034,0.2994285626818338,0.032767402118926876,0.03219072424776924,0.01665717349272091,0.16321294074313678,True,True,True,0.011965397032424292,0.011854360711261619,True,1.2582455756063818e-07,False,False,False,False
sesgado,300,77,20263805,5,250,75000,0.03,1.0,0.5,0.045,0.01,0.030349085061361504,0.0004548124016106412,0.029195699209209825,0.031049782269878402,0.030142259414225936,0.029648535564853556,0.03112970711297071,1.0,0.014986033374352987,0.2937262541373185,0.031036115079908513,0.030545946556871265,0.02418649222000674,0.2391419896547106,True,True,True,0.011502325709513385,0.004719600222098776,True,1.218603800657658e-07,False,False,False,False
sesgado,300,78,20263806,5,250,75000,0.03,1.0,0.5,0.045,0.01,0.030223270922244257,0.0004598932349161925,0.029069805587839653,0.030964041648709473,0.030142259414225936,0.029648535564853556,0.030635983263598322,1.0,0.015216527559156815,0.2982439401594736,0.03180136770102506,0.03133737684685325,0.016384184841741718,0.1600916636818496,True,True,True,0.007387384470022198,0.004719600222098776,True,4.9849904719801394e-08,False,False,False,False
sesgado,300,79,20263807,5,250,75000,0.03,1.0,0.5,0.045,0.01,0.029839894257712267,0.00045807548103050363,0.028692542833030965,0.03055039617328727,0.029648535564853556,0.02915481171548117,0.030635983263598322,1.0,0.015351109393161196,0.3008817441059594,0.0316222542840528,0.0311303606542797,0.024583094340664014,0.24322273139082076,True,True,True,0.005365492950644465,0.011854360711261619,True,2.5633848713505635e-08,False,False,False,False
sesgado,300,80,20263808,5,250,75000,0.03,1.0,0.5,0.045,0.01,0.030687294741795858,0.00046071593789706453,0.029499189582384972,0.0314294876564726,0.030635983263598322,0.030142259414225936,0.03112970711297071,1.0,0.015013247070931051,0.29425964259024856,0.031945199145852116,0.03145109548315079,0.016120002029935625,0.157670911188512,True,True,True,0.02239671980142866,0.020759355367385834,True,4.723740621002363e-07,False,False,False,False
sesgado,300,81,20263809,5,250,75000,0.03,1.0,0.5,0.045,0.01,0.02936974612506408,0.0004601998798424476,0.0282073720011262,0.030072227014569103,0.02915481171548117,0.028661087866108784,0.030142259414225936,1.0,0.01566918140466029,0.30711595553134163,0.03228397868854952,0.03174789127392964,0.024992927692239045,0.24711621799074063,True,True,True,0.02145928916961452,0.028989667049368603,True,3.972199468717418e-07,False,False,False,False
sesgado,300,82,20263810,5,250,75000,0.03,1.0,0.5,0.045,0.01,0.030101234510500053,0.00045711719721717016,0.02887688878790533,0.03079705604687055,0.030142259414225936,0.029648535564853556,0.030635983263598322,1.0,0.015185995014846198,0.29764550229098546,0.03249628897643372,0.03189515795930921,0.016384184841741718,0.16074070723450118,True,True,True,0.0033631348396937,0.004719600222098776,True,1.024842611618556e-08,False,False,False,False
sesgado,300,83,20263811,5,250,75000,0.03,1.0,0.5,0.045,0.01,0.030033282660721656,0.00045692735191652596,0.028808642435075103,0.030645728775250482,0.030142259414225936,0.02915481171548117,0.030635983263598322,1.0,0.015214032947324402,0.29819504576755823,0.031247093641300558,0.03058417491235433,0.02499246565483256,0.2416565870525341,True,True,True,0.0011081925708104022,0.004719600222098776,True,1.10773550471293e-09,False,False,False,False
sesgado,300,84,20263812,5,250,75000,0.03,1.0,0.5,0.045,0.01,0.02973386556303962,0.0004611250953746692,0.028580245127805406,0.030476303661825407,0.029648535564853556,0.02915481171548117,0.030142259414225936,1.0,0.015508413946280369,0.3039649133470952,0.03236270964631388,0.031883821664561454,0.01665717349272091,0.1627266967219961,True,True,True,0.0089505495474895,0.011854360711261619,True,7.082753853621784e-08,False,False,False,False
sesgado,300,85,20263813,5,250,75000,0.03,1.0,0.5,0.045,0.01,0.030664772735876283,0.00046177397761066507,0.029456184609345053,0.031406260160346776,0.030635983263598322,0.030142259414225936,0.03112970711297071,1.0,0.015058777105183373,0.29515203126159406,0.032319785899751784,0.0317966737891429,0.016120002029935625,0.15778671394451868,True,True,True,0.021678710669149552,0.020759355367385834,True,4.419227903644403e-07,False,False,False,False
sesgado,300,86,20263814,5,250,75000,0.03,1.0,0.5,0.045,0.01,0.029701825600162164,0.0004590700511986519,0.02852151344763275,0.03044094494774455,0.029648535564853556,0.02915481171548117,0.030142259414225936,1.0,0.015455954033887583,0.30293669906419657,0.03283182840460632,0.03231167548336359,0.01665717349272091,0.16290223331669335,True,True,True,0.010038925009249411,0.011854360711261619,True,8.890797271865294e-08,False,False,False,False
sesgado,300,87,20263815,5,250,75000,0.03,1.0,0.5,0.045,0.01,0.029517991940703894,0.00045577159419785146,0.028298918674833442,0.030134653795139136,0.029648535564853556,0.028661087866108784,0.030142259414225936,1.0,0.0154404674651789,0.3026331623175064,0.03177099259673213,0.031095189740435958,0.025416171875316574,0.24587514626176074,True,True,True,0.016329297069542077,0.011854360711261619,True,2.3233176922639772e-07,False,False,False,False
sesgado,300,88,20263816,5,250,75000,0.03,1.0,0.5,0.045,0.01,0.029911818662635703,0.00045500375271679254,0.028729258020553802,0.030585714493930823,0.029648535564853556,0.02915481171548117,0.030635983263598322,1.0,0.015211504116436748,0.29814548068216024,0.031597633308576116,0.031032156458209784,0.024583094340664014,0.24263789064889055,True,True,True,0.002948043325578453,0.011854360711261619,True,7.775948259355767e-09,False,False,False,False
sesgado,300,89,20263817,5,250,75000,0.03,1.0,0.5,0.045,0.01,0.02993237981454939,0.00045636031873048694,0.028739209049783613,0.030596371213302442,0.030142259414225936,0.02915481171548117,0.030635983263598322,1.0,0.015246376050215074,0.2988289705842154,0.031609406817336455,0.031022627920418624,0.02499246565483256,0.2424712178163073,True,True,True,0.002259098203001528,0.004719600222098776,True,4.57248948037497e-09,False,False,False,False
sesgado,300,90,20263818,5,250,75000,0.03,1.0,0.5,0.045,0.01,0.030128306378412593,0.0004577002749163649,0.02890996098176468,0.03084427094008708,0.030142259414225936,0.029648535564853556,0.030635983263598322,1.0,0.015191702751811977,0.2977573739355147,0.03267749645468646,0.03210120632118184,0.016384184841741718,0.160596273254716,True,True,True,0.004258665482256631,0.004719600222098776,True,1.6462526741355913e-08,False,False,False,False
sesgado,300,91,20263819,5,250,75000,0.03,1.0,0.5,0.045,0.01,0.029394320311196917,0.00045621526581793217,0.028222310258112362,0.03008135990507221,0.02915481171548117,0.028661087866108784,0.030142259414225936,1.0,0.015520524407028053,0.3042022783777498,0.03218358259836928,0.0316225996600387,0.024992927692239045,0.24690962434023073,True,True,True,0.020605330634992213,0.028989667049368603,True,3.668478854285981e-07,False,False,False,False
sesgado,300,92,20263820,5,250,75000,0.03,1.0,0.5,0.045,0.01,0.029475132201506667,0.000455000820232627,0.02826916192388044,0.03011716686676174,0.029648535564853556,0.028661087866108784,0.030142259414225936,1.0,0.015436769447614858,0.3025606811732512,0.031989087056674644,0.031348543752873104,0.025416171875316574,0.24623267289037143,True,True,True,0.017807139757849907,0.011854360711261619,True,2.7548620589523726e-07,False,False,False,False
sesgado,300,93,20263821,5,250,75000,0.03,1.0,0.5,0.045,0.01,0.030261913837917136,0.00045888582708368764,0.02915724704177028,0.030995821220361312,0.030142259414225936,0.029648535564853556,0.03112970711297071,1.0,0.015163807204708894,0.2972106212122943,0.03078207467579798,0.030377691715706413,0.02418649222000674,0.2398308522272093,True,True,True,0.008654899994757485,0.004719600222098776,True,6.859885849248456e-08,False,False,False,False
sesgado,300,94,20263822,5,250,75000,0.03,1.0,0.5,0.045,0.01,0.029965615564846063,0.00045817346531896964,0.028757221868810065,0.030612101472714596,0.030142259414225936,0.02915481171548117,0.030635983263598322,1.0,0.015289973413944228,0.2996834789133068,0.03156958415839939,0.030950133493679484,0.02499246565483256,0.24220228581883058,True,True,True,0.0011474630007024444,0.004719600222098776,True,1.1822893808552026e-09,False,False,False,False
sesgado,300,95,20263823,5,250,75000,0.03,1.0,0.5,0.045,0.01,0.030086685113139687,0.0004564335087327985,0.02886158060175891,0.030766969920839382,0.030142259414225936,0.029648535564853556,0.030635983263598322,1.0,0.015170614742581308,0.2973440489545936,0.03227923495390242,0.031664992535989527,0.016384184841741718,0.1608184386433535,True,True,True,0.002881178594907112,0.004719600222098776,True,7.514308840040532e-09,False,False,False,False
sesgado,300,96,20263824,5,250,75000,0.03,1.0,0.5,0.045,0.01,0.029927124541270732,0.0004570149271596379,0.028735617109512904,0.030594559469225274,0.029648535564853556,0.02915481171548117,0.030635983263598322,1.0,0.01527092676509551,0.29931016459587195,0.03163997900764062,0.031057817752400702,0.024583094340664014,0.24251379633099474,True,True,True,0.0024350972519518164,0.011854360711261619,True,5.31083248500101e-09,False,False,False,False
sesgado,300,97,20263825,5,250,75000,0.03,1.0,0.5,0.045,0.01,0.030371742012100886,0.00045956639034332907,0.02920204308739324,0.031066795962124822,0.030142259414225936,0.029648535564853556,0.03112970711297071,1.0,0.01513138068143164,0.2965750613560601,0.031214133919585364,0.030698813291457194,0.02418649222000674,0.23896359263431033,True,True,True,0.01223973297128559,0.004719600222098776,True,1.3819212356081643e-07,False,False,False,False
sesgado,300,98,20263826,5,250,75000,0.03,1.0,0.5,0.045,0.01,0.02973338446134496,0.00045989531768001135,0.028584727844809563,0.030473862941180572,0.029648535564853556,0.02915481171548117,0.030142259414225936,1.0,0.015467304715273857,0.3031591724193676,0.03224154134686667,0.031767912240649704,0.01665717349272091,0.1627293297249649,True,True,True,0.008966874894502935,0.011854360711261619,True,7.108384545231634e-08,False,False,False,False
sesgado,300,99,20263827,5,250,75000,0.03,1.0,0.5,0.045,0.01,0.02988534729638908,0.00045533367881709676,0.028715510831659987,0.030572890035293183,0.029648535564853556,0.02915481171548117,0.030635983263598322,1.0,0.015236017647755855,0.2986259458960147,0.031613737967932404,0.03107508146404602,0.024583094340664014,0.2428528105695117,True,True,True,0.0038364186460288605,0.011854360711261619,True,1.3145242445293316e-08,False,False,False,False
